# Blender 3.6.1
# www.blender.org
mtllib backpack.mtl
o BP_Paratus_3_Day_Body_lod0
v 2.812737 20.254501 -6.231153
v 2.351810 20.459965 -7.136375
v 2.134987 20.489838 -7.105362
v 5.161076 19.244545 -6.065493
v 4.107324 19.969151 -7.922994
v 4.024614 19.881920 -6.102386
v 2.777157 20.349289 -7.983031
v 2.362019 20.429470 -7.938897
v -1.544327 20.468552 -9.298080
v -0.001350 20.312340 -10.364637
v -1.662714 20.306904 -10.487322
v -0.001351 20.504478 -9.308364
v 1.541625 20.468552 -9.298077
v -0.001352 20.536602 -7.928849
v 1.590563 20.483616 -7.908500
v 1.168717 20.442303 -7.123531
v 2.184275 20.434116 -7.932896
v 2.683884 20.212185 -9.279243
v 4.143451 19.617626 -9.337529
v 5.383741 19.252995 -7.884269
v 6.013471 18.228004 -6.004677
v 5.580553 18.101578 -5.574955
v 6.216432 18.018078 -7.809497
v 1.224857 20.345074 -6.125566
v 1.929072 20.254620 -5.939729
v -1.228935 19.879803 -5.567514
v -1.921719 20.254620 -5.939733
v -2.422553 19.808292 -5.560502
v -1.227566 20.345074 -6.125568
v -0.001354 20.395901 -6.126675
v -1.170063 20.442303 -7.123533
v -0.001353 20.486881 -7.082027
v 1.232554 19.879803 -5.567512
v 2.517396 19.808292 -5.560497
v 3.942441 19.494858 -5.567528
v 4.759475 19.057087 -5.579689
v -0.001354 19.847797 -5.611208
v -1.593267 20.483616 -7.908503
v -2.135952 20.489838 -7.105366
v -2.185454 20.434116 -7.932900
v -2.363198 20.429470 -7.938901
v -2.686587 20.102722 -9.277062
v -2.779861 20.349289 -7.983037
v -4.146153 19.617626 -9.337537
v -4.110027 19.969151 -7.923002
v -3.954983 19.881920 -6.102394
v -2.798830 20.254501 -6.231159
v -2.352991 20.459965 -7.136380
v -4.110241 19.393166 -10.394226
v -5.967234 17.374268 -11.318068
v -5.942936 16.397961 -12.860846
v -6.319307 16.405167 -11.273639
v -5.264114 17.583488 -12.976372
v -5.275980 18.333775 -11.352993
v -4.279288 18.841274 -13.070189
v -4.144702 19.230713 -11.367988
v -5.547573 18.675377 -10.401992
v -5.378169 18.925755 -9.379618
v -5.386448 19.252995 -7.884279
v -5.088457 19.244545 -6.065503
v -4.612227 19.057346 -5.579609
v -3.785439 19.494858 -5.567536
v -6.277382 17.759766 -10.306591
v -6.394928 17.846691 -9.361239
v -6.277848 18.040920 -7.815599
v -5.956684 18.228004 -6.004689
v -7.078109 16.516605 -10.024176
v -7.034207 16.590374 -9.306157
v -7.047165 16.608509 -8.418885
v -6.947999 16.581463 -7.622909
v -6.543547 16.612041 -5.913738
v -5.946869 17.022850 -5.464544
v -5.461583 18.101765 -5.574909
v 2.985845 8.155647 -14.130144
v 2.990597 9.045166 -14.590266
v 4.200653 9.052631 -14.002977
v 1.669515 8.211792 -14.325681
v 1.582556 7.478165 -13.811409
v -0.001345 8.272953 -14.508026
v -0.001345 9.106915 -14.962402
v -1.672208 8.211792 -14.325685
v -1.685238 9.079857 -14.839497
v -2.993289 9.045166 -14.590272
v -2.999357 10.571468 -15.045239
v -4.247404 10.558811 -14.465109
v -4.291758 12.231422 -14.822150
v -5.510463 12.190266 -13.623936
v -5.443070 13.779148 -13.786525
v -6.414568 13.766666 -12.645146
v -6.231403 15.237858 -12.776825
v -6.573203 15.244228 -11.190738
v 1.682547 9.079857 -14.839493
v -5.409468 15.177197 -13.858963
v -4.284377 13.817936 -14.961739
v -3.015023 12.285507 -15.417497
v -1.685061 10.589497 -15.516981
v 6.226759 9.054420 -12.220861
v 6.308702 10.574551 -12.389521
v 6.601940 10.587158 -11.022005
v 5.521523 9.017426 -13.295228
v 5.597434 10.564358 -13.489231
v 4.244710 10.558811 -14.465101
v 2.996667 10.571468 -15.045234
v 1.682372 10.589497 -15.516977
v -0.001344 10.583225 -15.594957
v -1.671402 12.288677 -15.916355
v -3.018903 13.878181 -15.517447
v -4.329343 15.311966 -15.053676
v 4.289069 12.231422 -14.822142
v 5.507768 12.190266 -13.623924
v 6.335310 12.221954 -12.509339
v 6.742182 12.243996 -11.118644
v 7.080900 12.214104 -9.993874
v 7.040379 10.567020 -9.904340
v 7.475356 12.231071 -9.831425
v 7.428037 10.610794 -9.396700
v 7.465945 15.326031 -9.931038
v 7.345606 15.305176 -9.116378
v 7.534438 14.849251 -9.772006
v 7.169035 13.772240 -10.060055
v 7.528552 13.886581 -10.075999
v 6.703761 13.782879 -11.185120
v 6.411875 13.766666 -12.645133
v 5.440379 13.779148 -13.786513
v 6.228706 15.237858 -12.776812
v 6.573229 15.244232 -11.190721
v 5.940240 16.396881 -12.914940
v 6.317974 16.405167 -11.273625
v 6.020953 17.022850 -5.464532
v 6.551002 16.612041 -5.913724
v 6.948017 16.581463 -7.622895
v 7.047183 16.608509 -8.418872
v 6.925607 16.870804 -9.367466
v 7.034231 16.590374 -9.306141
v 7.078129 16.516605 -10.024162
v 6.940745 16.844780 -9.553750
v 6.600927 17.338814 -9.946659
v 5.964538 17.374268 -11.318056
v 5.502178 17.253925 -12.935925
v 5.526604 16.762196 -13.039056
v 5.448142 16.703693 -13.173244
v 5.718636 16.013119 -13.358827
v 5.236091 17.582787 -13.011476
v 5.406778 15.177197 -13.858952
v 5.631221 16.080952 -13.512712
v 6.280798 17.852394 -10.241611
v 5.996313 18.252037 -10.358778
v 5.273284 18.333775 -11.352982
v 4.293739 18.700691 -13.023281
v 5.144135 17.219868 -13.253647
v 4.180415 17.874397 -13.954980
v 4.771251 17.155090 -13.869694
v 5.271923 16.868790 -13.363719
v 5.313334 16.146473 -13.874434
v 5.336868 16.737778 -13.355018
v 5.492738 16.267353 -13.414013
v 4.326654 15.311966 -15.053666
v 4.281689 13.817936 -14.961731
v 3.016212 13.878181 -15.517442
v 3.012333 12.285507 -15.417491
v 3.028496 15.533421 -15.572537
v 1.701503 13.935184 -16.191486
v 4.198568 16.635918 -14.744032
v 3.005676 17.069668 -15.255355
v 1.719938 15.753395 -15.902563
v -0.001344 15.883865 -15.831627
v -0.001344 13.983047 -16.132956
v 1.718411 17.520439 -15.435905
v 1.668714 12.288677 -15.916351
v -0.001344 12.327404 -15.839916
v -1.704191 13.935184 -16.191490
v -1.722626 15.753395 -15.902567
v -3.031184 15.533421 -15.572543
v 1.586980 19.128201 -14.268743
v 2.231898 19.006111 -14.233645
v -0.001345 17.592091 -15.407932
v -1.721101 17.520439 -15.435909
v -3.008366 17.069668 -15.255361
v -4.201257 16.635918 -14.744040
v 1.989545 19.555973 -13.550539
v -5.316025 16.146473 -13.874445
v -4.773942 17.155090 -13.869703
v -4.183105 17.874397 -13.954988
v -3.098407 19.240665 -13.733945
v -3.201720 19.465225 -13.176631
v -2.984835 19.630909 -12.518405
v -2.929775 19.700882 -12.207856
v -2.938606 19.761700 -11.935675
v -2.754569 19.902309 -11.322047
v -2.544555 20.185944 -10.428951
v -3.044941 18.734932 -14.197462
v -2.233228 19.006111 -14.233649
v -1.519594 19.232769 -14.311715
v -0.001346 19.201168 -14.309495
v 1.475328 19.881058 -13.050721
v 1.915089 19.819180 -12.907905
v 1.911904 19.900414 -12.630856
v 1.771641 19.904480 -12.395912
v 1.753461 20.014671 -11.991821
v 1.424746 20.136425 -11.395484
v 1.729735 20.099834 -11.679541
v 1.662737 20.306904 -10.487318
v -1.478022 19.881058 -13.050725
v -0.001347 19.999447 -13.046465
v -0.001349 20.172913 -11.416342
v -1.427444 20.136425 -11.395486
v -1.729707 20.099834 -11.679544
v -1.753434 20.014671 -11.991825
v -1.771614 19.904480 -12.395916
v -1.911876 19.900414 -12.630856
v -1.915061 19.819180 -12.907908
v -1.989513 19.555973 -13.550539
v 2.544580 20.185944 -10.428943
v 4.107541 19.393166 -10.394218
v 2.754594 19.902309 -11.322037
v 4.142003 19.230713 -11.367980
v 2.938633 19.761700 -11.935669
v 2.933749 19.701294 -12.203876
v 2.984864 19.630909 -12.518399
v 3.201749 19.465225 -13.176625
v 3.098439 19.240665 -13.733939
v 3.044973 18.734932 -14.197456
v 5.375469 18.925755 -9.379606
v 5.544876 18.675377 -10.401980
v 6.392229 17.846691 -9.361226
v 6.619185 17.418343 -9.717905
v 6.441967 17.869492 -9.769012
v 6.297244 18.092442 -9.885611
v 5.904259 18.352249 -10.186973
v 6.922207 15.190495 -6.221965
v 7.279206 15.437000 -7.489387
v 6.774909 15.662518 -5.845192
v 6.779968 14.867043 -5.704381
v 6.323934 15.168560 -5.302650
v 6.281853 14.018307 -5.184396
v 6.886070 14.052635 -5.076063
v 6.956719 12.627789 -4.889760
v 6.284954 12.627232 -5.065147
v 6.278251 11.040825 -4.964781
v 6.933710 10.969646 -4.920993
v 6.266225 9.478291 -4.818243
v 6.969202 9.428143 -5.005745
v 6.261563 8.424656 -4.754088
v 7.004625 8.580051 -5.220160
v 6.283288 7.189278 -4.678780
v 7.021137 8.009281 -5.638430
v 6.792608 7.064487 -5.475013
v 7.129173 6.953945 -7.379429
v 6.936717 6.731747 -6.280571
v 7.192064 7.690220 -7.405711
v 7.075700 6.990742 -8.643018
v 7.266106 7.776360 -8.373025
v 7.313507 7.951077 -8.719320
v 7.131042 6.676517 -7.403692
v 7.096953 6.754375 -7.969451
v 7.055597 6.713329 -8.290804
v 7.040323 6.693192 -8.621062
v 7.039870 6.615658 -8.847524
v 7.056911 6.675697 -9.124671
v 6.914877 7.050972 -9.744745
v 6.933601 7.972729 -9.786762
v 7.294747 8.391891 -8.856718
v 7.014368 9.110069 -9.903301
v 7.312539 9.131313 -9.110529
v 6.508584 9.101200 -10.908751
v 6.897573 6.524284 -9.796533
v 6.507572 6.405212 -10.263932
v 6.496317 5.431087 -10.205724
v 6.191016 5.820625 -10.496788
v 6.046855 7.123676 -10.688304
v 6.379762 8.029110 -10.825219
v 6.015070 8.009834 -12.053512
v 5.193977 8.082947 -12.956351
v 4.140930 8.150223 -13.585548
v 2.820504 7.446903 -13.449406
v 1.497283 7.134403 -13.273272
v -0.001346 7.470268 -13.967165
v 5.211899 6.090645 -11.003488
v 2.595279 7.122738 -12.838827
v 3.621660 7.141464 -12.483299
v 5.558401 7.253307 -11.786168
v 5.184759 6.885017 -11.037632
v 4.587407 6.943150 -11.156053
v 4.233997 6.027752 -11.103297
v 3.953897 7.010708 -11.535413
v 4.883781 7.354252 -12.633410
v 3.946853 7.425110 -13.135089
v -0.001347 7.130905 -13.424436
v -1.499978 7.134403 -13.273275
v -1.585249 7.427883 -13.810408
v -2.823198 7.446903 -13.449411
v -2.988537 8.155647 -14.130150
v -4.143623 8.150223 -13.585556
v -4.203344 9.052631 -14.002985
v -5.196674 8.082947 -12.956361
v -5.524216 9.017426 -13.295239
v -6.229453 9.054420 -12.220875
v -6.311400 10.574551 -12.389534
v -6.604637 10.587158 -11.022018
v -6.744882 12.243996 -11.118657
v -7.083602 12.214104 -9.993887
v -7.171737 13.772240 -10.060070
v -7.478055 12.231071 -9.831440
v -7.531250 13.886581 -10.076015
v -7.537138 14.849251 -9.772021
v -7.465918 15.326031 -9.931057
v -7.345584 15.305176 -9.116396
v -6.706462 13.782879 -11.185133
v -6.338004 12.221954 -12.509353
v -5.600126 10.564358 -13.489243
v 5.510200 10.650963 4.328238
v 5.779072 10.924644 3.826166
v 5.773896 10.799232 4.052426
v 5.631925 10.434757 3.903812
v 6.403290 5.207798 -1.158249
v 6.134200 4.144348 -2.578034
v 6.324574 4.484325 -1.362296
v 6.467008 4.555420 -0.623818
v 6.329256 6.349716 0.293509
v 6.292122 5.741116 0.829270
v 6.155099 7.640995 1.695447
v 5.992831 7.065056 2.173659
v 5.908947 8.863312 2.855948
v 5.646896 8.416134 3.382317
v 5.272346 9.824028 4.369958
v 5.711613 10.051662 3.813931
v 5.229158 10.214752 4.521339
v 5.140506 10.531769 4.650227
v 4.993006 10.645432 4.662723
v 5.166585 18.606346 -4.117596
v 4.999530 18.003128 -4.380535
v 4.975717 18.165936 -4.575096
v 5.691947 18.074894 1.655774
v 5.675742 18.424770 0.803263
v 5.701458 18.597115 0.918375
v 5.710889 19.008831 -0.027247
v 5.670522 18.803894 -0.099520
v 5.631569 19.019730 -0.990198
v 4.200802 19.379318 -0.785938
v 3.955322 19.590187 -2.000440
v 2.774720 19.618916 -0.654648
v 2.593079 19.945564 -1.765341
v 3.877854 19.332111 -3.019558
v 5.514639 19.148373 -2.229707
v 5.307852 18.811241 -3.314202
v 5.361316 19.083103 -3.358474
v 5.154242 18.426250 -4.005497
v 3.728455 18.807835 -3.792378
v 3.429171 18.439335 -4.118634
v 2.084036 19.509624 -3.312640
v 2.362790 19.888939 -2.604879
v 1.875050 18.907677 -3.819489
v 5.686531 19.263515 -0.962493
v 5.554774 19.425674 -2.231964
v 4.903770 17.676994 -4.884950
v 4.979179 17.411083 -4.795054
v 3.325503 17.428734 -4.674178
v 1.359333 17.461475 -4.761162
v 1.355825 17.735538 -4.826033
v 1.900691 19.135685 -3.934997
v 2.145693 19.737961 -3.376726
v 2.453160 20.079754 -2.626340
v 2.671023 20.121361 -1.748387
v 2.859422 19.761559 -0.613361
v 2.881930 19.229057 0.164058
v 3.090704 17.634129 2.843843
v 3.065143 18.310734 1.981973
v 2.987171 18.191311 1.903846
v 2.956413 18.748722 1.076952
v 3.043371 18.882736 1.120789
v 2.967685 19.365185 0.205060
v 5.654580 17.920399 1.529789
v 4.482419 18.080780 1.572821
v 4.522985 18.630253 0.814607
v 5.619698 17.323475 2.233739
v 4.426269 17.451550 2.328851
v 5.579279 16.484272 2.899268
v 4.264880 16.495613 3.161291
v 4.245141 15.583714 3.895444
v 3.054616 15.515324 4.122799
v 2.998833 16.566242 3.491585
v 3.097467 16.632549 3.603741
v 3.021339 17.530842 2.731841
v 4.379695 19.019905 -0.008875
v 5.483094 15.629833 3.361741
v 3.138695 15.550346 4.225570
v 3.226949 14.567413 4.677438
v 5.669549 17.459023 2.371264
v 5.604411 16.539516 3.107934
v 5.537855 15.649422 3.587203
v 5.416767 14.807312 3.699988
v 4.372491 14.747547 4.241213
v 3.153296 14.558311 4.577314
v 5.497714 14.806049 3.891093
v 5.528279 14.085880 3.922482
v 5.572701 12.373951 3.573140
v 5.551961 13.363361 3.861758
v 5.696162 12.366421 3.689795
v 5.432826 13.413368 3.738302
v 5.443194 14.111019 3.777093
v 4.490647 13.944984 4.202513
v 3.286184 13.785080 4.750466
v 4.706779 13.010662 4.317241
v 3.662876 12.564835 4.879837
v 4.029246 11.527191 4.713196
v 4.878378 12.070206 4.121042
v 4.959424 11.316978 4.212792
v 5.800992 11.554729 3.409796
v 5.579065 10.983822 3.677429
v 5.224507 10.702824 4.131792
v 4.754965 10.700191 4.399614
v 4.354525 10.848606 4.613604
v 3.375982 13.753437 4.879393
v 3.713230 12.551033 5.038053
v 4.079939 11.518318 4.885978
v 4.438036 10.828808 4.779457
v 4.823030 10.687778 4.535289
v 5.361684 10.680695 4.227061
v 5.677141 10.991108 3.710627
v 5.878870 11.543114 3.498873
v 5.934980 10.017895 3.976553
v 5.859941 10.041534 3.916392
v 5.830391 10.409843 4.012252
v 5.489907 9.792538 4.514063
v 5.421965 9.809082 4.452334
v 5.331313 10.139000 4.589965
v 5.810852 10.816059 4.144972
v 5.606551 11.132381 4.127281
v 5.080714 10.855522 4.733306
v 5.266068 10.527439 4.754212
v 5.368986 10.208313 4.661234
v 5.866063 10.473583 4.087978
v 6.075038 8.875092 3.005145
v 5.849336 8.338387 3.404726
v 6.328805 7.626595 1.818128
v 6.199461 7.005466 2.189418
v 6.517817 6.317814 0.367078
v 6.504834 5.705620 0.829917
v 6.678811 4.540733 -0.644107
v 6.616003 5.173218 -1.146915
v 6.551457 4.464264 -1.285277
v 6.392693 4.198849 -2.544829
v -5.682240 10.799297 4.055772
v -5.445406 10.651028 4.331399
v -5.532341 10.434811 3.906404
v -5.677141 10.924698 3.828795
v -4.989267 10.645073 4.644932
v -5.111537 10.531822 4.652807
v -5.185812 10.214809 4.524114
v -5.214810 9.824081 4.372651
v -5.597921 10.051682 3.816536
v -5.849544 8.862091 2.855517
v -5.624843 8.414711 3.382852
v -5.976235 7.056599 2.173639
v -6.118166 7.634365 1.695210
v -6.190770 5.731415 0.829961
v -6.226677 6.342224 0.293974
v -6.360518 4.636658 -0.661227
v -6.297531 5.206402 -1.158151
v -6.311430 4.190929 -1.327629
v -6.086507 4.144516 -2.569625
v -6.500993 4.275780 -1.248875
v -5.362731 9.809147 4.455616
v -5.818119 8.336571 3.405782
v -5.744597 10.041607 3.919912
v -6.011382 8.873844 3.005654
v -6.283756 7.619091 1.818232
v -6.410699 6.309139 0.367668
v -6.509970 5.171635 -1.146818
v -6.343215 4.198978 -2.536425
v -6.572493 4.621826 -0.681533
v -6.402382 5.694847 0.830657
v -6.177215 6.995720 2.189684
v -5.819608 10.017975 3.980605
v -5.727022 10.409916 4.015899
v -5.431933 9.792610 4.517660
v -5.287653 10.139061 4.593122
v -5.329266 10.208378 4.664552
v -5.239033 10.527500 4.757174
v -5.061273 10.855568 4.735654
v -5.723505 10.816132 4.148683
v -5.533144 11.132439 4.130021
v -5.766851 10.473663 4.091972
v 3.749619 12.103523 5.451733
v 4.297938 12.098667 5.131310
v 4.316616 12.122597 5.227981
v 3.844300 12.352779 5.602268
v 4.114897 12.915012 5.338964
v 3.816989 12.920887 5.496568
v 4.112999 12.358097 5.428288
v 3.828763 12.124016 5.547425
v 3.503345 12.086761 5.555785
v 4.298541 13.070377 5.044303
v 3.765197 13.105629 5.396316
v 3.494951 12.898899 5.552888
v 3.530735 12.336529 5.663727
v 3.208225 12.102734 5.664880
v 3.122837 12.197758 5.623037
v 3.317912 12.180058 5.490256
v 3.096709 12.191910 5.486632
v 2.487401 12.167213 5.567545
v 2.514729 12.170372 5.694379
v 1.828621 12.135738 5.714129
v 1.816758 12.946304 5.628615
v 1.230669 12.943203 5.718564
v 3.170008 13.092419 5.523082
v 3.083529 13.003098 5.469100
v 1.213216 12.137276 5.789408
v 1.148197 13.002537 5.763503
v 4.243569 13.059616 4.964438
v 3.725066 13.080830 5.293196
v 3.413857 13.085918 5.420783
v 3.283000 12.986946 5.342198
v 3.031064 12.974293 5.364585
v 2.420224 12.961422 5.471849
v 2.455019 12.974709 5.569633
v 1.800043 12.948856 5.537357
v 1.229768 12.958977 5.629638
v 1.800838 12.138168 5.596393
v 1.185945 12.141144 5.682753
v 1.121362 12.084824 5.830974
v 0.939205 12.026802 5.848063
v 0.965237 13.071564 5.748318
v 0.709313 12.073689 5.848405
v 0.725569 13.027229 5.748746
v 0.615344 12.171154 5.844045
v 0.670329 12.055458 5.585975
v 0.567727 12.139454 5.588954
v 1.092967 12.048580 5.610175
v 0.864015 12.004986 5.597850
v 1.146492 12.996716 5.512423
v 0.971817 13.055309 5.481898
v 0.717768 13.015388 5.478501
v 0.620300 12.932411 5.760301
v 0.340935 12.161499 5.786203
v 0.315429 12.115162 5.527711
v 0.061934 12.191132 5.799558
v 0.047578 12.105343 5.541100
v -0.099512 12.038898 5.608148
v -0.049004 12.071068 5.857161
v -0.320718 12.045372 5.875112
v -0.316490 13.088772 5.764299
v 0.324050 12.952408 5.698699
v -0.545969 13.075268 5.723734
v -0.553090 13.068642 5.587502
v -0.861282 13.002831 5.632443
v -0.325389 13.083817 5.506857
v -0.024313 13.056583 5.748322
v 0.066188 12.962311 5.704234
v 0.085148 12.924423 5.421345
v 0.324816 12.941204 5.423255
v 0.608550 12.907669 5.474179
v -0.019878 13.027351 5.487766
v -0.347123 12.016029 5.620079
v -0.557859 12.066673 5.828744
v -0.574575 12.051750 5.685619
v -0.834272 12.117744 5.706905
v -0.853717 12.999123 5.769335
v -0.950135 12.956707 5.666943
v -0.980441 12.956253 5.747333
v -1.617670 12.951679 5.580727
v -1.639836 12.955410 5.680959
v -2.314429 12.947975 5.498626
v -2.325583 12.962093 5.617723
v -2.990705 12.968853 5.416366
v -2.990683 12.991119 5.554829
v -3.211380 12.965599 5.369569
v -3.394125 13.058510 5.415277
v -3.111500 13.096027 5.606226
v -3.719200 13.087261 5.447158
v -3.453768 12.917503 5.587070
v -3.784894 12.915424 5.495665
v -2.441710 12.140522 5.756608
v -1.679413 12.143723 5.758362
v -3.040897 12.149864 5.721514
v -3.151112 12.103672 5.816687
v -4.153335 13.033302 5.054488
v -4.187981 13.044605 5.106273
v -3.652612 13.082909 5.378691
v -3.380403 12.076763 5.650336
v -3.293375 12.155666 5.584573
v -2.986573 12.150188 5.639894
v -2.408299 12.141373 5.679522
v -1.667314 12.146271 5.685173
v -0.969462 12.167072 5.724543
v -0.965979 12.165134 5.798807
v -0.848451 12.144043 5.848187
v -3.503816 12.281441 5.744668
v -3.765990 12.080387 5.597778
v -3.746360 12.067112 5.546768
v -4.207760 12.062824 5.309916
v -4.182013 12.043507 5.243654
v -3.824301 12.282219 5.627003
v -4.072227 12.260189 5.450917
v -4.032188 12.895737 5.307962
v 2.394516 20.354469 -5.187404
v 2.742514 20.350689 -6.187240
v 1.954606 20.378155 -5.909987
v 3.094538 20.245335 -5.678925
v 2.793364 20.390450 -4.535892
v 3.587775 20.178719 -4.966468
v 4.010944 20.223011 -4.191805
v 3.137763 20.440983 -3.855454
v 3.413740 20.469849 -3.101632
v 4.453835 20.243092 -3.273076
v 4.831447 20.209179 -1.782422
v 4.782718 19.989182 -1.899375
v 4.434432 19.861828 -3.160867
v 4.023847 20.145718 -4.185312
v 3.583355 20.070847 -4.971322
v 3.114982 20.134003 -5.696303
v 2.371255 20.250443 -5.196616
v 2.768595 20.311771 -4.522930
v 3.106606 20.339725 -3.891976
v 3.374781 20.344688 -3.177606
v 3.693709 20.469025 -1.612253
v 4.848495 20.146358 -1.285144
v 4.860309 19.917393 -1.192019
v 4.270233 20.044151 -1.050750
v 3.754074 20.343655 -1.140731
v 3.651189 20.119793 -1.136069
v 3.539942 20.252674 -1.907776
v 3.358081 20.176273 -3.195347
v -5.576170 18.900661 -2.207256
v -5.605496 19.139874 -2.207861
v -5.417474 19.007172 -3.178672
v -5.671227 19.176838 -0.958171
v -4.038023 19.453705 -1.910153
v -5.616579 18.932743 -0.986231
v -5.719984 19.008541 -0.027003
v -5.029657 18.016243 -4.317137
v -5.005843 18.179047 -4.511701
v -4.805897 17.679661 -4.884050
v -5.253123 18.602917 -4.036690
v -5.240746 18.422787 -3.924589
v -5.374782 18.773178 -3.136290
v -3.878554 19.455154 -3.090172
v -2.581444 19.900394 -1.779389
v -2.773324 19.618916 -0.654646
v -4.202150 19.378941 -0.786233
v -5.679775 18.803638 -0.099284
v -5.690390 18.424450 0.803669
v -5.716107 18.596756 0.918789
v -5.709681 18.074532 1.656262
v -3.654019 18.939701 -3.702849
v -2.367229 19.857761 -2.844975
v -4.882763 17.414085 -4.793987
v -3.401461 18.304783 -4.235809
v -2.091587 19.369789 -3.614735
v -2.153057 19.598129 -3.678825
v -2.457519 20.048573 -2.866437
v -2.659449 20.076183 -1.762436
v -2.858298 19.761559 -0.613357
v -2.879488 19.228645 0.163554
v -4.383116 19.019234 -0.009255
v -4.529069 18.629517 0.814329
v -5.672132 17.920044 1.530270
v -4.489317 18.079964 1.572549
v -1.900683 18.846737 -4.235821
v -1.875042 18.618729 -4.120313
v -3.279954 17.428768 -4.674134
v -1.356917 17.735500 -4.826043
v -1.360868 17.461403 -4.761186
v -5.636604 17.323151 2.234089
v -4.432455 17.450771 2.328361
v -5.592250 16.484051 2.899153
v -4.268112 16.494904 3.160423
v -4.245770 15.583332 3.894882
v -3.051911 15.515209 4.122623
v -2.993304 16.565521 3.490551
v -3.092307 16.631756 3.602651
v -3.085322 17.600464 2.821981
v -3.015554 17.497330 2.710086
v -2.982017 18.190292 1.902600
v -2.952603 18.747822 1.075923
v -5.488876 15.629753 3.361564
v -3.060521 18.309681 1.980720
v -3.040146 18.881866 1.119770
v -2.965687 19.364735 0.204553
v -3.135989 15.550194 4.225365
v -3.229620 14.567455 4.677454
v -5.687047 17.458698 2.371525
v -5.617592 16.539291 3.107661
v -5.543592 15.649342 3.586982
v -5.415535 14.807236 3.699913
v -4.372506 14.747433 4.241082
v -3.156084 14.558311 4.577329
v -3.297055 13.785084 4.750563
v -3.387129 13.753441 4.879505
v -3.685588 12.564842 4.880219
v -3.737570 12.551041 5.038449
v -4.038490 11.528343 4.770784
v -5.496515 14.806015 3.891057
v -5.517934 14.085850 3.922686
v -5.433051 14.111019 3.777200
v -4.488918 13.944988 4.202634
v -4.698647 13.010674 4.317713
v -4.850963 12.070221 4.121865
v -4.922097 11.317009 4.214158
v -5.512341 12.373966 3.573852
v -5.698457 11.554752 3.410900
v -5.481137 10.983852 3.679012
v -5.162545 10.702862 4.133766
v -4.745257 10.700462 4.413257
v -4.422553 10.849037 4.635265
v -5.408482 13.413372 3.738646
v -4.135937 11.519653 4.952900
v -4.507937 10.828934 4.785747
v -4.858649 10.687687 4.530666
v -5.298001 10.680748 4.229578
v -5.575978 10.991150 3.712563
v -5.775808 11.543148 3.500426
v -5.634670 12.366478 3.690893
v -5.526105 13.363369 3.862293
v -3.338660 20.273636 -3.313620
v -4.414731 19.959259 -3.279160
v -3.338338 20.316814 -3.248510
v -4.093200 19.951405 -4.129346
v -3.073026 20.269321 -3.958685
v -2.781450 20.218723 -4.642010
v -3.640393 19.944992 -4.991715
v -3.130058 20.087864 -5.729084
v -2.373626 20.203621 -5.296890
v -4.636137 10.807415 4.904039
v -4.504438 14.671776 4.530300
v -3.310457 14.577209 4.786394
v -3.226392 15.586746 4.338064
v -4.674399 13.882435 4.707487
v -3.477488 13.721138 5.005252
v -4.846273 13.145554 4.751275
v -3.687078 12.945412 5.149405
v -3.794481 12.868130 5.305625
v -3.924778 12.520409 5.348973
v -4.997118 12.447762 4.751656
v -5.684422 13.302902 4.027660
v -5.774467 12.349979 3.813759
v -5.072914 11.928047 4.669632
v -4.306200 11.486614 5.091251
v -5.614936 14.061150 4.119099
v -3.999150 12.127483 5.207191
v -4.078102 12.178230 5.367580
v -5.884367 11.526375 3.642692
v -5.596625 14.798496 4.098548
v -4.432777 15.667866 4.156553
v -3.191105 16.696796 3.714206
v -3.212792 17.701687 2.939453
v -5.725475 18.225452 1.783850
v -5.692529 17.591602 2.514775
v -4.503136 18.387939 2.028306
v -4.485371 17.707283 2.818002
v -3.167726 18.427723 2.063418
v -4.483179 16.720634 3.610636
v -5.601415 15.666260 3.809257
v -5.644790 16.592945 3.314109
v -3.127498 19.014366 1.165318
v -4.505240 18.973724 1.243632
v -5.743810 18.764214 1.032643
v -5.761476 19.207077 0.043459
v -5.726450 19.413807 -0.932662
v -5.644619 19.412617 -2.209693
v -5.469687 19.278908 -3.221958
v -2.584773 19.338558 -4.275243
v -2.981772 18.278706 -4.931198
v -3.901034 18.872925 -4.568035
v -3.164618 20.083073 -3.607581
v -2.222666 19.810673 -3.737870
v -2.550452 20.231750 -2.883125
v -2.737628 20.246986 -1.744773
v -2.943690 19.900345 -0.571825
v -3.052030 19.498268 0.246760
v -4.421342 19.448772 0.263146
v -4.302827 19.815861 -0.661732
v -4.860987 19.802265 -1.176651
v -4.750611 19.871876 -1.888081
v -5.250346 18.857738 -4.129183
v -3.936505 19.666931 -3.872507
v -3.507635 20.135365 -1.896485
v -3.651200 20.003078 -1.122896
v -4.987682 18.341831 -4.705624
v -4.736977 17.944946 -4.973742
v -4.270529 19.928490 -1.036114
v -1.351035 18.009678 -4.890584
v -1.924773 19.074814 -4.351606
v 5.711812 13.302883 4.026825
v 5.625093 14.061142 4.118780
v 4.674312 13.882431 4.707239
v 4.848541 13.145538 4.750642
v 3.465981 13.721138 5.005129
v 3.665837 12.945404 5.149119
v 5.674843 17.591972 2.514641
v 4.478710 17.708107 2.818766
v 4.478565 16.721241 3.611627
v 5.631451 16.593174 3.314570
v 5.595808 15.666340 3.809525
v 5.597824 14.798496 4.098540
v 4.504339 14.671818 4.530334
v 3.307897 14.577209 4.786375
v 3.897260 12.520401 5.348569
v 3.970705 12.127472 5.206618
v 3.229084 15.586895 4.338295
v 3.171616 18.428810 2.064667
v 3.217319 17.735497 2.961411
v 3.195857 16.697594 3.715341
v 4.431823 15.668205 4.157109
v 4.047416 12.178219 5.367044
v 5.004896 12.447735 4.750467
v 3.771311 12.868122 5.305321
v 1.351372 18.009716 -4.890585
v 1.924781 19.363762 -4.050783
v 2.215508 19.950504 -3.435771
v 2.546174 20.262932 -2.643027
v 2.749134 20.292160 -1.730724
v 2.944542 19.900345 -0.571832
v 3.053602 19.498722 0.247264
v 3.130150 19.015236 1.166316
v 4.496848 18.388794 2.028641
v 5.413437 19.354874 -3.401765
v 5.163682 18.861160 -4.210089
v 4.957561 18.328716 -4.769017
v 4.833415 17.942760 -4.974472
v 3.901043 18.872925 -4.568027
v 3.046952 18.278263 -4.931316
v 2.584781 19.338558 -4.275239
v 3.158884 19.863712 -3.722359
v 3.917202 19.584927 -3.871806
v 5.595016 19.646297 -2.258791
v 5.707933 18.225845 1.783360
v 4.499881 18.974541 1.243965
v 4.418314 19.449406 0.263528
v 4.301641 19.816200 -0.661484
v 5.742155 19.500340 -0.937219
v 5.752727 19.207325 0.043215
v 5.729339 18.764576 1.032230
v -4.848948 20.030632 -1.270556
v -3.754116 20.226898 -1.127567
v -3.661421 20.351715 -1.600964
v -2.742502 20.350689 -6.187246
v -1.954594 20.378155 -5.909991
v -2.397021 20.307102 -5.283663
v -2.805659 20.290646 -4.644856
v -3.104114 20.370548 -3.922157
v -3.377053 20.453773 -3.174949
v -4.799340 20.091873 -1.771124
v -3.109638 20.200451 -5.711509
v -3.644814 20.054237 -4.982983
v -4.090576 20.068939 -4.138451
v -4.408153 20.179951 -3.343017
v -7.096937 6.754375 -7.969465
v -7.358690 6.695168 -7.448355
v -7.131027 6.676517 -7.403710
v -6.949307 5.545605 -8.584496
v -7.250808 5.581841 -8.802465
v -6.943821 5.589195 -8.802829
v -7.265684 5.532211 -8.590214
v -7.274944 5.546165 -8.241571
v -6.950897 5.584690 -8.280375
v -6.939098 5.579941 -7.941623
v -7.274437 5.526917 -7.945281
v -6.929718 5.668896 -7.342275
v -7.324743 5.670082 -7.393527
v -7.197777 5.726746 -7.239116
v -7.248125 6.667118 -7.314406
v -7.193039 5.788593 -6.298279
v -7.155418 6.698475 -6.349037
v -6.937610 6.731747 -6.280585
v -7.382730 6.756943 -7.993763
v -6.988594 5.785084 -6.241894
v -7.376357 6.697689 -8.298244
v -7.342332 6.667427 -8.652580
v -7.343785 6.593880 -8.869514
v -7.348734 6.646164 -9.168101
v -7.284321 5.491978 -9.080783
v -7.263599 6.478058 -9.837326
v -7.169538 5.472881 -9.760443
v -6.508232 6.405212 -10.263950
v -6.496974 5.431087 -10.205737
v -6.795103 5.492710 -9.738373
v -6.928204 5.502975 -9.077256
v -7.055581 6.713329 -8.290817
v -7.040301 6.693192 -8.621078
v -7.039848 6.615658 -8.847537
v -7.056890 6.675697 -9.124684
v -6.898229 6.524284 -9.796546
v -8.555762 12.162380 -10.282557
v -8.486854 12.057507 -10.114820
v -8.908936 12.086746 -10.089676
v -8.890346 12.221741 -10.225077
v -8.886299 12.308331 -10.097694
v -8.866476 11.973660 -10.383080
v -8.592864 11.950878 -10.410547
v -8.899573 11.660976 -10.457464
v -8.627828 11.654751 -10.488905
v -8.906206 11.431900 -10.424707
v -8.623814 11.363033 -10.465848
v -8.586291 11.259731 -10.326458
v -8.835892 11.333412 -10.307493
v -8.854651 11.692783 -10.581828
v -8.895872 11.395248 -10.560705
v -9.088423 11.289234 -10.562680
v -8.910162 10.994141 -10.254030
v -8.623895 10.908997 -10.310555
v -8.754457 10.674084 -10.227489
v -8.869769 11.279675 -10.704259
v -8.850884 10.692150 -10.669641
v -8.983260 10.696846 -10.532240
v -8.598770 11.230659 -10.606571
v -8.658566 11.358696 -10.568851
v -8.630737 11.681873 -10.588212
v -8.580824 12.093666 -10.443269
v -8.848795 12.089912 -10.465385
v -8.552782 12.309055 -10.277008
v -8.855178 12.364452 -10.237444
v -8.507869 12.709766 -10.261067
v -8.830727 12.729710 -10.224480
v -8.834972 12.761879 -10.091455
v -8.488402 12.299728 -10.121161
v -8.491787 12.749508 -10.124932
v -8.492423 11.156021 -10.441562
v -8.650210 10.737251 -10.543281
v -8.729826 10.559067 -10.405522
v -8.735568 10.555828 -10.208486
v -8.823605 10.052956 -10.322545
v -8.991667 10.034683 -10.415502
v -8.801199 10.622093 -10.494254
v -9.044847 10.141609 -10.531947
v -9.129910 10.161934 -10.428138
v -9.237793 9.924839 -10.708475
v -9.112675 9.816120 -10.652217
v -9.159247 9.787891 -10.525334
v -9.357093 9.884521 -10.615850
v -9.135831 10.048870 -10.377553
v -8.895459 10.667149 -10.455054
v -8.835462 10.740013 -10.259340
v -8.821099 10.565933 -10.212996
v -9.066878 10.050426 -10.202024
v -4.979311 3.313751 -14.318089
v -4.872420 3.236652 -14.136127
v -5.340575 3.202812 -14.144441
v -5.193092 2.552265 -14.571658
v -5.215053 2.459385 -14.405931
v -4.956714 2.400517 -14.315617
v -4.957615 2.481476 -14.488378
v -4.936241 2.895569 -14.513633
v -5.215317 2.907524 -14.582065
v -4.971614 3.190521 -14.421000
v -5.260530 3.226257 -14.426166
v -5.222941 3.299709 -14.295271
v -5.250497 3.903721 -14.224511
v -5.285448 3.981216 -14.103022
v -4.971445 3.908588 -14.260923
v -4.939845 3.975109 -14.099329
v -4.976787 3.551498 -14.290469
v -4.964488 3.331944 -14.468265
v -5.257843 3.543243 -14.302423
v -5.236928 3.348949 -14.497523
v -5.176573 2.940765 -14.655284
v -5.164708 2.549961 -14.685317
v -5.279490 2.425869 -14.814759
v -5.320326 2.137539 -14.368122
v -5.004023 2.027687 -14.311326
v -5.172894 1.798367 -14.338912
v -4.912502 2.919979 -14.618049
v -4.892757 2.497978 -14.611014
v -5.061805 2.460945 -14.852927
v -4.824091 2.365376 -14.648799
v -5.075090 1.814690 -14.800216
v -4.931156 1.836998 -14.532605
v -5.105048 1.750580 -14.599793
v -4.812462 2.232643 -14.372641
v -5.092224 1.698154 -14.484984
v -5.161188 1.398594 -14.515746
v -5.220438 1.232136 -14.726566
v -5.238455 1.084419 -14.629722
v -5.138550 0.833893 -14.849281
v -5.195307 0.915890 -15.003436
v -5.351809 0.792473 -14.802437
v -5.400590 0.897835 -15.021185
v -5.202743 1.596809 -14.302725
v -5.251255 1.096775 -14.423842
v -5.346107 1.261921 -14.722328
v -5.391658 1.063454 -14.662596
v -5.475368 1.127518 -14.458005
v -5.366082 1.644634 -14.305204
v -5.286824 1.887249 -14.371268
v -5.369149 2.015186 -14.577957
v -5.219025 1.893524 -14.786674
v -5.219081 1.784348 -14.596740
v -2.004381 19.895744 -13.575664
v -1.958559 20.131924 -12.664864
v -1.948414 20.055561 -12.941687
v -2.921482 20.036263 -12.557667
v -3.034394 19.962490 -12.778345
v -3.193587 19.777233 -13.318620
v -3.122679 19.505619 -13.948968
v -2.230287 19.629223 -14.123974
v -2.602185 20.379627 -10.553220
v -1.757406 20.504555 -11.243940
v -2.751731 20.389904 -11.127383
v -1.823315 20.297394 -12.098204
v -2.921502 20.188526 -11.944515
v -1.775648 20.253662 -12.283226
v -2.994941 20.134892 -12.127811
v -1.836167 20.209892 -12.468249
v -2.980381 20.081295 -12.311106
v -1.690518 20.445183 -10.604092
v -7.583861 16.471107 -9.696911
v -6.841505 15.385960 -11.058963
v -7.774845 15.487274 -9.621964
v -6.655429 16.355553 -11.064009
v -7.316465 16.569317 -8.713682
v -7.295753 16.667679 -8.210700
v -7.382088 16.542568 -9.218092
v -7.528242 15.477200 -9.113088
v -7.463436 15.477455 -8.617808
v -7.318823 15.359436 -8.446918
v -7.439946 15.492161 -8.122819
v -7.280547 15.437000 -7.489405
v -7.392964 15.616783 -7.522929
v -7.171043 15.662891 -6.261127
v -6.987421 16.645672 -6.345036
v -6.774893 15.662518 -5.845206
v -7.254327 16.598362 -7.587620
v 7.274963 5.546165 -8.241552
v 6.950232 5.584690 -8.280361
v 6.948644 5.545605 -8.584483
v 6.938434 5.579941 -7.941609
v 7.274456 5.526917 -7.945263
v 6.929055 5.668896 -7.342261
v 7.376377 6.697689 -8.298225
v 7.382748 6.756943 -7.993745
v 7.324759 5.670082 -7.393513
v 7.197795 5.726746 -7.239098
v 7.358710 6.695168 -7.448337
v 7.248143 6.667118 -7.314392
v 7.193051 5.788593 -6.298261
v 6.987930 5.785084 -6.241880
v 7.155433 6.698475 -6.349020
v 7.342354 6.667427 -8.652565
v 7.343807 6.593880 -8.869498
v 7.348752 6.646164 -9.168086
v 7.263623 6.478058 -9.837311
v 7.169560 5.472881 -9.760425
v 6.794446 5.492710 -9.738359
v 7.284343 5.491978 -9.080764
v 6.927545 5.502975 -9.077239
v 6.943161 5.589195 -8.802815
v 7.250830 5.581841 -8.802446
v 7.265705 5.532211 -8.590195
v 5.475403 1.127518 -14.457990
v 5.391691 1.063454 -14.662579
v 5.366114 1.644634 -14.305189
v 5.219114 1.784348 -14.596726
v 5.286860 1.887249 -14.371252
v 5.369186 2.015186 -14.577946
v 5.219059 1.893524 -14.786664
v 5.346144 1.261921 -14.722317
v 5.195340 0.915890 -15.003424
v 5.400624 0.897835 -15.021170
v 5.351844 0.792473 -14.802425
v 5.238492 1.084419 -14.629708
v 5.251287 1.096775 -14.423827
v 5.202779 1.596809 -14.302715
v 5.172930 1.798367 -14.338900
v 5.320361 2.137539 -14.368111
v 5.279528 2.425869 -14.814745
v 5.075124 1.814690 -14.800202
v 5.105086 1.750580 -14.599778
v 5.220472 1.232136 -14.726557
v 4.931187 1.836998 -14.532592
v 5.138584 0.833893 -14.849272
v 4.912539 2.919979 -14.618035
v 4.971646 3.190521 -14.420990
v 4.964523 3.331944 -14.468251
v 4.936276 2.895569 -14.513619
v 4.892794 2.497978 -14.611005
v 4.957650 2.481476 -14.488364
v 4.824124 2.365376 -14.648787
v 4.956749 2.400517 -14.315603
v 4.812497 2.232643 -14.372627
v 5.004056 2.027687 -14.311311
v 5.092260 1.698154 -14.484971
v 5.161220 1.398594 -14.515733
v 5.061842 2.460945 -14.852918
v 5.164742 2.549961 -14.685306
v 5.176607 2.940765 -14.655271
v 5.236961 3.348949 -14.497510
v 4.976823 3.551498 -14.290455
v 5.257876 3.543243 -14.302408
v 4.971478 3.908588 -14.260914
v 5.250529 3.903721 -14.224496
v 5.222973 3.299709 -14.295258
v 5.260565 3.226257 -14.426150
v 5.215350 2.907524 -14.582051
v 5.193129 2.552265 -14.571647
v 5.215086 2.459385 -14.405918
v 4.979346 3.313751 -14.318076
v 5.339245 3.202812 -14.144429
v 5.284118 3.981216 -14.103010
v 4.938516 3.975109 -14.099319
v 4.871090 3.236652 -14.136113
v 2.004414 19.895744 -13.575660
v 2.230320 19.629223 -14.123970
v 1.948444 20.055561 -12.941683
v 1.958590 20.131924 -12.664860
v 1.836195 20.209892 -12.468246
v 1.775676 20.253662 -12.283222
v 1.823343 20.297394 -12.098200
v 1.757433 20.504555 -11.243937
v 1.690544 20.445183 -10.604088
v 2.602210 20.379627 -10.553210
v 2.751757 20.389904 -11.127378
v 2.921530 20.188526 -11.944510
v 2.994969 20.134892 -12.127806
v 2.980409 20.081295 -12.311100
v 2.921513 20.036263 -12.557661
v 3.034425 19.962490 -12.778339
v 3.193617 19.777233 -13.318614
v 3.122712 19.505619 -13.948962
v 7.774870 15.487274 -9.621945
v 7.583884 16.471107 -9.696894
v 7.382110 16.542568 -9.218077
v 6.841531 15.385960 -11.058947
v 6.655455 16.355553 -11.063992
v 7.316486 16.569317 -8.713663
v 7.528264 15.477200 -9.113069
v 7.463457 15.477455 -8.617790
v 7.318233 15.359528 -8.445711
v 7.295772 16.667679 -8.210685
v 7.439966 15.492161 -8.122801
v 7.392983 15.616783 -7.522913
v 7.171058 15.662891 -6.261110
v 6.987437 16.645672 -6.345022
v 7.254347 16.598362 -7.587602
v 8.555787 12.162380 -10.282536
v 8.907599 12.086746 -10.089656
v 8.485518 12.057507 -10.114803
v 8.906231 11.431900 -10.424686
v 8.586316 11.259731 -10.326438
v 8.835917 11.333412 -10.307472
v 8.623838 11.363033 -10.465827
v 8.627852 11.654751 -10.488886
v 8.899598 11.660976 -10.457443
v 8.592890 11.950878 -10.410526
v 8.866501 11.973660 -10.383058
v 8.890370 12.221741 -10.225056
v 8.884962 12.308331 -10.097672
v 8.630766 11.681873 -10.588191
v 8.580849 12.093666 -10.443248
v 8.552807 12.309055 -10.276984
v 8.487065 12.299728 -10.121144
v 8.507893 12.709766 -10.261050
v 8.490451 12.749508 -10.124915
v 8.833635 12.761879 -10.091437
v 8.830755 12.729710 -10.224463
v 8.855203 12.364452 -10.237423
v 8.848820 12.089912 -10.465364
v 8.854676 11.692783 -10.581811
v 8.895897 11.395248 -10.560688
v 8.658590 11.358696 -10.568830
v 8.991692 10.034683 -10.415481
v 9.112702 9.816120 -10.652194
v 9.159272 9.787891 -10.525311
v 9.135856 10.048870 -10.377530
v 9.357117 9.884521 -10.615831
v 9.129935 10.161934 -10.428116
v 8.895483 10.667149 -10.455037
v 8.801228 10.622093 -10.494231
v 8.983285 10.696846 -10.532218
v 8.850909 10.692150 -10.669620
v 9.088447 11.289234 -10.562656
v 8.869794 11.279675 -10.704239
v 8.598795 11.230659 -10.606554
v 8.650240 10.737251 -10.543260
v 8.729850 10.559067 -10.405501
v 8.910186 10.994141 -10.254008
v 8.835486 10.740013 -10.259320
v 9.237816 9.924839 -10.708451
v 9.044872 10.141609 -10.531925
v 8.823632 10.052956 -10.322523
v 8.735593 10.555828 -10.208465
v 8.754481 10.674084 -10.227468
v 8.623919 10.908997 -10.310533
v 8.492452 11.156021 -10.441545
v 8.821124 10.565933 -10.212976
v 9.066905 10.050426 -10.202003
v -0.001351 0.513256 -8.784753
v -2.088318 0.957512 -9.867925
v -0.001350 0.813343 -9.807084
v -2.334256 0.583652 -8.832405
v -2.347878 0.592503 -6.755873
v -0.001353 0.568153 -6.689045
v -2.349161 0.758804 -4.657230
v -0.001355 0.738964 -4.561853
v -2.430957 1.304295 -3.732739
v -0.001356 1.283375 -3.665575
v -4.753534 1.438793 -3.929684
v -4.832379 0.937252 -4.787217
v -4.867313 0.713741 -6.818887
v -4.880853 0.634090 -8.825776
v -6.109823 1.244404 -6.988144
v -6.112529 1.120049 -8.838334
v -6.647998 2.297260 -7.146924
v -6.606833 2.183010 -8.806136
v -6.724609 3.123177 -8.744480
v -6.732521 3.243366 -7.095461
v -6.843027 4.198284 -8.730482
v -6.713117 4.339733 -7.056169
v -6.584326 2.153988 -5.532467
v -6.072053 1.358570 -5.011226
v -5.891018 1.831955 -4.209053
v -6.378493 2.059368 -4.411484
v -6.473426 5.293591 -4.555701
v -6.762257 4.187557 -5.467456
v -6.694192 4.066296 -4.464378
v -6.776465 5.241695 -5.455202
v -6.844699 5.145306 -7.185616
v -6.889375 5.073677 -8.739260
v -6.494097 4.482258 -9.929414
v -6.395024 3.800190 -9.897119
v -6.366298 3.031750 -9.894712
v -6.153005 2.115887 -9.904144
v -5.887837 1.355953 -9.886890
v -4.658494 0.989830 -9.876623
v -6.511168 5.074234 -10.026467
v -6.779140 6.788448 -5.472026
v -6.318523 6.860287 -4.657431
v 6.375782 2.059368 -4.411472
v 6.069340 1.358570 -5.011214
v 6.581619 2.153988 -5.532454
v 5.888309 1.831955 -4.209041
v 4.750819 1.438793 -3.929674
v 4.829670 0.937252 -4.787207
v 4.864608 0.713741 -6.818877
v 6.107118 1.244404 -6.988132
v 6.645294 2.297260 -7.146910
v 6.729816 3.243366 -7.095448
v 6.840324 4.198284 -8.730469
v 6.710413 4.339733 -7.056155
v 6.721904 3.123177 -8.744467
v 6.604131 2.183010 -8.806123
v 6.109828 1.120049 -8.838323
v 4.878152 0.634090 -8.825767
v 2.331554 0.583652 -8.832401
v 2.345172 0.592503 -6.755868
v 2.346451 0.758804 -4.657226
v 2.428245 1.304295 -3.732735
v 2.085618 0.957512 -9.867921
v 6.470717 5.293591 -4.555687
v 6.691481 4.066296 -4.464365
v 6.759548 4.187557 -5.467443
v 6.773757 5.241695 -5.455188
v 6.841990 5.145306 -7.185602
v 6.886673 5.073677 -8.739246
v 6.491398 4.482258 -9.929400
v 6.392325 3.800190 -9.897105
v 6.363599 3.031750 -9.894699
v 6.150306 2.115887 -9.904133
v 5.885135 1.355953 -9.886879
v 4.655796 0.989830 -9.876614
v 6.508465 5.074234 -10.026454
v -1.571422 4.773460 -15.549629
v -1.464154 5.174030 -15.036411
v -1.557748 4.540699 -15.185568
v -1.478459 5.308109 -15.294693
v -1.476621 5.418282 -14.950293
v -1.589072 4.519333 -15.361814
v -1.560493 4.060822 -15.237290
v -2.524029 4.529522 -15.398715
v -2.536819 4.780205 -15.547059
v -2.652603 5.287804 -15.305421
v -1.502383 5.547218 -15.180691
v -1.538359 5.669518 -15.115198
v -1.509362 5.705067 -14.744928
v -1.516073 5.899578 -14.982700
v -1.606598 4.150826 -15.368075
v -2.541935 4.079838 -15.289144
v -2.504951 4.164894 -15.408004
v -2.541574 4.458725 -15.150144
v -2.658772 5.122952 -15.012302
v -2.624259 5.564209 -15.173867
v -2.589128 5.663063 -15.121499
v -2.591339 5.909588 -14.984466
v -1.566885 6.151932 -14.831932
v -1.545782 5.971214 -14.487585
v -1.528646 6.294094 -14.742788
v -2.628251 5.416237 -14.837114
v -2.624800 5.660789 -14.682996
v -2.553542 6.153358 -14.839480
v -2.604355 6.274982 -14.737948
v -2.572481 5.908600 -14.547622
v -1.513596 6.620773 -14.577599
v -2.602082 6.620815 -14.546065
v -2.624660 6.493763 -14.145871
v -2.647469 6.748180 -14.041129
v -2.522568 7.027367 -13.852909
v -2.597973 7.122738 -12.838833
v -1.634887 7.029938 -13.908538
v -1.467462 6.760353 -14.083697
v 1.387511 4.730080 5.814498
v 1.410249 4.588318 5.832031
v 0.782737 4.712997 5.782748
v 2.901538 3.005611 6.195382
v 3.198785 3.770126 5.883986
v 3.236685 3.029175 6.105580
v 2.575630 2.985538 6.290162
v 2.523197 4.682575 5.901209
v 2.389563 4.690899 5.822284
v 2.487511 2.870617 6.295651
v 2.063231 2.872692 6.344172
v 1.890083 4.685638 5.914455
v 1.446326 2.811085 6.310606
v 0.867931 2.748596 6.315662
v 0.490529 4.715462 5.869290
v 0.499597 2.791611 6.376464
v 0.020778 4.708618 5.863863
v -0.034393 2.743797 6.311437
v -0.524828 2.700699 6.320199
v -0.571452 4.674812 5.816422
v -1.148161 2.772373 6.341926
v 3.204800 4.707275 5.710227
v 2.868870 4.698223 5.815240
v -1.281278 4.515007 5.958805
v -1.218240 4.674812 5.917768
v -1.546686 2.712620 6.305376
v -1.581395 4.476677 5.887465
v -1.957023 2.798210 6.375293
v -1.915536 4.503677 5.868611
v -2.365181 4.530651 5.820938
v -2.401873 2.768257 6.375176
v -2.522545 2.878494 6.376666
v -2.522776 4.545265 5.859721
v -3.212752 3.597809 5.943351
v -3.198662 4.468166 5.601438
v -2.863289 4.508781 5.735601
v -3.175816 2.854958 6.200663
v -2.857015 2.872406 6.303938
v 4.684671 3.072834 5.688431
v 4.324287 4.612522 4.964190
v 4.582244 4.645863 4.969709
v 4.458093 3.035286 5.680275
v 3.982327 3.804775 5.507643
v 4.059335 3.007534 5.866086
v 3.928149 4.646080 5.216393
v 3.216914 4.710850 5.866883
v 3.924154 4.765648 5.548556
v 4.513994 4.728546 5.120933
v 4.547593 3.121780 5.854321
v 4.073912 3.107452 6.036023
v 3.319915 3.037418 6.230749
v 2.958102 3.036121 6.298524
v 2.603927 3.037994 6.370213
v 2.542384 4.684883 6.007362
v 2.514507 2.947758 6.434402
v 2.417681 4.741196 6.011746
v 1.947355 4.727478 6.135583
v 2.884387 4.701103 5.946440
v 0.875691 2.861637 6.645387
v 0.486090 2.881264 6.620315
v 0.509961 4.767879 6.166800
v 0.759636 4.810265 6.184882
v 1.416961 4.706841 6.224369
v 1.441248 2.912449 6.630212
v 2.073745 2.972286 6.529417
v 1.404179 4.819202 6.179154
v 0.021914 4.772167 6.173311
v -0.029738 2.845085 6.647612
v -0.536335 2.810986 6.661068
v -1.183155 2.820179 6.616584
v -1.233188 4.610916 6.266921
v -1.571740 4.587067 6.102754
v -0.495900 4.745815 6.196949
v -1.207697 4.727699 6.161301
v -2.028738 4.605915 6.103134
v -1.557232 2.783932 6.522574
v -2.007511 2.872330 6.578235
v -2.429531 4.593891 5.954590
v -2.535449 4.535202 5.962058
v -2.913564 4.537121 5.864633
v -3.286866 4.534618 5.757885
v -2.938920 2.952576 6.406507
v -3.317729 2.932842 6.312085
v -3.945165 2.755669 5.833671
v -3.991727 2.896412 6.028537
v -2.426957 2.847153 6.515406
v -2.540365 2.957882 6.465904
v -4.507764 4.437965 4.998011
v -4.035473 4.537487 5.477866
v -4.002395 4.388214 5.206207
v -4.567270 2.801071 5.514564
v -4.542576 2.866180 5.633287
v -4.641626 4.530262 5.171465
v -4.699056 4.492661 5.024469
v -4.443665 2.768578 5.534931
v -3.994967 3.414719 5.553757
v -1.356491 21.660858 -7.084906
v -0.924183 21.932461 -8.016978
v -0.929022 21.833908 -7.078063
v -1.359052 21.685001 -8.020232
v -1.739485 21.303951 -7.042895
v -1.748388 21.280502 -8.052714
v -2.048287 20.805077 -7.024726
v -2.042688 20.810829 -8.070285
v -2.112966 20.737858 -7.941453
v -2.092113 20.721432 -7.148301
v 2.092457 20.721432 -7.148297
v 2.113312 20.737858 -7.941449
v 2.048631 20.805077 -7.024722
v 2.043035 20.810829 -8.070281
v 1.748734 21.280502 -8.052711
v 1.739830 21.303951 -7.042891
v 1.359399 21.567703 -8.017887
v 1.356835 21.578941 -7.083267
v 0.924530 21.761570 -8.013562
v 0.929366 21.760818 -7.076601
v 0.478429 21.924057 -8.006603
v 0.495603 21.893501 -7.073582
v 0.000172 22.003075 -7.061287
v 0.000173 22.070084 -8.011461
v -0.478082 22.050591 -8.009133
v -0.495259 21.966442 -7.075039
v -1.005466 22.144386 -7.998468
v -0.532931 22.224548 -7.113413
v -0.539083 22.266609 -7.991922
v -1.025808 22.064949 -7.113761
v -1.474519 21.872192 -7.998392
v -1.451070 21.847294 -7.091353
v -1.973453 21.479259 -7.060921
v 1.026152 21.991821 -7.112298
v 1.474866 21.754887 -7.996045
v 1.005812 21.973488 -7.995052
v 0.533275 22.151573 -7.111955
v 0.000172 22.258209 -7.119322
v 0.000173 22.255386 -7.991910
v -1.965156 21.477310 -8.048109
v -2.316543 20.922813 -8.042191
v -2.329005 20.928177 -7.057269
v 0.539429 22.140038 -7.989394
v -2.268823 20.786644 -7.943730
v -2.279149 20.764107 -7.139347
v 2.329350 20.928177 -7.057264
v 2.269169 20.786644 -7.943726
v 2.316889 20.922813 -8.042187
v 1.973798 21.479259 -7.060917
v 1.965503 21.477310 -8.048105
v 1.451414 21.765343 -7.089714
v 2.279494 20.764107 -7.139342
v -6.107200 4.378082 -2.988960
v -6.332009 4.437756 -3.045054
v -6.440518 4.080982 -2.929827
v -6.208263 4.763145 -3.716142
v -6.447372 4.896126 -3.808615
v -6.266002 4.991489 -4.360081
v -6.764403 4.046829 -3.749652
v -6.683982 3.035698 -4.502923
v -6.774991 2.952446 -3.733988
v -6.622097 2.065739 -4.518126
v -6.773413 1.876022 -3.688439
v -6.575807 1.871216 -3.721218
v -6.617569 1.825321 -3.010364
v -6.349179 1.750214 -2.935135
v -6.578486 1.508274 -2.896119
v -6.389700 1.500057 -2.887352
v -6.867047 1.549530 -1.065036
v -6.869148 2.832554 -1.212714
v -6.816653 2.969921 0.174233
v -6.549223 2.846828 -2.958984
v -7.032252 4.112984 -5.424362
v -7.134810 4.197498 -6.887546
v -7.102747 3.227711 -6.926886
v -7.045692 2.345520 -6.949044
v -6.892840 2.177292 -5.542912
v -6.964166 3.121452 -5.495079
v -3.205817 4.676586 5.507595
v -3.058174 4.594231 5.236553
v -4.013322 4.597576 5.107520
v -4.882423 4.538452 4.360111
v -4.908067 3.334648 4.807645
v -5.968356 3.259319 3.770714
v -5.749812 4.436943 3.337049
v -6.485994 3.194214 2.687189
v -6.145339 4.374546 2.390781
v -6.727611 3.120808 1.517685
v -6.320076 4.308403 1.411782
v -6.511660 4.207829 0.002530
v -6.690203 4.125931 -1.372520
v -3.896030 4.532478 4.768415
v -4.699070 4.485775 4.057122
v -5.500061 4.345203 3.189572
v -5.845162 4.251797 2.313763
v -6.065635 4.180813 1.391114
v -6.220559 4.225220 0.106822
v -6.974403 1.680592 0.306557
v -6.947412 1.826073 1.663058
v -6.668589 1.931839 2.790947
v -6.028671 2.016796 3.947166
v -4.839794 2.195889 5.249210
v -4.008422 2.289444 5.944293
v -3.258395 2.408737 6.299597
v -3.181587 2.320026 6.082631
v -3.077854 3.453392 5.665877
v -6.597572 1.586174 -0.963981
v -6.822368 1.694813 0.515384
v -6.779398 1.795361 1.691560
v -6.467823 1.889198 2.759988
v -5.874787 1.987179 3.888390
v -4.705723 2.108685 5.111202
v -3.900030 2.159519 5.762425
v -5.992233 2.580063 -4.022634
v -6.274710 3.457779 -4.202403
v -4.792480 2.230942 -3.485784
v -4.855275 3.271469 -3.379074
v -2.609535 2.072624 -3.241372
v -0.001357 2.083954 -3.099765
v 2.606820 2.072624 -3.241366
v 4.789768 2.230942 -3.485774
v 5.989522 2.580063 -4.022622
v 6.271996 3.457779 -4.202391
v 4.852560 3.271469 -3.379064
v 5.014253 5.170578 -3.548024
v 6.263288 4.991489 -4.360069
v -0.001357 6.827732 -3.187194
v 2.992954 8.967892 -3.590622
v -0.001357 8.935558 -3.439042
v 2.991861 6.920143 -3.337359
v 2.955383 5.162025 -3.143738
v -0.001357 5.218803 -2.976318
v 2.768146 3.079750 -3.034830
v -0.001357 3.072536 -2.766110
v -2.770860 3.079750 -3.034836
v -2.958097 5.162025 -3.143748
v -5.012945 5.170578 -3.548034
v -2.994575 6.920143 -3.337368
v -5.008536 6.935604 -3.764622
v -2.995667 8.967892 -3.590628
v -4.950458 9.191299 -3.956868
v -0.001356 10.941772 -3.711714
v 2.901678 10.947174 -3.850426
v 2.801117 13.310894 -4.266073
v -2.904390 10.947174 -3.850432
v -4.857559 11.006386 -4.141208
v -2.803829 13.310894 -4.266079
v -0.001356 13.307808 -4.164519
v -0.001355 15.312943 -4.522596
v 2.666191 15.351692 -4.541041
v -0.001355 17.436295 -4.756340
v -2.668901 15.351692 -4.541047
v -4.899051 13.257919 -4.451308
v -6.287663 12.627232 -5.065159
v -6.280960 11.040825 -4.964793
v -6.268933 9.478291 -4.818255
v -6.264272 8.424656 -4.754100
v -6.284562 14.018307 -5.184408
v -4.971671 15.340279 -4.653618
v -6.326647 15.168560 -5.302658
v -4.151331 18.879360 -5.128193
v -3.646133 19.109241 -5.151894
v -2.168309 19.342655 -5.221519
v -1.148415 19.376251 -5.203120
v 4.356765 18.875580 -5.129508
v 3.853467 19.105865 -5.153055
v 2.275866 19.342655 -5.221515
v 1.159251 19.376251 -5.203118
v -0.001355 19.369862 -5.196743
v -0.001355 18.040619 -4.894711
v -6.369862 3.234352 -3.546125
v -6.042206 2.947639 -2.751739
v -6.484235 2.889275 -1.145370
v -6.505118 2.929920 0.288426
v -6.411879 2.957821 1.522898
v -6.176883 3.067963 2.538219
v -5.657186 3.152981 3.542563
v -4.662188 3.271366 4.561617
v -3.858110 3.340042 5.271224
v -8.844429 15.519512 -6.191940
v -7.601046 15.439369 -6.271066
v -7.678043 15.437592 -7.571939
v -7.755486 15.304943 -9.037810
v -6.924914 15.190495 -6.221979
v -9.554293 15.243191 -7.409777
v -9.395679 15.303780 -6.134345
v -9.012799 15.495663 -7.499800
v -9.096107 15.323162 -8.836774
v -9.184977 14.928764 -9.722633
v -7.871794 13.863621 -10.182830
v -7.926995 12.286716 -10.115017
v -8.013581 10.714554 -10.021577
v -7.430736 10.610794 -9.396715
v -8.061876 9.227066 -9.937351
v -7.315239 9.131313 -9.110544
v -8.090058 8.358364 -9.580635
v -7.297448 8.391891 -8.856733
v -7.316207 7.951077 -8.719336
v -9.535468 9.249699 -9.997928
v -9.475981 10.701294 -10.048142
v -9.364259 12.319065 -10.089096
v -9.292048 13.873150 -10.076071
v -9.741977 14.669754 -9.536241
v -9.680016 15.056007 -8.719078
v -10.327463 14.184372 -7.243854
v -10.317742 14.087608 -8.663328
v -10.594890 12.434982 -7.103057
v -10.128822 10.754513 -9.684782
v -10.014904 12.344124 -9.709609
v -10.263025 9.350288 -9.606504
v -9.850075 13.896980 -9.750731
v -10.591566 12.381542 -8.619676
v -10.718379 10.746819 -8.537443
v -10.795185 10.842686 -7.019387
v -10.744514 9.400600 -8.487902
v -10.262352 8.495754 -9.480138
v -9.549860 8.352531 -9.802752
v -10.216372 7.865376 -9.015793
v -9.531866 7.621502 -9.360800
v -10.702879 8.246868 -8.365196
v -10.863097 9.459145 -6.949988
v -10.274527 9.590446 -5.273705
v -10.208756 10.942616 -5.319788
v -10.129201 12.535133 -5.436821
v -9.508517 9.584251 -4.533761
v -9.473062 10.893269 -4.559290
v -8.830660 9.432980 -4.248249
v -9.553879 8.584106 -4.510733
v -10.242522 8.397659 -5.248897
v -10.689600 8.214409 -6.934000
v -10.179656 7.573189 -8.266676
v -9.479831 7.186150 -8.465642
v -8.003843 7.665527 -9.144483
v -7.905819 7.323639 -8.439181
v -9.345760 7.073967 -7.153605
v -10.048920 7.514759 -7.008516
v -9.837508 7.632576 -5.531762
v -9.676764 7.831284 -4.879693
v -8.895333 8.485325 -4.310772
v -7.412330 8.470001 -4.582540
v -7.493585 7.560360 -5.038934
v -8.957491 7.450829 -4.916580
v -7.605284 7.288902 -5.849529
v -9.051328 7.213867 -5.593757
v -7.844484 7.226562 -7.365520
v -7.194767 7.690220 -7.405725
v -7.268810 7.776360 -8.373040
v -7.023843 8.009281 -5.638444
v -7.007337 8.580051 -5.220174
v -7.384514 9.360352 -4.516516
v -8.735438 10.933086 -4.308533
v -9.400293 12.576149 -4.606797
v -9.973312 14.228905 -5.559942
v -6.971915 9.428143 -5.005759
v -7.312654 10.975647 -4.583886
v -8.687022 12.661446 -4.374869
v -9.297549 14.230122 -4.703776
v -9.284204 15.067173 -5.246384
v -8.697598 15.203964 -5.129673
v -7.430435 15.101902 -5.395840
v -6.782675 14.867043 -5.704395
v -7.338414 14.129196 -4.822808
v -6.888783 14.052635 -5.076077
v -7.307319 12.634918 -4.637954
v -8.638348 14.198891 -4.568325
v -6.959428 12.627789 -4.889774
v -6.936420 10.969646 -4.921007
v 6.035910 16.066067 -13.708856
v 5.804523 16.150208 -13.575216
v 5.827564 16.304321 -13.501311
v 5.511457 16.734535 -13.331285
v 6.082263 15.971676 -13.585670
v 5.894508 16.103699 -13.457175
v 5.802212 16.053692 -13.385167
v 5.450363 16.858776 -13.413733
v 5.279905 17.304161 -13.280050
v 5.709383 16.852554 -13.242561
v 5.643273 16.914410 -13.377024
v 5.442736 17.109039 -13.264536
v 5.405769 17.324100 -13.201182
v 5.515725 17.309319 -13.060415
v 5.582963 17.076069 -13.129870
v 5.539929 16.714325 -13.219402
v 5.857266 16.280960 -13.388743
v 6.124057 16.242104 -13.661115
v 6.243569 16.136005 -13.525204
v 6.859303 17.559669 -9.877127
v 6.766411 17.456238 -10.005700
v 6.487882 17.651981 -10.257116
v 6.802148 17.599293 -9.752221
v 6.751691 17.357594 -9.857704
v 6.407862 17.908642 -10.220555
v 6.440845 18.076923 -10.069132
v 6.465476 18.077969 -9.968907
v 6.568684 17.903709 -9.903833
v 6.578474 17.722885 -10.121008
v 6.574806 17.961609 -10.153535
v 6.706807 17.401043 -9.764133
v 6.928380 17.035542 -9.411992
v 7.229561 16.952473 -9.175171
v 7.163228 16.746399 -9.239774
v 7.280076 16.738632 -9.359671
v 7.312643 16.908482 -9.378525
v 6.991943 16.990448 -9.534026
v 6.304263 1.751110 -2.923425
v 6.333295 1.501194 -2.872956
v 6.762458 1.903584 -0.984721
v 4.703435 3.552528 4.596105
v 4.797258 2.404438 5.294146
v 3.933979 2.447468 5.790420
v 5.673124 3.397392 3.566515
v 5.784323 2.217720 4.039703
v 6.156082 3.299805 2.551760
v 6.418481 2.139816 2.829388
v 6.451715 3.241440 1.509177
v 6.691883 2.062485 1.745281
v 6.666415 3.201817 0.159239
v 6.872795 1.947906 0.360865
v 6.530048 3.193970 -1.185722
v 6.158044 2.947727 -2.750730
v 6.396329 3.234352 -3.546113
v 6.572383 1.871220 -3.720995
v 6.196747 4.378082 -2.988948
v 6.350632 4.816898 -3.753505
v 6.281995 4.500355 0.016709
v 6.168341 4.541805 1.238467
v 5.857636 4.567383 2.235193
v 5.461458 4.643883 3.187188
v 4.626128 4.738365 4.092561
v 3.805552 4.813313 4.797553
v 3.897499 3.612202 5.280632
v 3.046022 4.848728 5.336282
v 3.098956 3.671452 5.636364
v 3.179354 2.512501 5.973035
v -5.214596 6.090645 -11.003497
v -4.422173 6.039688 -11.084376
v -4.446498 6.021694 -11.830056
v -4.266603 6.854172 -11.673398
v -4.225337 6.976513 -11.322223
v -3.902285 7.049595 -12.484371
v -4.248873 6.915028 -12.760684
v -5.476430 6.218517 -11.861907
v -6.419932 5.870052 -11.212987
v -4.492198 5.973896 -12.540897
v -4.519835 5.792267 -13.058322
v -4.575683 5.571972 -13.573181
v -5.619305 6.017418 -13.084859
v -5.547880 5.737274 -13.550770
v -6.126402 6.063038 -12.980259
v -6.209402 5.655880 -13.420012
v -6.613593 5.569065 -13.000551
v -6.729557 4.923229 -13.247225
v -7.068509 4.776390 -12.442892
v -7.204434 3.912331 -12.539237
v -7.323787 3.883255 -11.705208
v -7.203593 2.975246 -12.621716
v -6.742301 3.088512 -13.461577
v -6.689292 2.160469 -13.535228
v -6.230721 5.064964 -13.792687
v -4.182090 5.776279 -13.948649
v -4.356970 6.364681 -13.825176
v -4.260619 6.797016 -13.779217
v -6.234724 4.172287 -13.912399
v -5.559103 5.159466 -13.945501
v -4.590704 5.176750 -13.914719
v -3.770982 5.993000 -14.174666
v -4.118428 6.647526 -14.122728
v -3.967201 6.858418 -13.816987
v -3.936467 6.973820 -12.820202
v -3.695533 6.800137 -12.672797
v -2.728693 6.835918 -12.889242
v -2.864830 6.662655 -14.000972
v -2.862568 6.470039 -14.138125
v -3.740185 6.482262 -14.123085
v -3.625003 6.621040 -13.910303
v -2.857998 5.929367 -14.407205
v -3.778288 5.369003 -14.705795
v -2.870066 5.430820 -14.816291
v -2.777191 4.427986 -15.071456
v -3.793324 4.417339 -14.911728
v -4.516571 4.379051 -14.080096
v -5.473676 4.319160 -14.086745
v -2.643836 3.167732 -15.220918
v -3.753130 3.145931 -15.149943
v -4.435908 3.230595 -14.166573
v -5.444626 3.167305 -14.148085
v -6.211494 3.130009 -13.933700
v -6.746315 4.044800 -13.385010
v -3.679461 2.117001 -14.878416
v -4.429914 2.260284 -14.156737
v -5.434148 2.270866 -14.135285
v -6.210225 2.265419 -13.965945
v -5.413622 1.475925 -14.063557
v -4.465256 1.425690 -14.076583
v -3.619065 1.293556 -14.310343
v -2.557703 1.981346 -15.072814
v -1.164258 3.212521 -15.301675
v -1.167297 4.588501 -15.194850
v -1.157929 5.408840 -15.006625
v -0.001345 4.598602 -15.285686
v -6.185229 1.530155 -13.949934
v -1.163946 1.907253 -15.173175
v -0.001345 3.225685 -15.419970
v 1.161567 3.212521 -15.301673
v 1.164607 4.590263 -15.106664
v -0.001345 5.372353 -15.037041
v -1.168660 5.896488 -14.501794
v -0.001345 5.890804 -14.574587
v -1.176828 6.766060 -14.087270
v -0.001346 6.707973 -13.992454
v 1.174136 6.691784 -14.023614
v 1.165969 5.895195 -14.566449
v 1.155238 5.409351 -14.981002
v 1.477431 5.452003 -14.905527
v 1.467629 5.193535 -14.984753
v 1.515791 4.578236 -15.108097
v 1.553098 3.985672 -15.235785
v 1.500424 5.745037 -14.764801
v 1.533931 6.053070 -14.495958
v 1.464769 6.692757 -14.035761
v 2.641145 3.167732 -15.220912
v 2.552943 3.999207 -15.287526
v 2.774500 4.425800 -15.180894
v 2.586656 4.477493 -15.203502
v 2.867376 5.430820 -14.816285
v 2.644705 5.107803 -14.987834
v 2.607645 5.447754 -14.871371
v 2.590359 5.723640 -14.743575
v 2.855307 5.899040 -14.488446
v 2.574198 6.034706 -14.461217
v 2.623758 6.649738 -14.067268
v 2.862613 6.695457 -13.908068
v 3.767743 6.708851 -13.825223
v 3.768291 5.931168 -14.230339
v 3.775594 5.370647 -14.623505
v 3.790635 4.417339 -14.911720
v 3.750442 3.145931 -15.149936
v 5.616611 6.017418 -13.084847
v 4.572990 5.571972 -13.573172
v 4.533485 5.714653 -13.187519
v 5.590121 6.200420 -12.577727
v 4.489504 5.973896 -12.540888
v 5.473734 6.218517 -11.861896
v 4.372890 6.008121 -11.827854
v 4.588013 5.176750 -13.914709
v 4.513880 4.379051 -14.080087
v 4.433218 3.230595 -14.166563
v 5.556412 5.159466 -13.945490
v 5.470985 4.319160 -14.086734
v 5.441936 3.167305 -14.148073
v 5.431458 2.270866 -14.135274
v 4.427224 2.260284 -14.156728
v 5.410928 1.475925 -14.063545
v 4.462561 1.425690 -14.076573
v 4.520296 0.944675 -13.776161
v 3.617881 0.909538 -13.761308
v 4.585249 0.574448 -13.102208
v 3.640069 0.584263 -13.051235
v 4.429414 0.467777 -12.122082
v 2.960671 0.391396 -12.150946
v 3.616373 1.293556 -14.310335
v 5.544260 0.947109 -13.796183
v 6.182539 1.530155 -13.949923
v 6.207534 2.265419 -13.965932
v 6.232029 4.172287 -13.912386
v 6.208803 3.130009 -13.933686
v 6.686601 2.160469 -13.535214
v 6.459744 1.206837 -13.635622
v 5.737909 0.514874 -13.080053
v 6.739608 3.088512 -13.461564
v 6.743622 4.044800 -13.384996
v 5.321134 0.663437 -10.898718
v 4.213409 0.793419 -10.844783
v 5.705287 0.364296 -12.162998
v 6.712681 0.860378 -12.921372
v 7.107326 1.904324 -12.754133
v 7.200897 2.975246 -12.621701
v 7.201736 3.912331 -12.539222
v 6.726864 4.923229 -13.247211
v 6.228026 5.064964 -13.792674
v 5.545187 5.737274 -13.550758
v 7.065814 4.776390 -12.442879
v 7.321092 3.883255 -11.705193
v 7.344730 2.938210 -11.744059
v 7.221566 1.899605 -11.798662
v 6.849147 0.851730 -11.985662
v 7.114138 4.694309 -11.651988
v 6.733874 5.248371 -10.854653
v 6.879249 4.611137 -10.763186
v 7.138011 3.849960 -10.735791
v 6.590189 1.032890 -10.854455
v 6.926267 1.988342 -10.804868
v 7.122212 2.989773 -10.759986
v 6.417237 5.870052 -11.212974
v 6.399935 5.941914 -11.727227
v 6.317631 5.993874 -12.417685
v 6.123710 6.063038 -12.980247
v 6.206709 5.655880 -13.419998
v 6.610897 5.569065 -13.000538
v 6.804734 5.453613 -12.294219
v 6.877228 5.396503 -11.627280
v -7.224261 1.899605 -11.798677
v -6.715374 0.860378 -12.921386
v -6.851846 0.851730 -11.985676
v -6.592890 1.032890 -10.854468
v -5.707984 0.364296 -12.163010
v -5.323834 0.663437 -10.898729
v -4.432109 0.467777 -12.122091
v -4.216106 0.793419 -10.844790
v -2.963367 0.391396 -12.150951
v -2.848027 0.704933 -10.888378
v -1.178625 0.383179 -12.131339
v -1.188558 0.744358 -10.815677
v -0.001348 0.440231 -12.113913
v -0.001349 0.804684 -10.787325
v 1.185859 0.744358 -10.815675
v 2.845329 0.704933 -10.888372
v -5.740603 0.514874 -13.080065
v -4.587942 0.574448 -13.102218
v -3.642763 0.584263 -13.051243
v -2.553207 0.389061 -13.172252
v 1.175929 0.383179 -12.131337
v -0.001347 0.447197 -13.181606
v -1.160230 0.468933 -13.178748
v -2.548272 0.873295 -13.869861
v -3.620573 0.909538 -13.761315
v -4.522987 0.944675 -13.776171
v -5.546955 0.947109 -13.796194
v -6.462438 1.206837 -13.635635
v -1.160577 0.820187 -13.916390
v -0.001346 0.824883 -13.965000
v 3.676770 2.117001 -14.878408
v 2.555013 1.981346 -15.072808
v 2.548799 1.039341 -14.567040
v 2.545580 0.873295 -13.869855
v 2.550513 0.389061 -13.172246
v 1.157536 0.468933 -13.178746
v 1.157885 0.820187 -13.916389
v -0.001345 0.964054 -14.648033
v -1.160353 0.991325 -14.592671
v -2.551489 1.039341 -14.567046
v 1.157663 0.991325 -14.592669
v -0.001345 1.862274 -15.275146
v 1.161256 1.907253 -15.173173
v -7.110019 1.904324 -12.754147
v -7.347425 2.938210 -11.744074
v -7.140711 3.849960 -10.735805
v -6.881945 4.611137 -10.763199
v -6.736571 5.248371 -10.854667
v -6.193714 5.820625 -10.496799
v -6.928967 1.988342 -10.804881
v -7.124909 2.989773 -10.759999
v -7.017070 9.110069 -9.903315
v -6.884878 7.972729 -9.786776
v -6.828210 7.050972 -9.744759
v -6.971201 6.990742 -8.643031
v -7.027315 6.953945 -7.379443
v -6.049552 7.123676 -10.688315
v -6.382462 8.029110 -10.825233
v -7.043081 10.567020 -9.904353
v -6.511285 9.101200 -10.908764
v -6.017764 8.009834 -12.053523
v -5.561095 7.253307 -11.786180
v -5.187456 6.885017 -11.037642
v -4.590104 6.943150 -11.156062
v -4.886475 7.303749 -12.632410
v -3.949546 7.382259 -13.134240
v 6.415853 4.437756 -3.045042
v 6.563137 4.949875 -3.845981
v 6.875904 4.047318 -3.725198
v 6.568129 4.080982 -2.929815
v 6.716624 4.436699 -1.429188
v 6.540816 4.491749 -0.077168
v 6.920672 3.154739 -1.255834
v 6.585387 2.847122 -2.947928
v 6.947087 2.953289 -3.691699
v 6.681268 3.035698 -4.502909
v 6.961455 3.121452 -5.495065
v 7.029542 4.112984 -5.424348
v 7.100039 3.227711 -6.926872
v 7.132105 4.197498 -6.887532
v 7.042984 2.345520 -6.949030
v 6.890133 2.177292 -5.542898
v 6.619386 2.065739 -4.518113
v 6.769620 1.876072 -3.688062
v 6.577591 1.826160 -2.999655
v 7.029428 1.878265 -1.087694
v 6.850673 3.185303 0.156290
v 7.042851 1.944687 0.304658
v 6.520257 1.509460 -2.880870
v 5.920399 2.275826 4.144653
v 6.615111 2.207737 2.828872
v 6.885670 2.099819 1.709622
v 6.731891 3.267635 1.488570
v 6.426422 3.375828 2.599509
v 5.916853 3.496445 3.774296
v 4.960520 3.599773 4.851818
v 4.964559 2.492424 5.443612
v 4.053280 2.565357 5.986678
v 3.256187 2.580288 6.187184
v 4.806203 4.769737 4.366503
v 5.708888 4.707275 3.350773
v 6.144322 4.598194 2.309432
v 6.433868 4.559483 1.277683
v 3.929231 4.846130 5.138245
v 3.193067 4.910240 5.610120
v 5.005825 6.935604 -3.764612
v 4.947748 9.191299 -3.956858
v 4.854848 11.006386 -4.141198
v 4.896340 13.257919 -4.451298
v 4.971662 15.340279 -4.653608
v 1.545130 4.773460 -15.549625
v 1.465847 5.331409 -15.325720
v 2.580971 4.780205 -15.547053
v 2.660624 5.321789 -15.330170
v 2.575337 5.232590 -15.182904
v 2.611980 5.557236 -15.176488
v 1.515630 5.554188 -15.178061
v 2.588372 5.638512 -15.092385
v 2.568181 4.529522 -15.398709
v 1.544076 4.494762 -15.361320
v 1.564493 4.150826 -15.368072
v 2.545914 4.164894 -15.407998
v 1.543240 6.583145 -14.576843
v 1.632195 7.029938 -13.908534
v 2.519876 7.027367 -13.852903
v 2.588680 6.620815 -14.546060
v 2.601665 6.274982 -14.737943
v 1.525956 6.294094 -14.742785
v 1.586282 6.129105 -14.828901
v 1.529588 5.882000 -14.989418
v 1.521868 5.650009 -15.098654
v 2.593332 5.877872 -14.945281
v 2.526814 6.145279 -14.805661
v 8.087355 8.358364 -9.580620
v 10.176954 7.573189 -8.266655
v 10.046210 7.514759 -7.008496
v 9.343057 7.073967 -7.153585
v 9.477129 7.186150 -8.465623
v 10.213671 7.865376 -9.015772
v 9.529166 7.621502 -9.360781
v 9.547161 8.352531 -9.802733
v 8.059176 9.227066 -9.937336
v 7.903119 7.323639 -8.439166
v 7.841779 7.226562 -7.365504
v 8.001143 7.665527 -9.144467
v 9.532764 9.249699 -9.997909
v 10.259653 8.495754 -9.480117
v 10.700177 8.246868 -8.365175
v 10.686894 8.214409 -6.933979
v 9.834796 7.632576 -5.531742
v 9.048621 7.213867 -5.593739
v 7.602574 7.288902 -5.849514
v 7.490877 7.560360 -5.038918
v 8.954782 7.450829 -4.916562
v 7.309945 10.975647 -4.583872
v 7.381799 9.360352 -4.516502
v 7.409621 8.470001 -4.582521
v 8.892624 8.485325 -4.310754
v 9.674049 7.831284 -4.879677
v 10.239816 8.397659 -5.248873
v 10.860388 9.459145 -6.949966
v 10.741814 9.400600 -8.487881
v 10.260326 9.350288 -9.606483
v 10.792475 10.842686 -7.019365
v 10.271820 9.590446 -5.273685
v 9.551170 8.584106 -4.510714
v 8.827945 9.432980 -4.248231
v 8.732725 10.933086 -4.308516
v 8.684312 12.661446 -4.374852
v 7.304610 12.634918 -4.637940
v 7.335702 14.129196 -4.822794
v 8.635638 14.198891 -4.568307
v 7.427722 15.101902 -5.395824
v 8.694890 15.203964 -5.129656
v 7.598339 15.439369 -6.271050
v 10.588864 12.381542 -8.619655
v 10.715678 10.746819 -8.537422
v 8.841718 15.519512 -6.191922
v 9.281497 15.067173 -5.246366
v 9.392972 15.303780 -6.134326
v 9.970604 14.228905 -5.559922
v 10.324759 14.184372 -7.243833
v 10.126493 12.535133 -5.436801
v 10.592185 12.434982 -7.103036
v 10.206049 10.942616 -5.319768
v 9.505804 9.584251 -4.533741
v 9.470353 10.893269 -4.559271
v 9.397584 12.576149 -4.606778
v 9.294836 14.230122 -4.703758
v 9.551584 15.243191 -7.409758
v 10.315037 14.087608 -8.663307
v 9.677313 15.056007 -8.719059
v 9.010095 15.495663 -7.499782
v 7.675340 15.437592 -7.571924
v 7.752781 15.304943 -9.037795
v 9.847375 13.896980 -9.750712
v 9.739273 14.669754 -9.536222
v 9.093405 15.323162 -8.836755
v 9.182273 14.928764 -9.722614
v 7.869096 13.863621 -10.182815
v 7.924292 12.286716 -10.115002
v 8.010880 10.714554 -10.021562
v 9.289349 13.873150 -10.076052
v 9.473280 10.701294 -10.048123
v 9.361558 12.319065 -10.089077
v 10.012204 12.344124 -9.709589
v 10.126122 10.754513 -9.684761
v 4.627562 10.858345 4.891411
v 4.261364 11.485508 5.035896
v 5.089161 11.928013 4.667990
v 5.837268 12.349949 3.812177
v 5.986828 11.526329 3.640405
v -7.116837 4.694309 -11.652001
v -6.879926 5.396503 -11.627294
v -6.402634 5.941914 -11.727241
v -5.592815 6.200420 -12.577739
v -6.320330 5.993874 -12.417698
v -6.807429 5.453613 -12.294232
vn 0.3456 0.9351 0.0786
vn 0.4905 0.8213 0.2913
vn -0.5067 0.8588 -0.0759
vn 0.6036 0.7118 0.3592
vn 0.3953 0.9164 -0.0625
vn 0.3443 0.8749 0.3407
vn 0.2694 0.9612 -0.0589
vn 0.4223 0.8623 -0.2795
vn -0.1187 0.9897 -0.0797
vn 0.0012 0.9880 -0.1545
vn 0.1167 0.9903 0.0752
vn -0.0000 0.9962 -0.0868
vn 0.0930 0.9923 -0.0817
vn -0.0000 0.9997 0.0233
vn 0.0381 0.9993 -0.0019
vn 0.0121 0.9974 0.0706
vn -0.5932 0.7416 -0.3133
vn 0.2826 0.9514 -0.1225
vn 0.4229 0.8903 -0.1691
vn 0.6505 0.7586 -0.0358
vn 0.7902 0.4750 0.3871
vn 0.5987 0.4082 0.6892
vn 0.8481 0.5276 0.0475
vn 0.0394 0.9199 0.3902
vn -0.2406 0.2672 0.9331
vn 0.1090 0.6605 0.7429
vn 0.5460 0.6040 0.5807
vn 0.0134 0.6832 0.7302
vn -0.0399 0.9201 0.3897
vn -0.0000 0.9123 0.4096
vn -0.0067 0.9977 0.0667
vn -0.0000 0.9968 0.0802
vn 0.0945 0.6580 0.7470
vn 0.2348 0.6532 0.7199
vn 0.3205 0.7029 0.6350
vn 0.5210 0.5437 0.6580
vn 0.0411 0.6600 0.7502
vn -0.0382 0.9993 -0.0022
vn 0.6987 0.6543 0.2893
vn 0.5031 0.8571 -0.1113
vn -0.4028 0.8488 -0.3425
vn -0.2941 0.9477 -0.1236
vn -0.2593 0.9618 -0.0876
vn -0.4087 0.8974 -0.1663
vn -0.3894 0.9187 -0.0658
vn -0.3463 0.8652 0.3626
vn -0.6005 0.7731 -0.2044
vn -0.4959 0.8341 0.2415
vn -0.4497 0.8765 -0.1717
vn -0.8213 0.4466 -0.3551
vn -0.8636 0.2892 -0.4129
vn -0.8336 0.3272 -0.4450
vn -0.7505 0.5086 -0.4219
vn -0.6915 0.6596 -0.2946
vn -0.6124 0.6912 -0.3837
vn -0.5258 0.8275 -0.1972
vn -0.6433 0.7265 -0.2414
vn -0.6186 0.7735 -0.1381
vn -0.6433 0.7652 -0.0253
vn -0.5859 0.7066 0.3968
vn -0.4124 0.6031 0.6828
vn -0.2158 0.7244 0.6548
vn -0.8085 0.5207 -0.2744
vn -0.8259 0.5602 -0.0643
vn -0.8460 0.5304 0.0553
vn -0.7659 0.4790 0.4289
vn -0.5165 0.8325 -0.2003
vn -0.5752 0.8161 -0.0549
vn -0.4773 0.8780 -0.0347
vn -0.4537 0.8854 0.1010
vn -0.6095 0.4456 0.6557
vn -0.5695 0.3349 0.7506
vn -0.5456 0.4267 0.7213
vn 0.2419 -0.5464 -0.8018
vn 0.2949 -0.3798 -0.8768
vn 0.4439 -0.3255 -0.8349
vn 0.1045 -0.5486 -0.8296
vn 0.1063 -0.7415 -0.6624
vn 0.0017 -0.5273 -0.8497
vn -0.0000 -0.4475 -0.8943
vn -0.1062 -0.5423 -0.8335
vn -0.1254 -0.4295 -0.8943
vn -0.2949 -0.3798 -0.8768
vn -0.3490 -0.2558 -0.9015
vn -0.5012 -0.1943 -0.8432
vn -0.5485 -0.1084 -0.8291
vn -0.7394 -0.0631 -0.6703
vn -0.7475 -0.0343 -0.6634
vn -0.9032 0.0065 -0.4291
vn -0.9023 0.1120 -0.4164
vn -0.8895 -0.0108 -0.4568
vn 0.1254 -0.4295 -0.8943
vn -0.7577 0.0577 -0.6500
vn -0.5640 -0.0539 -0.8240
vn -0.3879 -0.1456 -0.9101
vn -0.1600 -0.2852 -0.9450
vn 0.8983 -0.1821 -0.3999
vn 0.9143 -0.0708 -0.3988
vn 0.9528 -0.0665 -0.2962
vn 0.6550 -0.2723 -0.7049
vn 0.7177 -0.1111 -0.6875
vn 0.5012 -0.1943 -0.8432
vn 0.3493 -0.2561 -0.9014
vn 0.1600 -0.2852 -0.9450
vn -0.0000 -0.2943 -0.9557
vn -0.1742 -0.1705 -0.9698
vn -0.3888 -0.0435 -0.9203
vn -0.5667 0.0668 -0.8212
vn 0.5485 -0.1084 -0.8291
vn 0.7394 -0.0631 -0.6703
vn 0.9030 -0.0460 -0.4271
vn 0.9566 -0.0480 -0.2876
vn 0.7565 -0.0934 -0.6472
vn 0.8647 -0.0885 -0.4945
vn 0.0586 -0.5019 -0.8629
vn 0.6446 -0.1763 -0.7439
vn 0.8166 -0.4679 -0.3379
vn 0.9797 0.1992 0.0233
vn 0.7713 0.5602 -0.3021
vn 0.6679 -0.0309 -0.7436
vn -0.2921 0.2911 -0.9110
vn 0.9468 0.0022 -0.3219
vn 0.9032 0.0061 -0.4293
vn 0.7475 -0.0343 -0.6634
vn 0.9039 0.1065 -0.4143
vn 0.8829 -0.0244 -0.4689
vn 0.8260 0.3252 -0.4604
vn 0.8444 0.3136 -0.4344
vn 0.6394 0.3475 0.6858
vn 0.6812 0.5161 0.5192
vn 0.4321 0.8967 0.0957
vn 0.4651 0.8849 -0.0252
vn 0.5813 0.4663 0.6668
vn 0.6388 0.7684 -0.0375
vn 0.5100 0.8306 -0.2235
vn 0.9248 0.0834 -0.3713
vn 0.7236 -0.1418 -0.6755
vn 0.8217 0.4484 -0.3518
vn 0.8813 0.4674 -0.0702
vn 0.9078 0.0613 -0.4150
vn 0.9605 -0.2426 0.1362
vn 0.7290 -0.4274 -0.5347
vn 0.6244 0.5976 -0.5029
vn 0.7523 0.0416 -0.6576
vn 0.4996 -0.0038 -0.8663
vn 0.5331 0.1550 -0.8318
vn 0.6206 0.6451 -0.4458
vn 0.6725 0.6678 -0.3191
vn 0.6316 0.6768 -0.3781
vn 0.2808 0.4897 -0.8255
vn 0.6035 0.4928 -0.6268
vn 0.6910 0.4415 -0.5724
vn 0.3451 0.3074 -0.8868
vn 0.7411 0.2661 -0.6165
vn 0.4162 0.1300 -0.8999
vn 0.2468 0.3471 -0.9048
vn 0.5667 0.0668 -0.8212
vn 0.5641 -0.0539 -0.8240
vn 0.3888 -0.0435 -0.9203
vn 0.3879 -0.1456 -0.9101
vn 0.3580 0.1157 -0.9265
vn 0.1734 -0.0159 -0.9847
vn 0.5634 0.3120 -0.7650
vn 0.3589 0.3603 -0.8610
vn 0.1410 0.1771 -0.9740
vn -0.0000 0.2052 -0.9787
vn -0.0000 -0.0034 -1.0000
vn 0.1292 0.4172 -0.8996
vn 0.1742 -0.1705 -0.9698
vn -0.0000 -0.1765 -0.9843
vn -0.1734 -0.0159 -0.9847
vn -0.1410 0.1771 -0.9740
vn -0.3581 0.1156 -0.9265
vn 0.0947 0.7222 -0.6851
vn 0.0696 0.5120 -0.8561
vn 0.0076 0.4181 -0.9084
vn -0.1297 0.4106 -0.9026
vn -0.3590 0.3604 -0.8610
vn -0.5633 0.3121 -0.7650
vn -0.5996 0.5998 -0.5298
vn -0.7411 0.2358 -0.6286
vn -0.6723 0.4122 -0.6148
vn -0.5793 0.4783 -0.6601
vn -0.9140 0.2550 -0.3155
vn -0.8517 0.5156 -0.0940
vn -0.8430 0.5350 0.0551
vn -0.8894 0.4557 -0.0371
vn -0.8488 0.5286 0.0082
vn -0.8569 0.5107 0.0698
vn -0.4358 0.8451 0.3095
vn -0.4483 0.4541 -0.7700
vn -0.1281 0.4973 -0.8581
vn -0.1313 0.7292 -0.6716
vn 0.0165 0.7291 -0.6842
vn 0.1089 0.9380 -0.3290
vn -0.5611 0.7740 -0.2934
vn -0.6813 0.6736 -0.2866
vn -0.3794 0.8490 -0.3678
vn -0.6094 0.7774 -0.1557
vn -0.0000 0.9866 -0.1629
vn -0.6767 0.7018 -0.2226
vn -0.1278 0.9898 0.0634
vn -0.1050 0.9446 -0.3109
vn 0.0088 0.9460 -0.3239
vn 0.0049 0.9906 -0.1364
vn -0.0068 0.9867 -0.1623
vn 0.6771 0.7014 -0.2226
vn 0.6106 0.7740 -0.1676
vn 0.3173 0.8616 -0.3962
vn 0.6812 0.6737 -0.2864
vn 0.5606 0.7744 -0.2934
vn 0.5627 0.6428 -0.5198
vn 0.4432 0.8668 0.2287
vn 0.4556 0.8713 -0.1825
vn 0.8572 0.5103 0.0700
vn 0.5247 0.8240 -0.2138
vn 0.8485 0.5290 0.0136
vn 0.8871 0.4599 -0.0403
vn 0.8563 0.5153 0.0358
vn 0.8744 0.4793 -0.0758
vn 0.9231 0.2452 -0.2964
vn 0.4461 0.4368 -0.7811
vn 0.6074 0.7860 -0.1148
vn 0.6138 0.7503 -0.2457
vn 0.8359 0.5455 0.0613
vn 0.6882 0.4330 0.5822
vn 0.6945 0.5649 0.4456
vn 0.5634 0.7907 0.2396
vn 0.5785 0.8149 -0.0363
vn 0.5241 0.8243 -0.2139
vn 0.8695 0.3778 0.3183
vn 0.7772 0.0751 0.6248
vn 0.3433 0.8387 0.4229
vn 0.5713 -0.0229 0.8204
vn 0.3635 0.3509 0.8630
vn -0.3157 0.4819 0.8174
vn -0.4578 0.2417 0.8556
vn 0.0838 0.3868 0.9183
vn 0.1821 0.3301 0.9262
vn -0.6331 -0.0536 0.7722
vn 0.2341 -0.0046 0.9722
vn -0.2751 0.3883 0.8795
vn 0.5491 -0.0047 0.8357
vn -0.6671 -0.3910 0.6342
vn 0.7520 0.1959 0.6293
vn -0.0466 -0.1633 0.9855
vn 0.9280 -0.1416 0.3447
vn 0.9943 -0.0798 0.0714
vn 0.9121 0.2296 0.3396
vn 0.9151 -0.3965 0.0735
vn 0.9893 -0.1357 -0.0532
vn 0.1849 -0.8798 0.4379
vn 0.6913 -0.7083 -0.1431
vn 0.6595 0.7450 0.0998
vn 0.7507 0.6598 -0.0342
vn 0.7895 0.5935 -0.1565
vn 0.8002 0.5848 -0.1329
vn 0.7219 0.6911 -0.0355
vn 0.7319 0.6757 -0.0879
vn 0.9026 -0.0640 -0.4257
vn 0.8942 -0.1210 -0.4310
vn 0.4626 -0.7377 -0.4918
vn 0.9046 -0.0950 -0.4155
vn 0.7252 -0.4250 -0.5417
vn 0.9373 -0.1095 -0.3310
vn 0.5651 0.6691 -0.4827
vn 0.6450 0.0393 -0.7631
vn 0.8200 0.3008 -0.4869
vn 0.9030 -0.0356 -0.4281
vn 0.7061 -0.3018 -0.6405
vn 0.8776 -0.2509 -0.4085
vn 0.8089 -0.3916 -0.4386
vn 0.5553 -0.4666 -0.6884
vn 0.3732 -0.5041 -0.7788
vn 0.1717 -0.7858 -0.5942
vn -0.4316 -0.1108 -0.8952
vn 0.0058 -0.7187 -0.6953
vn -0.1164 0.3266 -0.9380
vn -0.6132 0.7775 -0.1395
vn 0.9775 -0.1323 0.1643
vn 0.4996 -0.7671 -0.4026
vn 0.2631 -0.5507 -0.7921
vn 0.2218 -0.6172 -0.7549
vn 0.8745 0.1821 -0.4495
vn 0.6531 -0.7573 -0.0049
vn 0.3552 -0.7825 -0.5114
vn 0.2446 -0.7873 -0.5659
vn -0.5867 0.2147 -0.7808
vn 0.3988 -0.0013 -0.9171
vn -0.1064 -0.7492 -0.6537
vn -0.1637 -0.7756 -0.6097
vn -0.2436 -0.5401 -0.8056
vn -0.3728 -0.4958 -0.7843
vn -0.4436 -0.3255 -0.8350
vn -0.5600 -0.4580 -0.6903
vn -0.6550 -0.2723 -0.7049
vn -0.8983 -0.1822 -0.3999
vn -0.9143 -0.0708 -0.3988
vn -0.9528 -0.0665 -0.2962
vn -0.9565 -0.0481 -0.2876
vn -0.7565 -0.0934 -0.6472
vn -0.6676 -0.0302 -0.7439
vn 0.4812 -0.2231 -0.8477
vn 0.0087 0.1078 -0.9941
vn -0.6088 0.7174 -0.3386
vn -0.8174 -0.4110 -0.4037
vn -0.9947 0.1027 0.0027
vn -0.9468 0.0029 -0.3217
vn -0.9031 -0.0462 -0.4268
vn -0.7177 -0.1111 -0.6875
vn -0.6823 -0.3922 -0.6170
vn 0.5633 -0.6867 -0.4594
vn 0.2344 0.3544 -0.9052
vn -0.0275 -0.5962 -0.8024
vn -0.2784 0.7910 0.5449
vn -0.8391 0.0553 0.5411
vn -0.6963 -0.6874 0.2066
vn -0.5278 -0.7981 -0.2906
vn -0.2743 0.8320 0.4822
vn -0.1391 -0.8552 0.4993
vn -0.2956 0.8890 0.3499
vn -0.3634 -0.8363 -0.4106
vn -0.2749 0.9464 0.1696
vn -0.1393 -0.9013 0.4102
vn -0.3307 -0.8583 -0.3924
vn 0.6423 0.5022 -0.5790
vn -0.6377 0.1185 -0.7611
vn -0.9174 0.2852 0.2775
vn -0.1636 -0.8768 0.4522
vn 0.9659 -0.0765 -0.2474
vn 0.7329 -0.4923 0.4697
vn 0.9560 -0.1537 -0.2499
vn 0.9905 -0.0870 -0.1064
vn 0.6164 -0.6881 -0.3828
vn 0.9930 -0.1102 -0.0428
vn 0.9839 -0.1640 -0.0714
vn 0.5822 -0.7602 -0.2885
vn 0.5528 -0.8066 -0.2092
vn -0.2272 -0.9431 -0.2427
vn -0.2542 -0.9656 0.0554
vn -0.9113 -0.4112 0.0220
vn -0.9045 -0.3719 0.2088
vn -0.2106 -0.8878 0.4093
vn 0.5942 -0.8040 -0.0212
vn 0.5997 -0.7700 0.2178
vn 0.9769 -0.1997 -0.0755
vn 0.6856 -0.6528 0.3221
vn -0.1065 -0.7343 0.6704
vn -0.0249 -0.5801 0.8142
vn -0.7937 -0.2677 0.5462
vn -0.8590 -0.3066 0.4101
vn -0.6638 -0.2577 0.7021
vn 0.9713 -0.2073 -0.1169
vn 0.9733 -0.1911 -0.1276
vn 0.9326 0.2321 0.2765
vn 0.5019 0.0324 0.8643
vn 0.0288 -0.2378 0.9709
vn -0.1368 0.0151 0.9905
vn -0.5810 0.1737 0.7952
vn -0.9479 0.2469 0.2012
vn -0.9269 0.3313 0.1762
vn -0.8551 0.4852 0.1828
vn -0.8981 0.3901 0.2030
vn -0.8614 0.4161 0.2913
vn -0.9083 -0.4091 -0.0871
vn -0.8411 0.2698 0.4687
vn -0.8382 0.3850 0.3863
vn -0.9125 -0.3319 -0.2389
vn -0.9178 -0.3612 -0.1649
vn -0.8394 0.4468 0.3094
vn -0.8425 0.4408 0.3096
vn 0.5964 -0.6419 -0.4819
vn -0.1606 -0.7836 -0.6002
vn -0.1607 -0.8590 -0.4860
vn 0.5948 -0.5811 -0.5555
vn -0.1797 -0.6941 -0.6971
vn 0.5798 -0.5147 -0.6316
vn -0.2092 -0.5812 -0.7864
vn -0.2450 -0.4724 -0.8467
vn -0.9392 -0.2245 -0.2598
vn -0.9392 -0.2327 -0.2526
vn -0.7827 0.3316 0.5268
vn -0.9321 -0.2570 -0.2554
vn -0.1856 -0.9093 -0.3724
vn 0.4809 -0.4594 -0.7468
vn -0.7904 0.2343 0.5661
vn -0.8011 0.0768 0.5935
vn 0.9988 -0.0472 0.0150
vn 0.9894 -0.0933 -0.1115
vn 0.9572 -0.1562 -0.2438
vn 0.3736 -0.2389 -0.8963
vn -0.3250 -0.2530 -0.9112
vn -0.9601 -0.1268 -0.2493
vn 0.8975 -0.0724 -0.4350
vn 0.8809 -0.0082 -0.4732
vn 0.0169 0.1576 -0.9874
vn 0.7440 0.1043 -0.6600
vn 0.7070 0.2520 -0.6607
vn 0.1200 0.0469 -0.9917
vn 0.2961 -0.0382 -0.9544
vn -0.4078 -0.1274 -0.9041
vn -0.9413 -0.1923 -0.2775
vn -0.5134 -0.0665 -0.8555
vn -0.9156 -0.2545 -0.3113
vn -0.8790 -0.3033 -0.3678
vn -0.5829 -0.0377 -0.8117
vn -0.5720 -0.1183 -0.8117
vn 0.0955 -0.1053 -0.9898
vn -0.1740 -0.5919 -0.7870
vn -0.2906 -0.7533 -0.5899
vn -0.4274 -0.7266 -0.5379
vn -0.7272 -0.6010 -0.3317
vn -0.7897 -0.1047 0.6045
vn -0.9184 -0.2821 0.2774
vn -0.6494 -0.6444 0.4037
vn -0.2396 -0.8617 0.4473
vn -0.1984 -0.9781 0.0627
vn 0.1159 -0.9660 -0.2310
vn 0.4227 -0.6454 -0.6362
vn 0.7850 0.0094 -0.6194
vn 0.8978 -0.4070 -0.1683
vn 0.8151 0.0113 -0.5792
vn 0.8438 0.3632 -0.3952
vn 0.2432 -0.7359 0.6319
vn -0.1907 -0.8501 0.4910
vn -0.1046 -0.4633 0.8800
vn 0.9225 0.3661 0.1220
vn 0.7311 0.1934 0.6543
vn 0.4188 -0.0206 0.9078
vn 0.0774 -0.0919 0.9928
vn 0.2122 -0.5129 0.8318
vn 0.9853 -0.1702 -0.0133
vn 0.9387 0.3225 -0.1220
vn 0.4039 -0.5288 0.7465
vn 0.8996 0.3892 -0.1980
vn 0.5329 -0.5374 0.6536
vn 0.8358 0.4680 -0.2870
vn 0.6507 -0.5484 0.5252
vn 0.6887 -0.6972 0.1989
vn 0.7642 0.5012 -0.4061
vn 0.7536 0.6493 -0.1029
vn 0.1554 0.9818 -0.1092
vn -0.5038 0.5419 -0.6727
vn 0.7209 -0.3794 -0.5800
vn 0.8012 -0.4259 -0.4203
vn -0.5300 -0.6609 -0.5314
vn 0.2347 -0.9085 0.3457
vn 0.9461 0.3229 0.0237
vn 0.5429 -0.8080 -0.2290
vn 0.2424 -0.4968 0.8333
vn -0.1199 -0.4755 -0.8715
vn -0.4804 0.8566 -0.1885
vn 0.7064 0.3140 0.6344
vn 0.0563 -0.8792 0.4730
vn 0.2325 0.8993 0.3704
vn 0.6153 0.0152 0.7882
vn 0.2084 0.8554 0.4741
vn 0.1052 -0.8726 0.4769
vn 0.2506 0.8072 0.5345
vn 0.6767 0.0003 0.7363
vn 0.6642 0.3654 0.6521
vn -0.8460 0.5098 0.1560
vn 0.1173 -0.8432 0.5246
vn -0.4188 -0.5162 0.7471
vn -0.8245 0.0315 -0.5649
vn -0.9298 0.3461 -0.1253
vn -0.8998 0.3840 -0.2072
vn -0.8360 0.4591 -0.3006
vn -0.7532 0.5225 -0.3996
vn -0.3614 0.9260 -0.1090
vn -0.7615 -0.5552 0.3346
vn -0.6693 -0.5238 0.5269
vn -0.5501 -0.5347 0.6414
vn -0.8701 -0.4618 -0.1723
vn -0.9545 0.1432 -0.2615
vn -0.2324 -0.7251 0.6482
vn 0.0763 -0.4552 0.8871
vn -0.2384 -0.5201 0.8202
vn -0.1104 -0.0864 0.9901
vn -0.4635 -0.0472 0.8848
vn -0.9347 0.3441 0.0892
vn -0.7621 0.1830 0.6211
vn -0.9827 -0.1787 -0.0486
vn 0.4242 -0.8839 0.1969
vn 0.7017 -0.7085 0.0759
vn 0.3571 -0.5773 0.7343
vn 0.3587 -0.0300 0.9330
vn 0.6034 0.3395 0.7216
vn 0.3320 0.3660 0.8694
vn 0.6320 -0.0068 0.7750
vn 0.2894 -0.6731 0.6805
vn -0.7916 -0.6105 0.0253
vn 0.2363 0.8586 0.4549
vn 0.1599 0.8994 0.4068
vn 0.0882 0.2909 0.9527
vn 0.1048 -0.0000 0.9945
vn -0.5096 -0.7764 0.3708
vn -0.3025 -0.6540 0.6934
vn 0.5519 -0.7239 -0.4140
vn 0.7561 -0.5183 -0.3995
vn 0.7424 -0.4473 -0.4987
vn 0.1046 -0.6329 0.7672
vn 0.0870 -0.6888 0.7197
vn 0.0562 0.7403 0.6699
vn 0.3937 0.6216 0.6772
vn -0.3852 0.8279 0.4077
vn -0.3027 0.8562 0.4187
vn 0.4556 -0.5743 0.6802
vn 0.3773 0.6305 0.6784
vn -0.6377 0.5833 -0.5031
vn -0.9299 0.3482 -0.1188
vn -0.6489 -0.0839 -0.7563
vn -0.6252 0.2247 -0.7475
vn -0.8644 0.3235 -0.3849
vn 0.2177 0.9759 0.0125
vn 0.0279 0.7910 0.6112
vn -0.9035 0.3605 -0.2319
vn 0.0419 0.9597 0.2779
vn 0.7393 -0.4549 -0.4965
vn 0.9738 -0.0933 -0.2074
vn 0.4165 -0.5670 0.7107
vn 0.0368 -0.6874 0.7254
vn 0.0708 0.8025 0.5925
vn -0.3267 -0.5979 0.7319
vn -0.3254 0.7326 0.5979
vn -0.2613 -0.3902 0.8829
vn 0.6013 -0.7232 -0.3398
vn 0.7244 -0.6838 -0.0872
vn 0.6935 -0.6873 0.2160
vn 0.8352 -0.4091 -0.3676
vn -0.3564 0.6474 -0.6737
vn -0.8115 0.3124 -0.4939
vn -0.8512 -0.2171 -0.4779
vn -0.2430 0.5885 0.7711
vn -0.0494 -0.6373 0.7690
vn 0.9088 -0.3903 -0.1474
vn 0.3901 -0.4380 0.8099
vn 0.9184 -0.2653 -0.2935
vn 0.8137 -0.0355 -0.5802
vn 0.3858 -0.6058 0.6958
vn -0.0401 -0.6222 0.7818
vn -0.0125 0.7510 0.6602
vn -0.0138 0.7987 0.6015
vn -0.1359 0.7868 0.6020
vn -0.9673 0.1492 -0.2052
vn -0.9832 0.0513 -0.1753
vn -0.1180 0.9697 0.2141
vn 0.3961 0.7074 0.5854
vn 0.4626 0.6305 0.6233
vn -0.6423 0.7652 0.0436
vn -0.8175 0.3361 -0.4677
vn -0.9280 0.1939 -0.3182
vn -0.7879 0.5324 -0.3096
vn 0.7675 -0.4465 -0.4599
vn -0.1618 -0.6567 0.7366
vn 0.6837 -0.5178 -0.5143
vn 0.6562 -0.6323 -0.4119
vn -0.2356 0.6849 0.6894
vn -0.9640 0.1043 -0.2446
vn -0.2450 0.6938 0.6772
vn 0.8943 0.3814 -0.2339
vn -0.0393 0.7611 0.6474
vn -0.7997 0.3120 -0.5129
vn -0.0177 0.7929 0.6091
vn -0.8068 0.2340 -0.5425
vn 0.3257 0.8337 0.4460
vn -0.6013 0.5640 -0.5660
vn -0.7115 0.4025 -0.5760
vn 0.3676 0.8455 0.3872
vn -0.2502 0.8447 0.4732
vn -0.2194 0.2846 0.9332
vn -0.4453 0.3058 0.8415
vn -0.0511 -0.6493 0.7588
vn -0.0323 -0.6867 0.7263
vn 0.2925 -0.7278 0.6203
vn 0.2546 -0.6013 0.7573
vn -0.7245 0.6592 -0.2013
vn -0.6229 0.4402 0.6467
vn -0.6424 0.1999 -0.7398
vn 0.6656 -0.7453 0.0403
vn 0.4128 -0.5705 -0.7100
vn -0.3758 -0.9265 -0.0198
vn -0.3113 -0.9453 0.0977
vn -0.7272 -0.5399 -0.4239
vn -0.8720 -0.3754 -0.3140
vn -0.2399 -0.6567 0.7150
vn -0.2100 -0.5425 0.8134
vn -0.2622 0.0253 0.9647
vn -0.2960 -0.6938 0.6565
vn -0.1246 -0.8429 0.5234
vn -0.6186 -0.0611 0.7833
vn 0.4754 -0.8422 -0.2543
vn -0.4578 -0.0073 0.8890
vn -0.6496 0.0168 0.7601
vn -0.6498 0.2719 0.7098
vn -0.5006 0.7992 0.3325
vn 0.4420 0.8803 -0.1725
vn -0.5454 0.7327 0.4070
vn 0.5718 0.7644 -0.2980
vn -0.4725 0.8493 0.2354
vn 0.6564 0.6347 -0.4078
vn 0.6664 0.6471 -0.3704
vn -0.5131 0.8416 0.1685
vn -0.5171 0.8495 0.1048
vn 0.7793 0.5595 -0.2820
vn 0.8094 0.5848 -0.0537
vn 0.8505 0.4996 -0.1644
vn 0.3782 0.7518 -0.5401
vn -0.3578 -0.2128 -0.9092
vn -0.2217 -0.3461 -0.9116
vn 0.7111 0.4664 -0.5261
vn -0.6707 0.3294 0.6646
vn -0.8243 -0.2089 -0.5261
vn -0.8202 -0.3298 -0.4674
vn -0.6016 -0.1582 -0.7829
vn -0.4099 0.8977 0.1616
vn 0.7344 0.5468 0.4020
vn 0.4982 0.7697 0.3992
vn 0.1627 0.7228 0.6716
vn -0.3483 0.6859 0.6389
vn -0.2155 0.8130 0.5410
vn -0.5332 0.8398 0.1022
vn -0.1889 0.9362 -0.2963
vn -0.5419 -0.8395 -0.0402
vn -0.9890 -0.1265 -0.0761
vn -0.9645 -0.2362 -0.1182
vn -0.9799 -0.1857 -0.0724
vn 0.2978 -0.9545 0.0162
vn -0.5324 -0.8366 -0.1289
vn -0.9819 -0.1756 -0.0707
vn -0.7105 -0.5776 0.4020
vn -0.9057 -0.2109 -0.3677
vn -0.9365 0.3098 0.1645
vn -0.9738 -0.1180 -0.1944
vn -0.6745 -0.6706 0.3088
vn -0.5526 -0.8193 0.1530
vn 0.2665 -0.8961 0.3549
vn 0.9129 -0.3782 0.1534
vn 0.9140 -0.4030 0.0479
vn 0.2494 -0.9494 -0.1908
vn -0.5907 -0.7587 -0.2748
vn -0.6173 -0.6859 -0.3852
vn -0.9913 -0.1256 -0.0406
vn -0.9967 -0.0759 -0.0293
vn 0.1473 -0.7070 0.6917
vn 0.8874 -0.2956 0.3538
vn -0.5019 0.0402 0.8640
vn 0.0526 -0.5506 0.8331
vn 0.8001 -0.2322 0.5531
vn 0.9374 0.3315 0.1065
vn 0.8976 0.4324 0.0862
vn 0.9010 0.3965 0.1757
vn 0.8575 0.4322 0.2791
vn 0.9087 -0.4081 -0.0874
vn 0.1929 -0.9135 -0.3582
vn 0.1593 -0.8593 -0.4861
vn -0.5972 -0.6409 -0.4824
vn 0.1567 -0.7816 -0.6038
vn 0.9441 0.2612 0.2013
vn 0.6232 -0.2067 0.7543
vn -0.0081 -0.2241 0.9745
vn 0.4904 0.1530 0.8580
vn 0.1414 0.0348 0.9893
vn -0.5949 -0.5819 -0.5546
vn 0.1719 -0.6937 -0.6995
vn -0.5796 -0.5172 -0.6298
vn 0.2035 -0.5853 -0.7848
vn 0.2443 -0.4723 -0.8469
vn 0.9390 -0.2271 -0.2581
vn 0.9405 -0.2304 -0.2499
vn 0.7930 0.3498 0.4989
vn 0.7650 0.4391 0.4712
vn 0.9241 -0.2709 -0.2695
vn 0.9150 -0.3268 -0.2367
vn 0.9182 -0.3601 -0.1654
vn -0.4800 -0.4634 -0.7449
vn 0.8001 0.4686 0.3744
vn 0.8379 0.4492 0.3100
vn 0.8431 0.4384 0.3113
vn 0.7877 0.2387 0.5679
vn 0.7931 0.0902 0.6024
vn -0.9768 -0.2140 0.0036
vn -0.9910 -0.1136 -0.0703
vn -0.9631 -0.1655 -0.2124
vn -0.3730 -0.2446 -0.8950
vn 0.3258 -0.2527 -0.9110
vn 0.9597 -0.1333 -0.2476
vn 0.9406 -0.1996 -0.2746
vn 0.8217 -0.0342 0.5690
vn 0.9219 -0.2635 -0.2841
vn 0.8608 -0.3645 0.3553
vn 0.9000 -0.3373 -0.2761
vn -0.9123 -0.1073 -0.3952
vn -0.8728 -0.0237 -0.4875
vn -0.2954 -0.0453 -0.9543
vn 0.4120 -0.1264 -0.9024
vn 0.5270 -0.0686 -0.8471
vn 0.6125 -0.0400 -0.7895
vn 0.6229 -0.1179 -0.7734
vn -0.0095 0.1526 -0.9882
vn -0.0735 -0.1141 -0.9907
vn 0.1945 -0.5859 -0.7867
vn 0.3170 -0.7521 -0.5778
vn 0.4918 -0.7282 -0.4774
vn 0.7390 -0.6217 -0.2595
vn -0.1181 0.0396 -0.9922
vn 0.6227 -0.4707 0.6251
vn 0.4934 -0.7639 0.4160
vn 0.1802 -0.9805 -0.0784
vn -0.0449 -0.9827 -0.1797
vn -0.4081 -0.6012 -0.6870
vn -0.8200 -0.1204 -0.5596
vn -0.6757 0.1739 -0.7164
vn -0.7493 0.0847 -0.6568
vn 0.0379 0.5973 -0.8011
vn -0.5012 0.7394 -0.4495
vn 0.3919 0.7644 -0.5120
vn -0.8225 0.2998 -0.4833
vn 0.8019 -0.3929 -0.4501
vn 0.8461 -0.1807 -0.5015
vn -0.8557 0.2248 -0.4661
vn -0.6143 0.4838 -0.6234
vn 0.8166 -0.2645 -0.5130
vn 0.0849 -0.6179 0.7817
vn -0.2594 0.2899 0.9213
vn 0.3846 0.2338 0.8930
vn 0.3945 0.3780 0.8375
vn -0.3663 0.1738 0.9141
vn 0.4137 0.0613 0.9083
vn -0.4864 0.1547 0.8599
vn 0.6140 0.1387 0.7770
vn 0.3656 0.3460 0.8641
vn 0.2818 -0.0498 0.9582
vn -0.6117 0.0262 0.7907
vn -0.9853 0.1328 0.1077
vn -0.9903 0.1366 -0.0236
vn -0.6391 0.0088 0.7691
vn 0.1502 -0.2800 0.9482
vn -0.9503 0.1276 0.2839
vn 0.4519 -0.5657 0.6897
vn -0.0179 -0.5353 0.8445
vn -0.9840 -0.0825 -0.1582
vn -0.8929 0.1585 0.4214
vn -0.1899 0.4100 0.8921
vn 0.4037 0.4985 0.7671
vn 0.3915 0.6338 0.6671
vn -0.7998 0.4594 0.3864
vn -0.7925 0.4075 0.4536
vn -0.1304 0.7794 0.6128
vn -0.1485 0.6846 0.7137
vn 0.4289 0.7115 0.5566
vn -0.1658 0.5376 0.8268
vn -0.8635 0.1881 0.4680
vn -0.8239 0.2845 0.4901
vn 0.4552 0.7548 0.4723
vn -0.1224 0.8525 0.5082
vn -0.8035 0.5096 0.3078
vn -0.8265 0.5307 0.1879
vn -0.8548 0.5146 0.0666
vn -0.8885 0.4458 -0.1087
vn -0.8503 0.4337 -0.2981
vn 0.0645 0.6175 -0.7839
vn 0.0220 0.9878 0.1539
vn -0.1153 0.5706 -0.8131
vn 0.0239 0.8073 -0.5897
vn 0.6391 0.6993 -0.3200
vn 0.5180 0.8551 -0.0195
vn 0.4618 0.8633 0.2037
vn 0.4441 0.8195 0.3621
vn 0.4574 0.7808 0.4256
vn -0.1403 0.9137 0.3813
vn -0.1730 0.9339 0.3129
vn -0.5233 0.7959 0.3044
vn -0.8738 0.4593 -0.1597
vn -0.7658 0.3528 -0.5377
vn -0.2227 0.7092 -0.6689
vn 0.5073 0.8500 0.1422
vn 0.1875 0.8598 0.4749
vn -0.6514 0.2658 -0.7106
vn -0.8428 0.5310 0.0879
vn -0.1767 0.8058 0.5652
vn 0.3977 0.3263 0.8576
vn 0.6920 0.5619 -0.4532
vn 0.9809 0.1555 0.1173
vn 0.9475 0.1405 0.2874
vn 0.3622 0.1746 0.9156
vn 0.4781 0.1548 0.8645
vn -0.4154 0.0659 0.9072
vn -0.6180 0.1444 0.7728
vn 0.7929 0.4082 0.4524
vn 0.1576 0.6843 0.7119
vn 0.1710 0.5341 0.8280
vn 0.8238 0.2883 0.4882
vn 0.8634 0.1932 0.4661
vn 0.8917 0.1656 0.4213
vn 0.2587 0.2900 0.9214
vn -0.3836 0.2371 0.8926
vn -0.2912 -0.0502 0.9553
vn -0.4536 -0.5808 0.6759
vn -0.3942 0.3788 0.8373
vn -0.4285 0.7179 0.5486
vn -0.3830 0.6372 0.6688
vn -0.4023 0.4915 0.7724
vn 0.1906 0.4099 0.8920
vn 0.0022 -0.5362 0.8441
vn 0.5929 0.0169 0.8051
vn -0.3680 0.3488 0.8620
vn -0.4206 0.3741 0.8265
vn -0.7200 0.6031 -0.3432
vn -0.6138 0.7559 -0.2278
vn -0.4986 0.8666 -0.0209
vn -0.4719 0.8590 0.1985
vn -0.4615 0.7956 0.3924
vn -0.4583 0.7804 0.4254
vn -0.4562 0.7542 0.4723
vn 0.1355 0.7816 0.6089
vn 0.8104 0.4609 -0.3617
vn 0.7401 0.3913 -0.5469
vn 0.6402 0.3168 -0.6998
vn 0.8077 0.5733 0.1379
vn 0.1047 0.5887 -0.8016
vn -0.0188 0.9881 0.1527
vn -0.0863 0.6504 -0.7547
vn 0.0345 0.8125 -0.5819
vn 0.2000 0.7530 -0.6269
vn 0.8459 0.5113 -0.1516
vn 0.8004 0.4583 0.3864
vn 0.1237 0.8523 0.5083
vn 0.1346 0.9101 0.3919
vn 0.1619 0.8986 0.4077
vn 0.8600 0.5014 0.0952
vn 0.8304 0.5181 0.2049
vn 0.8044 0.5070 0.3096
vn -0.7462 0.5504 0.3745
vn 0.3373 0.6842 0.6466
vn 0.4292 0.8804 0.2018
vn -0.4634 0.8703 -0.1668
vn 0.5150 0.7319 0.4463
vn 0.4570 0.7886 0.4114
vn 0.4544 0.8585 0.2378
vn 0.5211 0.8456 0.1161
vn 0.4944 0.8656 0.0802
vn -0.8047 0.5904 -0.0625
vn -0.5940 0.7542 -0.2797
vn -0.6893 0.6049 -0.3986
vn -0.7275 0.5676 -0.3855
vn -0.7639 0.5902 -0.2610
vn -0.5756 0.8177 -0.0082
vn -0.7138 0.6290 0.3080
vn -0.5209 0.8489 0.0892
vn -0.6741 -0.7369 -0.0502
vn -0.7121 -0.7004 0.0490
vn -0.6053 -0.7958 0.0194
vn -0.6315 -0.7719 -0.0733
vn -0.6499 -0.7600 -0.0101
vn -0.5752 -0.8150 0.0700
vn -0.6015 -0.7941 0.0873
vn -0.5989 -0.7990 0.0539
vn -0.6741 -0.7317 0.1009
vn -0.7022 -0.6097 0.3677
vn -0.6202 -0.6811 0.3892
vn -0.6096 0.7374 0.2909
vn -0.6764 -0.5220 0.5197
vn -0.6643 0.5759 0.4765
vn -0.8078 0.4095 0.4241
vn -0.7048 0.7088 -0.0282
vn -0.8657 -0.3326 0.3741
vn -0.7665 0.6336 -0.1050
vn -0.7115 0.6781 -0.1842
vn -0.8168 0.5767 -0.0160
vn -0.7315 0.6800 -0.0506
vn -0.6739 -0.7334 0.0892
vn -0.6963 0.4800 -0.5336
vn -0.6199 -0.6828 -0.3867
vn -0.6536 0.0617 -0.7543
vn -0.8041 0.1942 -0.5619
vn -0.4649 -0.8787 -0.1081
vn -0.6264 -0.7791 -0.0249
vn -0.6134 0.7714 -0.1692
vn -0.6729 0.7224 -0.1591
vn -0.6157 0.7836 -0.0829
vn -0.6358 0.7687 -0.0700
vn -0.5204 0.7183 -0.4618
vn 0.2097 0.8321 0.5135
vn 0.0742 -0.4959 -0.8652
vn -0.2109 -0.2197 -0.9525
vn -0.9584 -0.2545 -0.1292
vn -0.6724 0.0845 -0.7353
vn -0.7919 -0.2362 0.5632
vn 0.7842 0.5282 0.3257
vn -0.7950 0.0224 0.6061
vn 0.9520 0.1287 -0.2778
vn -0.5840 0.5568 0.5907
vn 0.6511 0.5724 -0.4984
vn 0.8565 0.1816 0.4832
vn -0.1587 0.5699 0.8062
vn -0.5756 0.1375 -0.8061
vn -0.5765 0.5754 -0.5802
vn -0.9336 0.3210 -0.1593
vn -0.4906 -0.0002 0.8714
vn 0.5052 -0.7076 0.4940
vn 0.7818 -0.5089 0.3602
vn -0.0787 0.3319 -0.9400
vn -0.1000 -0.5449 -0.8325
vn -0.8211 -0.5653 -0.0784
vn 0.6856 0.1962 -0.7011
vn 0.6214 0.3306 -0.7103
vn 0.6222 0.0437 -0.7816
vn 0.6610 0.3000 -0.6878
vn -0.5577 0.3859 -0.7348
vn 0.6266 0.1765 -0.7591
vn -0.7245 0.2609 -0.6380
vn 0.5350 0.4794 -0.6956
vn -0.5622 0.5524 -0.6155
vn -0.2667 0.2857 -0.9205
vn 0.5717 -0.0313 -0.8199
vn 0.1858 0.2525 -0.9496
vn 0.9977 0.0625 0.0247
vn 0.7732 -0.4270 -0.4689
vn 0.8926 -0.3459 -0.2893
vn -0.1238 0.1739 0.9769
vn -0.1079 -0.8510 0.5139
vn -0.2168 -0.7151 -0.6645
vn 0.1160 -0.6456 -0.7548
vn 0.1788 0.2667 -0.9470
vn -0.8565 0.5078 -0.0927
vn -0.1599 0.0252 -0.9868
vn 0.2364 -0.9709 -0.0380
vn -0.0123 -0.9252 0.3793
vn -0.9655 -0.2171 -0.1437
vn -0.6524 -0.2468 0.7166
vn -0.9462 -0.2939 0.1354
vn -0.5046 0.0900 0.8587
vn -0.3456 0.1546 0.9256
vn -0.4524 -0.4666 0.7600
vn -0.0756 -0.7343 -0.6747
vn -0.0777 0.3452 -0.9353
vn -0.2572 -0.1097 -0.9601
vn -0.7903 0.4877 0.3710
vn -0.5124 0.6110 0.6034
vn 0.6549 0.6133 0.4415
vn 0.8082 0.5886 0.0193
vn 0.9848 0.1739 -0.0039
vn -0.9202 -0.1354 0.3673
vn 0.7084 0.5386 0.4562
vn -0.8720 -0.3606 0.3311
vn -0.7301 -0.6707 -0.1308
vn -0.5104 0.4705 -0.7198
vn -0.1525 0.2558 -0.9546
vn 0.4781 0.4847 -0.7324
vn 0.2169 0.3041 -0.9276
vn 0.5881 0.2509 -0.7689
vn 0.7381 0.3870 -0.5527
vn -0.6348 0.2438 -0.7332
vn -0.6011 0.4028 -0.6902
vn -0.4544 0.1475 -0.8785
vn -0.5141 0.5988 -0.6141
vn -0.7041 0.3611 -0.6114
vn -0.7383 0.1256 0.6626
vn 0.3508 0.2713 0.8963
vn 0.0475 0.4802 0.8759
vn 0.8183 0.1673 -0.5499
vn 0.8647 0.4549 -0.2129
vn 0.2369 0.4610 -0.8552
vn 0.9221 0.2159 -0.3212
vn 0.2311 -0.6237 -0.7467
vn 0.8243 -0.5633 0.0564
vn 0.4456 -0.6787 -0.5838
vn 0.8722 0.0228 0.4887
vn 0.8594 -0.4444 0.2529
vn 0.9754 -0.2011 0.0898
vn 0.7337 0.2649 -0.6257
vn 0.4839 -0.7884 -0.3797
vn 0.1550 -0.9592 0.2365
vn 0.6011 -0.1376 -0.7872
vn -0.7089 -0.0710 0.7018
vn -0.6003 -0.2943 -0.7437
vn 0.5543 0.5916 0.5855
vn -0.4235 -0.7094 0.5634
vn -0.7255 0.4123 -0.5510
vn -0.8372 -0.4744 0.2723
vn -0.8520 -0.4208 0.3114
vn -0.7670 0.1774 0.6166
vn -0.7625 -0.0395 0.6458
vn -0.9797 -0.1662 -0.1119
vn -0.5614 -0.3868 -0.7316
vn -0.7660 -0.3141 -0.5609
vn 0.6017 0.6938 -0.3957
vn 0.4737 0.7976 -0.3734
vn 0.6170 0.7528 -0.2295
vn -0.6072 0.7774 -0.1640
vn -0.7126 0.6998 0.0503
vn -0.7844 0.5998 -0.1579
vn -0.7130 0.4244 -0.5581
vn 0.3513 0.5429 -0.7628
vn -0.6064 0.6276 0.4883
vn 0.5635 0.8182 -0.1141
vn -0.7441 0.6597 0.1049
vn 0.5129 0.8460 -0.1453
vn -0.7210 0.6920 0.0350
vn 0.6677 0.7133 -0.2129
vn -0.8099 0.5844 -0.0504
vn 0.5352 0.7062 -0.4636
vn -0.7856 0.5876 -0.1937
vn 0.5769 0.7486 0.3267
vn -0.7734 0.6224 -0.1201
vn -0.7171 -0.2445 -0.6527
vn -0.9413 -0.3365 -0.0256
vn -0.5612 0.5524 -0.6163
vn -0.6938 0.7201 0.0084
vn -0.5667 0.8239 0.0037
vn -0.6473 0.7539 0.1123
vn -0.8952 -0.3928 0.2105
vn -0.9364 -0.3400 0.0867
vn -0.9344 0.3551 -0.0269
vn -0.9249 -0.3719 0.0794
vn -0.7624 0.5644 0.3166
vn -0.9744 -0.1647 0.1529
vn -0.7741 -0.4507 0.4445
vn -0.5781 0.7560 0.3071
vn -0.7711 0.0886 0.6305
vn -0.6484 0.7538 0.1065
vn 0.6499 -0.7599 -0.0101
vn 0.5795 -0.8134 0.0505
vn 0.6715 -0.7393 -0.0505
vn 0.5873 -0.8069 0.0624
vn 0.5989 -0.7990 0.0539
vn 0.6540 -0.7449 0.1322
vn 0.7665 0.6336 -0.1050
vn 0.7048 0.7089 -0.0282
vn 0.7022 -0.6097 0.3677
vn 0.6200 -0.6812 0.3893
vn 0.7138 0.6290 0.3080
vn 0.6096 0.7374 0.2909
vn 0.6760 -0.5220 0.5201
vn 0.8590 -0.3488 0.3747
vn 0.6639 0.5760 0.4769
vn 0.7115 0.6781 -0.1841
vn 0.8168 0.5767 -0.0160
vn 0.7315 0.6800 -0.0506
vn 0.6961 0.4799 -0.5339
vn 0.6199 -0.6827 -0.3868
vn 0.4681 -0.8786 -0.0941
vn 0.6739 -0.7334 0.0892
vn 0.6145 -0.7878 0.0417
vn 0.6015 -0.7985 0.0243
vn 0.7121 -0.7004 0.0491
vn 0.6316 -0.7718 -0.0734
vn 0.8520 -0.4208 0.3116
vn 0.8372 -0.4744 0.2723
vn 0.7670 0.1774 0.6166
vn 0.7661 -0.3140 -0.5608
vn 0.7625 -0.0395 0.6458
vn 0.9797 -0.1662 -0.1119
vn 0.5613 -0.3868 -0.7316
vn 0.7255 0.4123 -0.5510
vn -0.6011 -0.1376 -0.7872
vn 0.6879 -0.1619 -0.7076
vn 0.7088 -0.0710 0.7018
vn -0.9786 0.2058 0.0001
vn -0.5458 -0.7845 -0.2943
vn 0.1766 0.0949 0.9797
vn -0.0475 0.4802 0.8759
vn 0.7383 0.1257 0.6626
vn 0.7042 0.3611 -0.6114
vn -0.2311 -0.6237 -0.7467
vn -0.4457 -0.6787 -0.5837
vn -0.7337 0.2649 -0.6257
vn -0.8243 -0.5633 0.0564
vn -0.6704 -0.3712 -0.6425
vn -0.8183 0.1674 -0.5499
vn -0.2430 0.4815 0.8421
vn -0.7381 0.3870 -0.5527
vn -0.1574 0.7729 0.6147
vn -0.8647 0.4549 -0.2129
vn -0.2506 0.9483 0.1946
vn -0.9220 0.2160 -0.3213
vn -0.3566 0.8381 0.4127
vn -0.8722 0.0228 0.4887
vn 0.1951 -0.0904 0.9766
vn -0.8594 -0.4444 0.2529
vn -0.9754 -0.2011 0.0899
vn -0.2366 0.4610 -0.8553
vn 0.5141 0.5988 -0.6141
vn 0.4544 0.1475 -0.8785
vn 0.6011 0.4028 -0.6902
vn -0.5859 0.2509 -0.7706
vn 0.6369 0.2436 -0.7314
vn -0.4750 0.4848 -0.7344
vn 0.5144 0.4704 -0.7170
vn 0.7313 -0.6698 -0.1286
vn 0.8720 -0.3606 0.3311
vn 0.9202 -0.1354 0.3673
vn 0.7903 0.4877 0.3710
vn 0.5124 0.6110 0.6034
vn -0.8601 0.5082 0.0436
vn 0.1267 0.0418 -0.9911
vn 0.1528 0.2573 -0.9542
vn -0.2142 0.2461 -0.9453
vn 0.1400 0.1376 -0.9805
vn -0.6017 0.6940 -0.3954
vn -0.3504 0.5435 -0.7628
vn -0.6169 0.7528 -0.2296
vn -0.4737 0.7976 -0.3734
vn -0.5351 0.7061 -0.4638
vn -0.6677 0.7133 -0.2128
vn -0.5129 0.8460 -0.1453
vn -0.5633 0.8184 -0.1138
vn -0.5770 0.7486 0.3266
vn 0.6064 0.6276 0.4883
vn 0.7441 0.6597 0.1050
vn 0.7210 0.6920 0.0350
vn 0.8085 0.5864 -0.0491
vn 0.7833 0.5899 -0.1960
vn 0.6072 0.7775 -0.1639
vn 0.7126 0.6997 0.0504
vn 0.7844 0.5998 -0.1579
vn 0.7130 0.4244 -0.5582
vn 0.9413 -0.3366 -0.0257
vn 0.7734 0.6224 -0.1201
vn 0.6472 0.7540 0.1124
vn 0.7169 -0.2445 -0.6529
vn 0.5608 0.5526 -0.6166
vn 0.6938 0.7201 0.0084
vn 0.8951 -0.3930 0.2106
vn 0.9362 -0.3405 0.0870
vn 0.9348 0.3541 -0.0266
vn 0.5667 0.8239 0.0037
vn 0.9243 -0.3733 0.0796
vn 0.9739 -0.1676 0.1531
vn 0.7746 -0.4512 0.4431
vn 0.5781 0.7566 0.3055
vn 0.6483 0.7539 0.1066
vn 0.7345 -0.6727 0.0895
vn 0.2034 -0.2231 -0.9533
vn 0.1513 -0.3050 -0.9403
vn 0.5840 0.5568 0.5907
vn -0.5305 0.7342 0.4237
vn 0.1587 0.5699 0.8062
vn -0.2249 0.9743 0.0100
vn -0.4742 0.7315 0.4900
vn 0.7950 0.0224 0.6061
vn -0.5087 0.5096 0.6940
vn 0.7919 -0.2362 0.5632
vn 0.9594 -0.2537 -0.1234
vn 0.6760 0.0852 -0.7319
vn -0.6222 0.0437 -0.7816
vn -0.6610 0.3000 -0.6878
vn -0.6237 0.1764 -0.7615
vn -0.5686 -0.0311 -0.8221
vn -0.5314 0.4797 -0.6982
vn -0.1949 0.2454 -0.9496
vn 0.2656 0.2848 -0.9210
vn 0.5656 0.5522 -0.6125
vn 0.7273 0.2619 -0.6344
vn 0.5577 0.3859 -0.7348
vn 0.5756 0.1375 -0.8061
vn 0.5765 0.5754 -0.5802
vn -0.6214 0.3307 -0.7103
vn -0.3548 -0.1921 -0.9150
vn 0.0540 -0.3209 -0.9456
vn 0.0107 -0.9415 0.3367
vn 0.6524 -0.2468 0.7166
vn 0.9655 -0.2171 -0.1438
vn 0.8565 0.5078 -0.0927
vn 0.9462 -0.2939 0.1355
vn -0.1161 -0.6455 -0.7549
vn 0.8211 -0.5653 -0.0784
vn 0.1000 -0.5449 -0.8325
vn 0.9336 0.3210 -0.1593
vn 0.0787 0.3319 -0.9400
vn -0.6855 0.1963 -0.7011
vn -0.7732 -0.4270 -0.4689
vn -0.8925 -0.3459 -0.2893
vn 0.4907 -0.0001 0.8714
vn 0.5046 0.0900 0.8587
vn 0.1599 0.0252 -0.9868
vn -0.1788 0.2667 -0.9470
vn 0.1014 -0.8662 -0.4893
vn -0.1995 -0.6975 0.6883
vn -0.6609 0.6540 0.3682
vn -0.7683 -0.5907 0.2466
vn -0.9977 0.0625 0.0247
vn 0.3456 0.1546 0.9256
vn 0.4523 -0.4666 0.7601
vn 0.0345 -0.9892 -0.1427
vn -0.2302 -0.9709 0.0666
vn -0.0000 -0.9588 -0.2842
vn -0.0267 -0.9872 -0.1571
vn -0.0326 -0.9981 0.0528
vn -0.0000 -0.9992 0.0405
vn -0.0479 -0.9512 0.3048
vn 0.0180 -0.9505 0.3104
vn 0.1562 -0.6522 0.7417
vn -0.0000 -0.5638 0.8259
vn 0.0121 -0.7029 0.7112
vn -0.2306 -0.9214 0.3129
vn -0.2145 -0.9746 0.0639
vn -0.1976 -0.9695 -0.1450
vn -0.6733 -0.7379 0.0460
vn -0.6744 -0.7233 -0.1484
vn -0.8644 -0.4458 -0.2327
vn -0.9494 -0.2715 -0.1579
vn -0.9838 -0.0954 -0.1518
vn -0.8423 -0.0334 -0.5380
vn -0.9889 -0.0764 -0.1271
vn -0.9773 0.1393 -0.1596
vn -0.5196 -0.8542 -0.0188
vn -0.6178 -0.7491 0.2391
vn -0.1893 -0.6257 0.7567
vn -0.5664 -0.7977 0.2072
vn -0.6110 0.1821 0.7704
vn -0.7713 0.6226 0.1317
vn -0.9874 0.1238 0.0986
vn -0.9817 -0.0026 0.1902
vn -0.9883 -0.1492 0.0313
vn -0.9856 -0.1413 -0.0933
vn -0.9129 -0.3974 0.0936
vn -0.8833 0.2326 0.4071
vn -0.7988 -0.1382 0.5855
vn -0.7688 -0.2600 0.5842
vn -0.3211 -0.8884 0.3280
vn -0.1770 -0.9502 0.2566
vn -0.9333 -0.2986 0.1995
vn -0.9680 -0.0206 0.2501
vn -0.7173 -0.1456 0.6814
vn 0.1847 -0.5810 0.7927
vn 0.6177 -0.7491 0.2392
vn 0.5229 -0.8522 -0.0199
vn 0.2304 -0.4625 0.8561
vn 0.0091 -0.6299 0.7766
vn 0.2306 -0.9214 0.3129
vn 0.2143 -0.9747 0.0638
vn 0.6733 -0.7380 0.0460
vn 0.8756 -0.4316 -0.2168
vn 0.8455 -0.0270 -0.5333
vn 0.9890 -0.0762 -0.1271
vn 0.9785 0.1337 -0.1573
vn 0.9838 -0.0953 -0.1518
vn 0.9494 -0.2715 -0.1579
vn 0.6744 -0.7233 -0.1484
vn 0.1976 -0.9695 -0.1451
vn 0.0267 -0.9872 -0.1571
vn 0.0326 -0.9981 0.0528
vn 0.0478 -0.9512 0.3049
vn -0.1562 -0.6522 0.7417
vn 0.1659 -0.9762 0.1395
vn 0.6187 0.1978 0.7603
vn 0.9900 0.1393 -0.0241
vn 0.7652 0.6296 0.1346
vn 0.9809 -0.0049 0.1946
vn 0.9880 -0.1509 0.0315
vn 0.9853 -0.1434 -0.0932
vn 0.9194 -0.1421 0.3668
vn 0.8833 0.2327 0.4070
vn 0.9338 0.2993 0.1962
vn 0.9801 0.1319 0.1481
vn 0.4275 -0.7567 0.4946
vn 0.3231 -0.9326 0.1611
vn 0.9518 0.2486 -0.1794
vn 0.5526 -0.0997 -0.8274
vn 0.6285 0.1574 -0.7617
vn 0.6619 0.0341 -0.7488
vn 0.7114 0.2744 -0.6470
vn 0.6359 0.4291 -0.6415
vn 0.7027 -0.2308 -0.6730
vn 0.1740 -0.1258 -0.9767
vn -0.7151 -0.2271 -0.6612
vn -0.5541 -0.1042 -0.8259
vn -0.7266 0.2653 -0.6338
vn 0.6781 0.3957 -0.6194
vn 0.6191 0.4210 -0.6629
vn 0.7095 0.5096 -0.4867
vn 0.7282 0.3813 -0.5695
vn 0.5158 -0.3691 -0.7731
vn -0.5398 -0.1648 -0.8255
vn -0.5231 -0.3657 -0.7698
vn -0.8137 0.1326 -0.5660
vn -0.8462 0.0804 -0.5268
vn -0.7063 0.3768 -0.5993
vn -0.6330 0.4040 -0.6604
vn -0.6894 0.4028 -0.6020
vn 0.6420 0.4031 -0.6522
vn 0.7120 0.3996 -0.5775
vn 0.7185 0.2781 -0.6375
vn -0.7355 0.3973 -0.5487
vn -0.7245 0.4537 -0.5189
vn -0.6026 0.3937 -0.6941
vn -0.7460 0.2590 -0.6135
vn -0.8317 0.3365 -0.4416
vn 0.6367 0.5093 -0.5790
vn -0.6523 0.5099 -0.5608
vn -0.7036 0.3190 -0.6350
vn -0.7512 0.5754 -0.3233
vn -0.4700 0.8416 -0.2659
vn -0.3193 -0.5998 -0.7337
vn 0.3324 0.8851 -0.3257
vn 0.5193 0.6840 -0.5123
vn -0.0672 0.8617 -0.5030
vn 0.9531 0.2556 -0.1621
vn -0.2367 0.9655 -0.1085
vn 0.6910 -0.5092 -0.5130
vn -0.9057 -0.1128 -0.4087
vn -0.4560 -0.8643 0.2121
vn 0.9614 0.1172 -0.2489
vn -0.6801 0.2631 -0.6843
vn -0.7301 0.3738 -0.5721
vn 0.9134 -0.0143 -0.4067
vn 0.9454 -0.2520 -0.2065
vn 0.1584 0.9847 0.0722
vn 0.9032 -0.3748 -0.2092
vn 0.8578 -0.4248 -0.2894
vn -0.0960 0.9897 0.1058
vn 0.8679 -0.4025 -0.2912
vn 0.0321 0.9938 0.1060
vn 0.9013 -0.3913 -0.1858
vn 0.8632 -0.4188 -0.2819
vn 0.7514 0.5887 -0.2980
vn 0.8491 -0.4592 -0.2610
vn -0.1233 0.9878 -0.0954
vn -0.7396 0.6696 0.0679
vn -0.9443 -0.0882 -0.3171
vn 0.1899 0.8049 -0.5622
vn 0.8660 -0.4344 -0.2476
vn -0.6607 0.3102 -0.6836
vn 0.8131 -0.4950 -0.3063
vn -0.2886 0.9073 -0.3058
vn -0.8023 0.3543 -0.4804
vn 0.7321 -0.6316 -0.2551
vn -0.9988 -0.0399 -0.0281
vn -0.4139 0.8532 0.3174
vn 0.9069 -0.1162 -0.4051
vn 0.3774 0.9102 -0.1706
vn 0.6292 0.7482 0.2107
vn 0.2124 -0.9323 0.2927
vn -0.7775 -0.5369 0.3275
vn 0.8438 -0.5170 -0.1435
vn -0.2604 0.2805 -0.9238
vn 0.7301 0.3576 -0.5823
vn 0.0069 -0.9083 -0.4182
vn 0.8872 -0.2503 -0.3875
vn 0.4981 -0.4010 0.7688
vn 0.3288 0.8980 0.2925
vn 0.1289 0.7999 0.5862
vn 0.1847 0.8775 0.4427
vn 0.4474 0.8706 0.2047
vn 0.6003 -0.3239 0.7312
vn 0.3717 -0.4020 0.8368
vn 0.2407 -0.5138 0.8234
vn 0.1916 -0.5274 0.8277
vn 0.4140 -0.2957 0.8609
vn 0.2344 0.7463 0.6230
vn 0.4501 -0.4457 0.7738
vn 0.2359 0.8718 0.4293
vn 0.0724 0.8423 0.5342
vn 0.0967 0.7824 0.6153
vn -0.0126 -0.4991 0.8664
vn -0.0143 -0.4728 0.8811
vn -0.0557 0.8386 0.5419
vn -0.0683 0.8499 0.5226
vn 0.2950 0.5458 0.7843
vn 0.1101 -0.4632 0.8794
vn 0.1756 -0.4062 0.8968
vn 0.5503 0.7584 0.3491
vn -0.0025 0.8475 0.5307
vn 0.0651 -0.4849 0.8722
vn 0.0115 -0.5133 0.8582
vn -0.1233 -0.5015 0.8563
vn -0.3437 0.5597 0.7541
vn -0.0461 0.9299 0.3649
vn -0.0203 0.8356 0.5490
vn -0.5061 0.8299 0.2349
vn -0.0110 0.8697 0.4934
vn -0.1135 -0.5915 0.7983
vn -0.0809 -0.3821 0.9206
vn -0.1733 0.9275 0.3311
vn -0.1715 0.7769 0.6058
vn -0.1416 0.8611 0.4884
vn -0.1620 0.8980 0.4092
vn -0.2030 -0.3092 0.9291
vn -0.2803 -0.3310 0.9010
vn -0.6353 -0.0561 0.7703
vn -0.4037 -0.3340 0.8518
vn -0.3856 -0.4552 0.8025
vn -0.2906 -0.1636 0.9428
vn 0.8069 0.4970 -0.3192
vn -0.2221 0.9022 0.3696
vn -0.5766 0.7641 0.2894
vn -0.7027 -0.3537 0.6174
vn -0.7270 -0.3392 0.5970
vn -0.5557 0.7536 0.3510
vn -0.8098 -0.4921 -0.3195
vn -0.8758 -0.2863 -0.3887
vn -0.8498 -0.0845 -0.5203
vn -0.6006 -0.6115 0.5152
vn -0.6572 -0.6716 -0.3422
vn -0.8037 -0.3900 0.4493
vn -0.5407 -0.6199 -0.5687
vn -0.2843 0.2507 0.9254
vn -0.1501 0.2662 -0.9522
vn -0.5389 -0.2338 0.8093
vn -0.4918 -0.3334 -0.8043
vn -0.3075 -0.5998 -0.7387
vn 0.4481 0.3444 0.8250
vn 0.1178 -0.4972 0.8596
vn -0.5365 0.1565 -0.8293
vn 0.4907 -0.7855 0.3771
vn -0.7717 0.2181 -0.5975
vn -0.9048 0.3354 -0.2623
vn 0.2934 -0.9026 0.3150
vn 0.1506 0.3021 -0.9413
vn 0.5530 -0.7412 0.3805
vn 0.0988 0.3329 -0.9378
vn 0.7624 -0.4087 0.5016
vn 0.7416 -0.3916 -0.5447
vn 0.7856 -0.5316 0.3165
vn 0.9047 -0.1144 0.4105
vn -0.0881 0.3409 -0.9360
vn -0.7817 -0.4989 -0.3741
vn -0.8483 -0.2746 0.4529
vn -0.2902 0.7221 -0.6280
vn -0.1226 0.7580 0.6406
vn -0.1135 0.7686 -0.6295
vn -0.2830 0.6916 0.6646
vn -0.3987 0.6558 -0.6411
vn -0.3765 0.6326 0.6768
vn -0.5457 0.5307 0.6485
vn 0.2922 0.7165 0.6335
vn 0.3238 0.6769 -0.6610
vn 0.2779 0.6842 -0.6742
vn 0.2045 0.7487 0.6306
vn 0.0681 0.7863 0.6141
vn 0.0718 0.7539 -0.6531
vn -0.5333 0.5233 -0.6646
vn -0.7786 -0.0369 -0.6265
vn -0.7897 -0.0119 0.6134
vn 0.1963 0.7203 -0.6653
vn -0.7697 -0.3305 -0.5462
vn -0.7720 -0.2553 0.5821
vn 0.7897 -0.0119 0.6134
vn 0.7698 -0.3316 -0.5454
vn 0.7786 -0.0369 -0.6265
vn 0.5178 0.5736 0.6347
vn 0.5025 0.5670 -0.6527
vn 0.3203 0.6658 0.6738
vn 0.7722 -0.2567 0.5812
vn 0.5074 -0.1058 0.8552
vn -0.4206 0.7774 0.4677
vn -0.9552 0.2629 0.1358
vn 0.6274 0.0106 0.7786
vn -0.3940 0.8351 0.3840
vn 0.1115 0.3072 0.9451
vn -0.9748 0.1626 0.1526
vn -0.9963 -0.0411 0.0761
vn -0.9966 0.0109 0.0811
vn -0.6533 -0.7524 -0.0844
vn -0.7604 -0.6481 -0.0424
vn 0.9927 -0.0547 -0.1074
vn -0.8517 -0.4658 -0.2401
vn 0.1943 -0.0999 -0.9759
vn -0.4378 -0.7172 -0.5421
vn 0.7466 0.0642 -0.6622
vn -0.6935 -0.7203 -0.0116
vn -0.9935 0.0916 -0.0673
vn -0.9843 0.1731 0.0346
vn -0.9965 0.0622 0.0555
vn -0.8109 0.5532 0.1909
vn -0.7762 0.4947 -0.3909
vn -0.8632 -0.0282 -0.5041
vn -0.7192 -0.5430 -0.4334
vn -0.7194 -0.6917 0.0629
vn -0.9811 -0.0646 0.1827
vn 0.2459 0.7975 0.5510
vn 0.0207 0.4218 -0.9065
vn -0.3549 0.8390 0.4125
vn -0.4134 0.8415 0.3477
vn -0.6759 0.2471 0.6943
vn -0.8049 0.2353 0.5448
vn -0.4647 0.8545 0.2320
vn -0.9223 0.2389 0.3037
vn -0.4532 0.8879 0.0787
vn -0.9654 0.2337 0.1155
vn -0.4682 0.8835 0.0162
vn -0.6243 0.7792 0.0553
vn -0.8619 0.5030 -0.0637
vn -0.4831 0.1707 -0.8588
vn -0.3215 0.1681 -0.9319
vn -0.0977 0.3177 -0.9431
vn 0.1639 0.9756 -0.1458
vn 0.4471 0.2602 -0.8558
vn -0.1521 0.8300 -0.5367
vn -0.7457 -0.6627 0.0689
vn -0.8162 -0.5543 0.1631
vn -0.7800 -0.5317 0.3299
vn -0.6667 -0.5246 0.5294
vn -0.5832 -0.4355 0.6857
vn -0.4528 -0.3955 0.7991
vn 0.2300 -0.3096 0.9226
vn 0.0764 -0.9657 -0.2482
vn 0.6070 0.6385 -0.4732
vn 0.3478 -0.5088 0.7875
vn 0.0954 -0.8448 -0.5265
vn -0.3941 -0.9069 -0.1488
vn -0.4616 -0.8867 0.0265
vn -0.1922 -0.6082 -0.7701
vn -0.4854 -0.5384 -0.6888
vn -0.6599 -0.5279 -0.5347
vn -0.5279 -0.1522 0.8355
vn 0.4404 -0.0824 0.8940
vn -0.2863 -0.2946 0.9117
vn -0.3291 -0.0246 0.9440
vn -0.0949 -0.3893 0.9162
vn -0.0000 -0.4172 0.9088
vn 0.0949 -0.3893 0.9162
vn 0.2863 -0.2946 0.9117
vn 0.5279 -0.1522 0.8355
vn -0.4017 -0.0307 0.9153
vn 0.3293 -0.0249 0.9439
vn 0.3754 0.0860 0.9229
vn -0.2518 0.4004 0.8811
vn -0.0000 0.1197 0.9928
vn 0.1119 0.1198 0.9865
vn -0.0000 0.1266 0.9920
vn 0.1224 0.1139 0.9859
vn 0.1265 0.0885 0.9880
vn -0.0000 0.0956 0.9954
vn 0.1190 -0.0779 0.9898
vn -0.0000 -0.0982 0.9952
vn -0.1189 -0.0778 0.9898
vn -0.1266 0.0886 0.9880
vn -0.3749 0.0860 0.9231
vn -0.1224 0.1138 0.9859
vn -0.3868 0.1017 0.9166
vn -0.1119 0.1198 0.9865
vn -0.3596 0.0997 0.9278
vn -0.0000 0.1574 0.9875
vn 0.0901 0.1481 0.9849
vn 0.0614 0.1518 0.9865
vn -0.0901 0.1481 0.9849
vn -0.3148 0.1185 0.9417
vn -0.0614 0.1518 0.9865
vn -0.0000 0.1684 0.9857
vn -0.0000 0.1314 0.9913
vn 0.0264 0.1059 0.9940
vn -0.0000 0.1664 0.9861
vn -0.0267 0.1060 0.9940
vn -0.2746 0.1101 0.9552
vn -0.3934 -0.0181 0.9192
vn -0.4731 0.0949 0.8759
vn -0.5127 -0.0063 0.8585
vn -0.5094 0.0268 0.8601
vn -0.2327 -0.0562 0.9709
vn -0.2781 0.0963 0.9557
vn -0.4595 0.1401 0.8771
vn -0.2776 0.4462 0.8508
vn -0.1363 0.4760 0.8688
vn -0.0329 0.4397 0.8976
vn -0.0079 0.4249 0.9052
vn 0.2944 0.4445 0.8460
vn 0.1429 0.4818 0.8646
vn 0.0311 0.4411 0.8969
vn 0.0070 0.4248 0.9053
vn -0.0000 0.4324 0.9017
vn -0.0000 0.2232 0.9748
vn 0.9873 -0.1064 -0.1183
vn 0.9935 -0.0959 -0.0612
vn 0.9833 -0.1402 0.1159
vn 0.9766 -0.2146 -0.0143
vn 0.9499 -0.2819 -0.1351
vn 0.9073 -0.2900 -0.3044
vn 0.7966 -0.2915 -0.5297
vn 0.6721 -0.3013 -0.6764
vn 0.5502 -0.3256 -0.7689
vn -0.1346 0.9793 0.1509
vn 0.1984 0.9660 0.1660
vn 0.0220 0.9982 -0.0560
vn -0.0222 0.9534 -0.3009
vn 0.0933 0.7650 0.6372
vn -0.6386 0.7695 0.0076
vn -0.5936 0.7796 0.1997
vn -0.1970 0.9791 -0.0504
vn -0.2244 0.9401 -0.2566
vn -0.2502 0.6696 -0.6993
vn 0.1468 0.1366 -0.9797
vn 0.2849 -0.0775 -0.9554
vn 0.3744 -0.0818 -0.9237
vn -0.2214 0.4224 -0.8790
vn 0.3998 -0.1749 -0.8998
vn -0.7233 -0.4281 -0.5419
vn 0.3867 -0.3741 -0.8430
vn -0.7763 -0.0947 -0.6232
vn -0.6549 -0.7381 -0.1624
vn -0.2130 -0.1348 -0.9677
vn -0.2471 -0.0207 -0.9688
vn -0.2625 0.0078 -0.9649
vn -0.2711 0.1745 -0.9466
vn -0.6649 0.5225 -0.5338
vn -0.6653 0.7225 -0.1879
vn -0.9280 0.3635 0.0816
vn -0.9273 0.3187 -0.1962
vn -0.9848 0.1237 0.1220
vn -0.7201 0.0244 -0.6935
vn -0.7260 0.0544 -0.6855
vn -0.7316 -0.0505 -0.6799
vn -0.7096 0.2124 -0.6718
vn -0.9642 0.1057 -0.2433
vn -0.9667 0.0545 -0.2500
vn -0.9885 0.0742 0.1318
vn -0.9715 -0.0235 -0.2358
vn -0.7076 -0.2854 -0.6464
vn -0.1899 -0.3897 -0.9011
vn -0.6526 -0.6125 -0.4461
vn -0.1967 -0.7294 -0.6552
vn -0.9217 -0.3427 -0.1818
vn -0.9908 -0.0195 0.1343
vn -0.8534 0.0139 0.5210
vn -0.8546 0.0709 0.5145
vn -0.8769 0.1045 0.4692
vn -0.5401 0.0296 0.8410
vn -0.5424 0.0516 0.8385
vn -0.0835 -0.0019 0.9965
vn -0.5171 -0.1877 0.8351
vn -0.8418 -0.2624 0.4718
vn -0.9179 -0.3741 0.1325
vn -0.6563 -0.7410 -0.1419
vn -0.2179 -0.9462 -0.2393
vn 0.3497 -0.6731 -0.6517
vn 0.3393 -0.8989 -0.2773
vn -0.2049 -0.9713 0.1208
vn -0.6405 -0.7615 0.0996
vn -0.6252 -0.7162 0.3101
vn -0.5285 -0.5591 0.6389
vn -0.0744 -0.2639 0.9617
vn 0.5221 -0.2772 0.8065
vn 0.4840 -0.6896 0.5387
vn -0.1168 -0.7701 0.6272
vn 0.4228 -0.8985 0.1180
vn -0.1784 -0.9578 0.2256
vn 0.3013 -0.9535 -0.0025
vn -0.3180 -0.6827 -0.6579
vn -0.1524 -0.9006 0.4070
vn 0.3934 -0.1868 0.9002
vn 0.3412 -0.8195 0.4604
vn 0.5032 -0.0543 0.8625
vn -0.0730 0.0387 0.9966
vn -0.5423 0.0798 0.8364
vn -0.8679 0.3219 0.3784
vn 0.6875 -0.0950 0.7200
vn 0.4542 0.0106 0.8908
vn -0.0500 0.0767 0.9958
vn -0.5169 0.3097 0.7981
vn -0.5071 0.6706 0.5414
vn -0.0427 0.7718 0.6344
vn 0.3138 0.7455 0.5880
vn 0.3122 0.6398 0.7023
vn 0.3685 0.3101 0.8764
vn 0.5029 0.3609 0.7854
vn 0.3975 0.0662 0.9152
vn -0.0153 0.3113 0.9502
vn 0.5890 0.0542 0.8063
vn 0.3083 -0.3154 0.8975
vn -0.0655 -0.3960 -0.9159
vn -0.3033 -0.2727 -0.9130
vn 0.3209 0.7701 -0.5514
vn 0.5420 -0.0657 -0.8378
vn 0.7791 -0.4119 -0.4726
vn -0.6773 -0.4444 0.5863
vn 0.8654 0.2671 0.4239
vn 0.0419 -0.0511 -0.9978
vn -0.0170 0.5020 -0.8647
vn 0.9902 -0.1392 -0.0075
vn 0.6647 0.2311 -0.7104
vn 0.5846 0.4727 -0.6594
vn 0.5643 0.5226 -0.6391
vn 0.8475 0.5214 -0.0996
vn 0.9472 0.3188 -0.0330
vn 0.8093 -0.4527 0.3744
vn 0.6345 0.3473 0.6905
vn 0.4305 0.6415 -0.6349
vn 0.9616 -0.0723 0.2647
vn 0.9955 0.0788 -0.0527
vn 0.6582 -0.3924 -0.6425
vn 0.0461 -0.3759 -0.9255
vn 0.6707 0.2155 0.7097
vn 0.8858 -0.3521 -0.3023
vn 0.2900 0.3420 -0.8938
vn 0.4441 0.8608 -0.2487
vn 0.5399 0.8071 0.2389
vn 0.7586 0.6273 0.1763
vn 0.8417 0.2600 -0.4733
vn 0.8217 0.4391 -0.3632
vn 0.7392 0.2158 0.6379
vn -0.0567 0.7433 0.6666
vn 0.3397 0.4586 0.8211
vn 0.4629 -0.8857 0.0346
vn 0.5702 -0.7929 -0.2150
vn 0.8728 0.3551 -0.3348
vn 0.7296 0.3937 -0.5591
vn -0.7942 0.5934 -0.1305
vn -0.5406 -0.6847 0.4888
vn 0.0176 -0.9950 -0.0981
vn -0.6639 -0.3538 -0.6588
vn 0.3703 -0.5915 -0.7162
vn 0.6431 -0.5488 -0.5341
vn -0.8103 -0.3065 -0.4995
vn 0.1776 -0.5312 -0.8284
vn -0.9076 -0.2700 -0.3215
vn 0.0525 -0.4463 -0.8934
vn -0.9509 -0.2468 -0.1869
vn -0.1650 -0.5249 -0.8350
vn -0.9775 -0.2095 -0.0256
vn -0.4445 -0.5252 -0.7257
vn -0.9771 -0.1541 0.1468
vn -0.9957 -0.0881 -0.0288
vn -0.9945 -0.0690 -0.0788
vn -0.8644 -0.0633 -0.4988
vn -0.9273 -0.2471 -0.2810
vn -0.8814 -0.1361 0.4524
vn -0.2943 0.3633 0.8840
vn 0.2645 0.9628 -0.0558
vn -0.6443 0.2825 0.7107
vn 0.0852 0.9963 -0.0066
vn 0.4619 0.2718 -0.8443
vn 0.5905 0.2794 -0.7572
vn -0.5028 -0.3514 -0.7897
vn 0.0021 0.6609 -0.7505
vn -0.6713 0.7017 -0.2387
vn 0.1101 -0.9028 -0.4156
vn 0.3473 0.7816 -0.5182
vn -0.6160 0.7796 -0.1130
vn -0.5661 0.8243 0.0089
vn -0.8859 0.4616 -0.0468
vn -0.9424 -0.3316 0.0442
vn -0.6348 -0.7048 -0.3167
vn -0.7025 0.7096 -0.0547
vn -0.0496 0.9977 0.0469
vn -0.5550 0.8108 0.1859
vn -0.5572 0.8202 -0.1295
vn -0.5621 0.7813 -0.2714
vn -0.4847 0.6175 -0.6196
vn 0.0072 0.9133 -0.4072
vn -0.0340 0.7345 -0.6777
vn -0.3689 0.8667 -0.3358
vn -0.4753 0.6164 -0.6278
vn -0.7879 0.5132 -0.3404
vn -0.8327 0.2393 -0.4994
vn -0.9441 0.2544 -0.2098
vn -0.9530 0.0992 -0.2862
vn -0.9910 0.1254 0.0476
vn -0.9495 -0.0130 -0.3136
vn -0.7913 0.0185 -0.6112
vn -0.7891 -0.0640 -0.6110
vn -0.4988 0.3005 -0.8129
vn -0.6572 0.2478 -0.7118
vn -0.8872 0.0991 -0.4506
vn -0.6849 0.6771 -0.2693
vn -0.4988 0.0756 -0.8634
vn -0.1127 0.3782 -0.9188
vn -0.3871 0.3923 -0.8344
vn -0.3637 0.3260 -0.8726
vn -0.3511 0.4055 -0.8440
vn 0.1694 0.9265 -0.3360
vn 0.2133 0.9633 -0.1627
vn 0.1605 0.8214 -0.5473
vn -0.4951 0.7224 -0.4827
vn -0.1943 0.8412 -0.5046
vn -0.1581 0.5024 -0.8501
vn 0.0616 0.4594 -0.8861
vn 0.1655 0.8759 -0.4532
vn -0.1943 0.5090 -0.8385
vn -0.4305 0.3832 -0.8172
vn -0.1461 0.4678 -0.8717
vn -0.3335 0.1545 -0.9300
vn -0.4801 0.1397 -0.8660
vn -0.4281 0.1112 -0.8969
vn -0.1156 0.1024 -0.9880
vn -0.1044 -0.0405 -0.9937
vn -0.4679 -0.0344 -0.8831
vn -0.4586 0.0017 -0.8886
vn -0.1276 0.0372 -0.9911
vn -0.4780 0.0227 -0.8781
vn -0.8121 0.0761 -0.5786
vn -0.4330 -0.2945 -0.8519
vn -0.3720 -0.1451 -0.9168
vn -0.1165 -0.0392 -0.9924
vn -0.4594 -0.0221 -0.8879
vn -0.1033 -0.2863 -0.9525
vn -0.1943 -0.4221 -0.8855
vn -0.2976 -0.6348 -0.7131
vn -0.1302 -0.3373 -0.9324
vn -0.0650 -0.0263 -0.9975
vn -0.0535 0.1700 -0.9840
vn -0.0500 0.4793 -0.8762
vn 0.0212 0.1749 -0.9844
vn -0.4017 -0.2213 -0.8886
vn -0.0754 -0.3271 -0.9420
vn 0.0093 0.0012 -1.0000
vn 0.0680 -0.0122 -0.9976
vn 0.0455 0.1760 -0.9833
vn 0.0102 0.4695 -0.8829
vn 0.0345 0.6010 -0.7985
vn 0.0012 0.6116 -0.7911
vn 0.0053 0.7146 -0.6996
vn 0.0256 0.6841 -0.7290
vn -0.0117 0.7253 -0.6883
vn -0.0585 0.6205 -0.7820
vn 0.0579 0.4086 -0.9109
vn -0.6185 0.3160 -0.7194
vn -0.7491 0.0985 -0.6551
vn -0.6736 0.0822 -0.7345
vn -0.1919 -0.0873 -0.9775
vn -0.7063 0.4763 -0.5238
vn -0.7180 0.4091 -0.5632
vn -0.5648 0.6494 -0.5092
vn 0.1033 -0.0541 -0.9932
vn 0.3319 -0.1573 -0.9301
vn 0.2586 0.1756 -0.9499
vn 0.7896 0.0959 -0.6060
vn 0.2434 0.4172 -0.8756
vn 0.7035 0.2655 -0.6592
vn 0.7709 0.2592 -0.5819
vn 0.8197 0.3515 -0.4524
vn 0.2392 0.5678 -0.7877
vn 0.7743 0.3715 -0.5123
vn 0.7627 0.5030 -0.4065
vn 0.1281 0.8055 -0.5786
vn 0.4647 0.7171 -0.5194
vn 0.4429 0.4926 -0.7491
vn 0.4650 0.3882 -0.7956
vn 0.5035 0.1569 -0.8496
vn 0.4790 -0.0476 -0.8765
vn -0.0126 0.9125 -0.4088
vn 0.3787 0.7052 -0.5994
vn 0.3757 0.8731 -0.3108
vn 0.0118 0.9900 -0.1403
vn 0.3669 0.9195 -0.1409
vn 0.0505 0.9977 0.0449
vn 0.4411 0.8971 0.0235
vn 0.3677 0.3968 -0.8410
vn 0.4216 0.1216 -0.8986
vn 0.4585 0.0016 -0.8887
vn 0.1126 0.3781 -0.9189
vn 0.1155 0.1025 -0.9880
vn 0.1277 0.0374 -0.9911
vn 0.1165 -0.0392 -0.9924
vn 0.3720 -0.1451 -0.9168
vn 0.1033 -0.2863 -0.9525
vn 0.1943 -0.4221 -0.8855
vn 0.0345 -0.7547 -0.6552
vn 0.1223 -0.8457 -0.5194
vn -0.0199 -0.9479 -0.3178
vn 0.0737 -0.9518 -0.2977
vn -0.0212 -0.9986 0.0488
vn 0.0430 -0.9955 0.0849
vn 0.2976 -0.6348 -0.7130
vn 0.1364 -0.6885 -0.7123
vn 0.4017 -0.2214 -0.8886
vn 0.4595 -0.0222 -0.8879
vn 0.4988 0.0756 -0.8634
vn 0.4779 0.0229 -0.8781
vn 0.7891 -0.0639 -0.6110
vn 0.5931 -0.4488 -0.6684
vn 0.1754 -0.9269 -0.3319
vn 0.7913 0.0185 -0.6112
vn 0.8121 0.0761 -0.5786
vn 0.1060 -0.9438 0.3131
vn -0.0157 -0.9721 0.2339
vn 0.1505 -0.9872 0.0523
vn 0.6883 -0.6499 -0.3223
vn 0.9369 -0.1708 -0.3049
vn 0.9495 -0.0130 -0.3136
vn 0.9530 0.0992 -0.2862
vn 0.8327 0.2392 -0.4995
vn 0.4987 0.3006 -0.8130
vn 0.0315 0.7373 -0.6748
vn 0.9441 0.2544 -0.2098
vn 0.9910 0.1255 0.0476
vn 0.9971 -0.0612 0.0451
vn 0.9686 -0.2366 0.0758
vn 0.7192 -0.6901 0.0810
vn 0.9567 0.2776 0.0881
vn 0.8966 0.3677 0.2469
vn 0.9110 0.2041 0.3582
vn 0.9015 0.0914 0.4230
vn 0.6238 -0.6479 0.4372
vn 0.8509 -0.2426 0.4659
vn 0.8855 -0.0934 0.4552
vn 0.5550 0.8109 0.1856
vn 0.5365 0.8391 0.0904
vn 0.5217 0.8485 -0.0887
vn 0.3689 0.8667 -0.3359
vn 0.4753 0.6164 -0.6278
vn 0.7879 0.5132 -0.3403
vn 0.8579 0.5021 -0.1088
vn 0.8732 0.4782 0.0937
vn -0.9686 -0.2366 0.0758
vn -0.6883 -0.6499 -0.3223
vn -0.7192 -0.6901 0.0810
vn -0.6238 -0.6479 0.4372
vn -0.1505 -0.9872 0.0523
vn -0.1060 -0.9438 0.3131
vn 0.0213 -0.9986 0.0490
vn 0.0157 -0.9721 0.2339
vn -0.0430 -0.9955 0.0849
vn -0.0193 -0.9708 0.2392
vn 0.0208 -0.9936 0.1106
vn 0.0029 -0.9801 0.1985
vn -0.0000 -0.9935 0.1140
vn -0.0000 -0.9833 0.1822
vn -0.0029 -0.9801 0.1985
vn 0.0193 -0.9708 0.2393
vn -0.1754 -0.9269 -0.3319
vn 0.0199 -0.9479 -0.3178
vn -0.0737 -0.9518 -0.2978
vn -0.0645 -0.9564 -0.2848
vn -0.0209 -0.9937 0.1105
vn -0.0000 -0.9701 -0.2427
vn 0.0052 -0.9651 -0.2619
vn -0.0958 -0.9062 -0.4117
vn -0.1223 -0.8457 -0.5194
vn -0.0345 -0.7547 -0.6552
vn -0.1364 -0.6885 -0.7123
vn -0.5931 -0.4488 -0.6684
vn -0.0199 -0.9356 -0.3525
vn -0.0000 -0.9451 -0.3267
vn 0.4330 -0.2945 -0.8519
vn 0.1302 -0.3373 -0.9324
vn 0.1437 -0.7692 -0.6226
vn 0.0958 -0.9062 -0.4117
vn 0.0645 -0.9564 -0.2848
vn -0.0052 -0.9651 -0.2619
vn 0.0199 -0.9356 -0.3526
vn -0.0000 -0.8197 -0.5727
vn -0.0526 -0.8138 -0.5788
vn -0.1437 -0.7692 -0.6227
vn 0.0526 -0.8138 -0.5788
vn -0.0000 -0.3389 -0.9408
vn 0.0754 -0.3271 -0.9420
vn -0.9369 -0.1707 -0.3050
vn -0.9971 -0.0612 0.0451
vn -0.9015 0.0914 0.4230
vn -0.9111 0.2041 0.3582
vn -0.8961 0.3683 0.2475
vn -0.7776 0.6211 0.0973
vn -0.8509 -0.2426 0.4659
vn -0.8855 -0.0934 0.4552
vn -0.9038 -0.1071 -0.4144
vn -0.8913 -0.1445 -0.4297
vn -0.9051 -0.0174 -0.4249
vn -0.9974 -0.0164 -0.0706
vn -0.9963 0.0549 0.0655
vn -0.7194 -0.3005 -0.6262
vn -0.8826 -0.2595 -0.3921
vn -0.8647 -0.0884 -0.4945
vn -0.9384 -0.1146 -0.3259
vn -0.8114 -0.3881 -0.4370
vn -0.5109 -0.7640 -0.3942
vn -0.2645 -0.5499 -0.7922
vn -0.2188 -0.6189 -0.7544
vn -0.3859 -0.7728 -0.5038
vn -0.2441 -0.7654 -0.5955
vn 0.3895 0.7813 0.4877
vn 0.4467 0.8327 0.3273
vn 0.9800 0.1734 0.0979
vn 0.9348 0.3086 0.1759
vn 0.6796 0.7227 -0.1254
vn 0.6228 0.7819 0.0277
vn 0.9908 0.1157 -0.0698
vn 0.9959 -0.0112 0.0900
vn 0.9976 -0.0345 0.0592
vn 0.9985 -0.0539 0.0052
vn 0.9811 -0.0645 0.1826
vn 0.8109 0.5532 0.1912
vn 0.8632 -0.0282 -0.5041
vn 0.7762 0.4947 -0.3909
vn 0.7192 -0.5430 -0.4334
vn 0.7195 -0.6917 0.0629
vn 0.6316 -0.7660 -0.1202
vn 0.7251 -0.6876 -0.0363
vn 0.8171 -0.5302 -0.2264
vn 0.7717 -0.6359 0.0106
vn 0.9818 0.1798 0.0615
vn 0.7624 -0.6408 0.0903
vn 0.3972 -0.7753 -0.4911
vn 0.7118 -0.4801 0.5127
vn 0.8131 -0.4772 0.3334
vn 0.8140 -0.5456 0.1994
vn 0.9652 0.2099 0.1560
vn 0.9227 0.2275 0.3112
vn 0.8270 0.2628 0.4970
vn 0.6742 0.3261 0.6627
vn 0.5875 -0.3747 0.7172
vn 0.3302 -0.4174 0.8466
vn -0.3471 -0.3667 0.8631
vn 0.4201 0.8378 0.3487
vn 0.5123 0.8239 0.2423
vn 0.5620 0.8153 0.1397
vn 0.6094 0.7897 0.0707
vn 0.3876 0.8248 0.4116
vn -0.2329 0.7602 0.6065
vn 0.3877 0.1023 0.9161
vn 0.3596 0.0997 0.9278
vn 0.3147 0.1183 0.9418
vn 0.2745 0.1100 0.9553
vn 0.2752 0.0896 0.9572
vn -0.5777 -0.0771 -0.8126
vn -0.7098 0.2995 -0.6375
vn 0.6339 -0.0732 -0.7699
vn 0.8059 0.2855 -0.5186
vn 0.9994 -0.0315 0.0168
vn 0.6941 0.4469 -0.5644
vn -0.6403 0.4696 -0.6079
vn 0.6933 0.4965 -0.5224
vn 0.7106 -0.2425 -0.6605
vn -0.7498 -0.1922 -0.6332
vn -0.5988 -0.2558 -0.7590
vn 0.5749 -0.2557 -0.7773
vn -0.6133 0.5284 -0.5871
vn -0.3963 0.8538 -0.3375
vn 0.5349 0.8005 -0.2704
vn 0.6449 0.5287 -0.5519
vn 0.7341 0.1726 -0.6567
vn -0.7028 0.2400 -0.6697
vn -0.5944 0.3775 -0.7100
vn -0.6421 0.4250 -0.6381
vn -0.6733 0.4457 -0.5900
vn 0.7225 0.3892 -0.5713
vn 0.5902 0.3012 -0.7490
vn -0.3867 -0.3741 -0.8430
vn 0.6563 -0.7410 -0.1419
vn 0.6241 -0.7779 0.0733
vn 0.2998 -0.9525 0.0538
vn 0.2179 -0.9462 -0.2393
vn 0.6526 -0.6125 -0.4461
vn 0.1967 -0.7294 -0.6552
vn 0.1900 -0.3898 -0.9011
vn -0.3998 -0.1749 -0.8998
vn -0.3393 -0.8987 -0.2779
vn -0.2750 -0.9604 -0.0455
vn -0.3505 -0.6737 -0.6506
vn 0.2131 -0.1348 -0.9677
vn 0.7076 -0.2854 -0.6464
vn 0.9218 -0.3423 -0.1818
vn 0.9179 -0.3741 0.1325
vn 0.6252 -0.7162 0.3101
vn 0.1783 -0.9578 0.2256
vn -0.4227 -0.8985 0.1179
vn -0.4845 -0.6894 0.5385
vn 0.1168 -0.7701 0.6271
vn -0.4543 0.0106 0.8908
vn -0.5032 -0.0543 0.8625
vn -0.5221 -0.2772 0.8065
vn 0.0744 -0.2639 0.9617
vn 0.5284 -0.5590 0.6390
vn 0.8417 -0.2624 0.4719
vn 0.9907 -0.0195 0.1344
vn 0.9715 -0.0236 -0.2358
vn 0.7316 -0.0505 -0.6799
vn 0.9885 0.0742 0.1318
vn 0.8534 0.0139 0.5210
vn 0.5171 -0.1877 0.8351
vn 0.0835 -0.0019 0.9965
vn 0.0730 0.0388 0.9966
vn 0.0500 0.0767 0.9958
vn -0.3974 0.0663 0.9153
vn -0.3685 0.3101 0.8764
vn 0.0153 0.3113 0.9502
vn -0.3137 0.7456 0.5880
vn 0.0427 0.7718 0.6344
vn -0.1985 0.9660 0.1659
vn 0.9643 0.1054 -0.2430
vn 0.9667 0.0544 -0.2500
vn 0.1346 0.9793 0.1509
vn 0.5071 0.6706 0.5414
vn 0.5936 0.7796 0.1997
vn 0.8679 0.3219 0.3784
vn 0.9280 0.3635 0.0817
vn 0.8769 0.1044 0.4692
vn 0.9848 0.1237 0.1221
vn 0.8545 0.0709 0.5145
vn 0.5401 0.0296 0.8410
vn 0.5424 0.0517 0.8385
vn 0.5422 0.0799 0.8364
vn 0.5169 0.3097 0.7981
vn 0.6386 0.7695 0.0076
vn 0.9273 0.3187 -0.1962
vn 0.6653 0.7225 -0.1879
vn 0.1970 0.9791 -0.0504
vn -0.0221 0.9982 -0.0560
vn 0.0223 0.9534 -0.3007
vn 0.7096 0.2124 -0.6718
vn 0.6650 0.5224 -0.5338
vn 0.2244 0.9401 -0.2566
vn 0.2502 0.6696 -0.6994
vn -0.1468 0.1366 -0.9797
vn -0.2849 -0.0775 -0.9554
vn -0.3744 -0.0818 -0.9237
vn 0.2711 0.1746 -0.9466
vn 0.2469 -0.0212 -0.9688
vn 0.2627 0.0080 -0.9648
vn 0.7260 0.0544 -0.6855
vn 0.7201 0.0244 -0.6935
vn -0.0494 -0.5267 0.8486
vn -0.1553 -0.2716 0.9498
vn 0.6065 0.0015 0.7950
vn 0.9852 0.1711 -0.0014
vn 0.9880 -0.0628 -0.1411
vn -0.9567 0.2776 0.0881
vn -0.8732 0.4782 0.0937
vn -0.5368 0.8389 0.0904
vn -0.0146 0.9909 -0.1337
vn -0.5217 0.8485 -0.0887
vn -0.8579 0.5021 -0.1088
vt 0.318922 0.439034
vt 0.337671 0.459143
vt 0.345764 0.454730
vt 0.246197 0.455220
vt 0.289878 0.493095
vt 0.282406 0.444541
vt 0.327008 0.484885
vt 0.338577 0.480387
vt 0.451530 0.509536
vt 0.408683 0.531878
vt 0.449797 0.534537
vt 0.408594 0.506560
vt 0.365675 0.509677
vt 0.408421 0.472022
vt 0.363296 0.473861
vt 0.374956 0.452998
vt 0.345257 0.476748
vt 0.332637 0.518239
vt 0.291768 0.532001
vt 0.251857 0.504329
vt 0.210812 0.465575
vt 0.210227 0.448702
vt 0.212990 0.515990
vt 0.370599 0.427112
vt 0.346915 0.426559
vt 0.448796 0.407788
vt 0.469339 0.426070
vt 0.491699 0.415006
vt 0.445713 0.426829
vt 0.408163 0.425250
vt 0.441655 0.452791
vt 0.408300 0.450403
vt 0.367341 0.408102
vt 0.324402 0.415665
vt 0.276986 0.427560
vt 0.246955 0.437346
vt 0.408073 0.405369
vt 0.453532 0.473618
vt 0.470815 0.454350
vt 0.471549 0.476385
vt 0.478208 0.480010
vt 0.484649 0.517866
vt 0.489811 0.484387
vt 0.525583 0.531222
vt 0.526938 0.492134
vt 0.533814 0.443473
vt 0.497352 0.438369
vt 0.478854 0.458712
vt 0.523377 0.559308
vt 0.589371 0.624322
vt 0.578866 0.676343
vt 0.616141 0.649029
vt 0.549835 0.649974
vt 0.558794 0.602339
vt 0.517341 0.627711
vt 0.521739 0.583762
vt 0.566963 0.574693
vt 0.562170 0.544125
vt 0.565069 0.502877
vt 0.570015 0.453693
vt 0.569009 0.435819
vt 0.539048 0.426425
vt 0.596777 0.590435
vt 0.600739 0.563280
vt 0.603865 0.514157
vt 0.605395 0.463479
vt 0.633430 0.600112
vt 0.637166 0.570743
vt 0.642191 0.543986
vt 0.646633 0.520328
vt 0.651919 0.470894
vt 0.638252 0.452019
vt 0.605683 0.446574
vt 0.321054 0.920361
vt 0.324440 0.894728
vt 0.287642 0.891912
vt 0.359755 0.923304
vt 0.359620 0.947247
vt 0.408405 0.922362
vt 0.408412 0.897735
vt 0.457060 0.923373
vt 0.455417 0.897111
vt 0.492397 0.894901
vt 0.490011 0.853609
vt 0.526444 0.850576
vt 0.524469 0.805987
vt 0.569103 0.802335
vt 0.564674 0.758939
vt 0.603392 0.753437
vt 0.594147 0.710030
vt 0.637399 0.700231
vt 0.361411 0.897019
vt 0.559387 0.720931
vt 0.522094 0.765166
vt 0.488213 0.808650
vt 0.453087 0.854525
vt 0.214120 0.886392
vt 0.212224 0.844062
vt 0.175704 0.844476
vt 0.247747 0.887723
vt 0.246442 0.846029
vt 0.290414 0.850272
vt 0.326840 0.853408
vt 0.363761 0.854418
vt 0.408423 0.856251
vt 0.451447 0.810728
vt 0.487067 0.768729
vt 0.518347 0.727830
vt 0.292380 0.805648
vt 0.247750 0.801847
vt 0.211373 0.797574
vt 0.172918 0.796324
vt 0.141034 0.798759
vt 0.144299 0.846461
vt 0.127976 0.798615
vt 0.127976 0.846708
vt 0.134682 0.709714
vt 0.112842 0.706688
vt 0.127976 0.722877
vt 0.140459 0.753062
vt 0.127976 0.750882
vt 0.174246 0.749885
vt 0.213884 0.751488
vt 0.252146 0.758388
vt 0.223718 0.708223
vt 0.179367 0.699399
vt 0.241312 0.675646
vt 0.200526 0.647613
vt 0.177691 0.455000
vt 0.169761 0.474051
vt 0.171202 0.524021
vt 0.176182 0.546508
vt 0.190008 0.570782
vt 0.181740 0.571600
vt 0.184660 0.596220
vt 0.190015 0.579671
vt 0.207032 0.587852
vt 0.231668 0.621276
vt 0.260938 0.657280
vt 0.255433 0.670193
vt 0.253752 0.675272
vt 0.248846 0.692682
vt 0.271253 0.647809
vt 0.257620 0.719326
vt 0.253139 0.693040
vt 0.223523 0.588666
vt 0.236961 0.583967
vt 0.260879 0.602713
vt 0.303158 0.628382
vt 0.268691 0.656115
vt 0.304287 0.659100
vt 0.282585 0.671048
vt 0.262113 0.667589
vt 0.265048 0.694523
vt 0.259558 0.673940
vt 0.254645 0.686493
vt 0.298242 0.728284
vt 0.294744 0.764817
vt 0.329809 0.768513
vt 0.328648 0.808431
vt 0.333832 0.729199
vt 0.366329 0.770180
vt 0.302720 0.694720
vt 0.337471 0.691571
vt 0.367525 0.726955
vt 0.408495 0.722408
vt 0.408459 0.770090
vt 0.368681 0.683205
vt 0.365424 0.810617
vt 0.408437 0.811760
vt 0.450576 0.770283
vt 0.450630 0.725936
vt 0.483500 0.728115
vt 0.370207 0.634063
vt 0.353981 0.635849
vt 0.408540 0.679240
vt 0.449333 0.682293
vt 0.480203 0.690076
vt 0.513162 0.694605
vt 0.359321 0.613469
vt 0.551810 0.695891
vt 0.532643 0.672431
vt 0.513189 0.657547
vt 0.481054 0.626215
vt 0.482315 0.611691
vt 0.480715 0.602709
vt 0.480616 0.594562
vt 0.480523 0.586933
vt 0.480329 0.570918
vt 0.476213 0.546111
vt 0.479793 0.640739
vt 0.464372 0.634300
vt 0.449229 0.632650
vt 0.408612 0.631162
vt 0.372903 0.599536
vt 0.361241 0.595949
vt 0.361395 0.588768
vt 0.365006 0.583245
vt 0.366133 0.573747
vt 0.373577 0.558991
vt 0.367237 0.567663
vt 0.364447 0.539104
vt 0.447937 0.597735
vt 0.408661 0.595924
vt 0.408699 0.556464
vt 0.446907 0.556942
vt 0.455682 0.564764
vt 0.457111 0.572454
vt 0.458532 0.580101
vt 0.460009 0.588049
vt 0.462002 0.598777
vt 0.463074 0.614845
vt 0.340061 0.545269
vt 0.294688 0.559973
vt 0.337269 0.570764
vt 0.298545 0.584742
vt 0.335970 0.587560
vt 0.337700 0.594261
vt 0.338615 0.602593
vt 0.335022 0.619362
vt 0.337840 0.632551
vt 0.336295 0.645883
vt 0.255097 0.545970
vt 0.253605 0.576699
vt 0.217974 0.560093
vt 0.208705 0.573573
vt 0.220995 0.570438
vt 0.228033 0.571015
vt 0.240437 0.575779
vt 0.033089 0.727650
vt 0.067924 0.718361
vt 0.021098 0.716788
vt 0.021228 0.737213
vt 0.020160 0.691988
vt 0.002633 0.678899
vt 0.002633 0.730213
vt 0.002633 0.762319
vt 0.021228 0.763834
vt 0.021228 0.801578
vt 0.002633 0.801056
vt 0.002633 0.844231
vt 0.021228 0.846157
vt 0.002633 0.886659
vt 0.021228 0.887962
vt 0.002633 0.916065
vt 0.021228 0.910918
vt 0.002633 0.950407
vt 0.034380 0.925693
vt 0.030764 0.952104
vt 0.083948 0.952600
vt 0.051258 0.960336
vt 0.083728 0.932085
vt 0.119291 0.949692
vt 0.110645 0.927525
vt 0.120750 0.921632
vt 0.084369 0.960315
vt 0.100391 0.960315
vt 0.109743 0.960315
vt 0.119067 0.960315
vt 0.125506 0.960315
vt 0.133061 0.960315
vt 0.151113 0.946195
vt 0.152263 0.920709
vt 0.127976 0.910278
vt 0.149994 0.887949
vt 0.127976 0.889261
vt 0.179110 0.887319
vt 0.151837 0.960315
vt 0.166334 0.964234
vt 0.159858 0.987961
vt 0.172748 0.981334
vt 0.186755 0.947786
vt 0.182730 0.919051
vt 0.216755 0.915624
vt 0.250200 0.915308
vt 0.284624 0.918385
vt 0.319153 0.946369
vt 0.358996 0.964619
vt 0.408398 0.947880
vt 0.202094 0.982751
vt 0.319128 0.964619
vt 0.281464 0.964619
vt 0.220264 0.939979
vt 0.210988 0.962940
vt 0.227106 0.970855
vt 0.226835 0.997730
vt 0.249421 0.976710
vt 0.251610 0.937567
vt 0.283111 0.942309
vt 0.408398 0.964619
vt 0.457801 0.964619
vt 0.457181 0.947288
vt 0.497653 0.946454
vt 0.495772 0.920493
vt 0.532221 0.918601
vt 0.529213 0.892174
vt 0.566672 0.915634
vt 0.569131 0.888096
vt 0.602773 0.886850
vt 0.604668 0.844568
vt 0.641201 0.845029
vt 0.643980 0.796938
vt 0.675872 0.799365
vt 0.676433 0.753703
vt 0.688920 0.799218
vt 0.688920 0.751507
vt 0.688920 0.723501
vt 0.682142 0.710360
vt 0.703978 0.707245
vt 0.642629 0.750587
vt 0.605503 0.798152
vt 0.570433 0.846459
vt -0.354360 0.438334
vt -0.343843 0.453097
vt -0.345056 0.444290
vt -0.337721 0.430572
vt -0.263888 0.369941
vt -0.239504 0.350356
vt -0.265502 0.347878
vt -0.274733 0.355408
vt -0.279960 0.382738
vt -0.292284 0.369195
vt -0.296032 0.395535
vt -0.309832 0.382957
vt -0.312105 0.408332
vt -0.327360 0.396752
vt -0.344888 0.410548
vt -0.328177 0.421129
vt -0.356529 0.423287
vt -0.365509 0.435236
vt -0.369378 0.440206
vt -0.065535 0.409643
vt -0.061333 0.395372
vt -0.065535 0.394358
vt -0.065488 0.508172
vt -0.061333 0.494791
vt -0.065535 0.495537
vt -0.065176 0.478847
vt -0.061041 0.478632
vt -0.060750 0.462473
vt -0.034004 0.461365
vt -0.033906 0.440129
vt -0.006988 0.461387
vt -0.007261 0.434675
vt -0.033516 0.422075
vt -0.060816 0.441359
vt -0.060885 0.423200
vt -0.065040 0.423252
vt -0.061333 0.410697
vt -0.034022 0.408926
vt -0.035271 0.388805
vt -0.006407 0.404714
vt -0.007246 0.416349
vt -0.006407 0.382782
vt -0.064817 0.462156
vt -0.064829 0.441297
vt -0.065535 0.383425
vt -0.061333 0.381251
vt -0.038605 0.367861
vt -0.006407 0.349642
vt -0.002963 0.352341
vt -0.002963 0.384260
vt -0.002963 0.405696
vt -0.004744 0.416961
vt -0.004744 0.434448
vt -0.004906 0.461220
vt -0.006697 0.477511
vt -0.002963 0.520225
vt -0.002963 0.506602
vt -0.006407 0.507061
vt -0.006407 0.493635
vt -0.002963 0.492978
vt -0.003934 0.477099
vt -0.061911 0.507799
vt -0.036879 0.505759
vt -0.037014 0.492323
vt -0.062489 0.520807
vt -0.036745 0.519195
vt -0.064067 0.536993
vt -0.034477 0.539856
vt -0.034384 0.558890
vt -0.005242 0.561996
vt -0.003791 0.541144
vt -0.002552 0.540649
vt -0.006407 0.520488
vt -0.035509 0.476844
vt -0.062662 0.554680
vt -0.002961 0.561417
vt -0.003185 0.585365
vt -0.065442 0.520807
vt -0.065622 0.537046
vt -0.065533 0.554391
vt -0.061519 0.575401
vt -0.035045 0.579929
vt -0.004165 0.585481
vt -0.065427 0.575185
vt -0.065535 0.594894
vt -0.061333 0.642406
vt -0.065535 0.618718
vt -0.065535 0.642433
vt -0.061335 0.618513
vt -0.061333 0.594429
vt -0.035548 0.600716
vt -0.006407 0.607146
vt -0.035287 0.623882
vt -0.006407 0.629730
vt -0.010181 0.651539
vt -0.036329 0.644480
vt -0.036736 0.662542
vt -0.057867 0.662599
vt -0.049683 0.673793
vt -0.036651 0.676132
vt -0.024111 0.675005
vt -0.016781 0.667054
vt -0.002963 0.607774
vt -0.002963 0.629890
vt -0.007911 0.651999
vt -0.014856 0.668007
vt -0.023608 0.676837
vt -0.036988 0.678910
vt -0.051304 0.674857
vt -0.059601 0.663683
vt -0.909023 0.868248
vt -0.910831 0.864246
vt -0.916289 0.876393
vt -0.888787 0.875677
vt -0.886149 0.872275
vt -0.889835 0.889612
vt -0.880019 0.873891
vt -0.880019 0.894136
vt -0.887318 0.869649
vt -0.880019 0.846367
vt -0.926800 0.895164
vt -0.933849 0.890090
vt -0.935510 0.908277
vt -0.908207 0.925025
vt -0.899874 0.910956
vt -0.893889 0.916183
vt -0.889737 0.893377
vt -0.917722 0.879729
vt -0.924331 0.871493
vt -0.914030 0.860064
vt -0.910096 0.839209
vt -0.887029 0.842986
vt -0.909362 0.814172
vt -0.886740 0.816323
vt -0.908627 0.789136
vt -0.886451 0.789660
vt -0.886162 0.762997
vt -0.880152 0.763720
vt -0.880019 0.791320
vt -0.880019 0.818844
vt -0.907892 0.764099
vt -0.885972 0.752319
vt -0.880019 0.763797
vt -0.880019 0.749341
vt -0.908710 0.729542
vt -0.913421 0.764245
vt -0.913574 0.788200
vt -0.913726 0.812154
vt -0.913878 0.836109
vt -0.914030 0.727881
vt -0.292279 0.369187
vt -0.274779 0.355396
vt -0.880061 0.791243
vt 0.484986 0.008774
vt 0.466989 0.009845
vt 0.467179 0.012841
vt 0.484412 0.021930
vt 0.476199 0.042157
vt 0.485318 0.041042
vt 0.474685 0.021531
vt 0.483895 0.013232
vt 0.495260 0.010985
vt 0.468212 0.049033
vt 0.486061 0.049382
vt 0.495063 0.041142
vt 0.494313 0.020926
vt 0.503750 0.013277
vt 0.506959 0.010897
vt 0.500826 0.007101
vt 0.506843 0.005936
vt 0.526505 0.006269
vt 0.526680 0.011010
vt 0.546400 0.011122
vt 0.546306 0.043478
vt 0.565376 0.042772
vt 0.504206 0.047361
vt 0.508166 0.044890
vt 0.566121 0.011235
vt 0.570087 0.044031
vt 0.468645 0.052233
vt 0.486149 0.053597
vt 0.497512 0.051422
vt 0.504877 0.053481
vt 0.510156 0.048748
vt 0.528354 0.048005
vt 0.527236 0.044184
vt 0.546553 0.047261
vt 0.564751 0.046518
vt 0.546166 0.006601
vt 0.565828 0.006934
vt 0.570941 0.010021
vt 0.577911 0.008341
vt 0.577122 0.046393
vt 0.586537 0.009890
vt 0.586081 0.045159
vt 0.591745 0.012917
vt 0.588886 0.002046
vt 0.594848 0.002046
vt 0.569999 0.002380
vt 0.579644 0.002046
vt 0.567669 0.052243
vt 0.576005 0.054064
vt 0.587006 0.054064
vt 0.591745 0.042421
vt 0.603190 0.012803
vt 0.604452 0.002046
vt 0.614920 0.013217
vt 0.613973 0.002046
vt 0.621276 0.002046
vt 0.621451 0.009980
vt 0.631608 0.008790
vt 0.631636 0.047070
vt 0.604017 0.043088
vt 0.640341 0.047254
vt 0.641399 0.052089
vt 0.652876 0.048724
vt 0.631941 0.054064
vt 0.620757 0.045815
vt 0.614929 0.043888
vt 0.612354 0.054064
vt 0.604047 0.054064
vt 0.593689 0.054064
vt 0.619020 0.054064
vt 0.632542 0.002046
vt 0.640753 0.009073
vt 0.642305 0.004060
vt 0.652433 0.007368
vt 0.651296 0.044108
vt 0.656785 0.046297
vt 0.656807 0.043046
vt 0.678805 0.048675
vt 0.678960 0.044889
vt 0.700825 0.051052
vt 0.701113 0.046732
vt 0.722845 0.053430
vt 0.723266 0.048575
vt 0.729182 0.054045
vt 0.736204 0.050909
vt 0.728570 0.045912
vt 0.745930 0.047704
vt 0.738754 0.040857
vt 0.747017 0.040840
vt 0.702295 0.013561
vt 0.679523 0.013194
vt 0.725068 0.013928
vt 0.729574 0.012253
vt 0.763375 0.050325
vt 0.763734 0.047849
vt 0.744588 0.051893
vt 0.729499 0.008602
vt 0.726098 0.008247
vt 0.722886 0.010807
vt 0.701177 0.010557
vt 0.679468 0.010306
vt 0.657759 0.010056
vt 0.656750 0.012827
vt 0.651253 0.012243
vt 0.739395 0.017858
vt 0.749211 0.009755
vt 0.749516 0.006991
vt 0.763679 0.010640
vt 0.763899 0.007696
vt 0.747434 0.017907
vt 0.755819 0.017252
vt 0.755779 0.041652
vt -0.267176 0.778853
vt -0.244346 0.762894
vt -0.265482 0.754458
vt -0.244553 0.781043
vt -0.268034 0.805573
vt -0.244449 0.809551
vt -0.246979 0.840846
vt -0.272238 0.828855
vt -0.276441 0.852137
vt -0.247402 0.862233
vt -0.258189 0.904796
vt -0.250997 0.906886
vt -0.243108 0.868222
vt -0.240563 0.841849
vt -0.240563 0.809930
vt -0.240563 0.781673
vt -0.240563 0.763212
vt -0.241769 0.732411
vt -0.261175 0.714997
vt -0.270089 0.752553
vt -0.270089 0.778480
vt -0.270089 0.805492
vt -0.275663 0.827850
vt -0.281237 0.850208
vt -0.291957 0.894438
vt -0.265056 0.919053
vt -0.265969 0.926580
vt -0.284945 0.919364
vt -0.294288 0.906623
vt -0.303492 0.911532
vt -0.299519 0.884972
vt -0.285064 0.849115
vt 0.790067 0.859901
vt 0.765033 0.868222
vt 0.790067 0.855906
vt 0.765033 0.841849
vt 0.790067 0.832407
vt 0.790067 0.808909
vt 0.765033 0.809930
vt 0.765033 0.781673
vt 0.790067 0.780257
vt 0.765033 0.763212
vt 0.790067 0.754228
vt -0.972302 0.688810
vt -0.968496 0.677714
vt -0.962683 0.692396
vt -0.984915 0.673221
vt -0.987425 0.674794
vt -0.976090 0.689039
vt -0.961363 0.704011
vt -0.965938 0.705333
vt -0.952784 0.538300
vt -0.993057 0.543111
vt -0.992889 0.505456
vt -0.954384 0.571456
vt -0.992558 0.578825
vt -0.955304 0.599762
vt -0.995378 0.594382
vt -0.990360 0.599138
vt -0.991577 0.611581
vt -0.956025 0.626440
vt -0.914856 0.606179
vt -0.913285 0.641134
vt -0.956224 0.644767
vt -0.939391 0.676208
vt -0.992446 0.647876
vt -0.997713 0.648776
vt -0.914856 0.568768
vt -0.997713 0.612752
vt -0.997092 0.626496
vt -0.997567 0.505189
vt -0.997274 0.472126
vt -0.997545 0.542826
vt -0.997713 0.577891
vt -0.992519 0.623305
vt -0.935499 0.709164
vt -0.925261 0.691548
vt -0.930778 0.709812
vt -0.927964 0.690119
vt -0.920445 0.673064
vt -0.917275 0.673457
vt -0.908621 0.641666
vt -0.908621 0.605234
vt -0.908621 0.567904
vt -0.908944 0.535664
vt -0.915164 0.534518
vt -0.951286 0.503249
vt -0.993151 0.472261
vt -0.992558 0.440588
vt -0.938337 0.694051
vt -0.908621 0.400076
vt -0.908924 0.421654
vt -0.914926 0.421433
vt -0.909227 0.443232
vt -0.914996 0.442430
vt -0.953458 0.421454
vt -0.952691 0.441678
vt -0.992558 0.418622
vt -0.951283 0.471865
vt -0.915035 0.500539
vt -0.909187 0.501994
vt -0.909633 0.471241
vt -0.915421 0.470881
vt -0.997713 0.439989
vt -0.997713 0.418365
vt -0.997713 0.396741
vt -0.992558 0.396656
vt -0.954226 0.401230
vt -0.914856 0.400437
vt -0.914260 0.372707
vt -0.906933 0.372775
vt -0.905245 0.345475
vt -0.913665 0.344977
vt -0.906675 0.310760
vt -0.914147 0.311036
vt -0.907366 0.280854
vt -0.914428 0.281625
vt -0.975350 0.221456
vt -0.955742 0.195829
vt -0.941142 0.227079
vt -0.969201 0.256924
vt -0.992558 0.251763
vt -0.993575 0.271855
vt -0.998561 0.270992
vt -0.999991 0.302482
vt -0.993852 0.301684
vt -0.999346 0.346016
vt -0.993860 0.345901
vt -0.998529 0.371379
vt -0.993209 0.371279
vt -0.954981 0.372098
vt -0.955736 0.342967
vt -0.940135 0.333309
vt -0.941793 0.313167
vt -0.946226 0.278048
vt -0.914856 0.257311
vt -0.950006 0.256803
vt -0.967812 0.268286
vt -0.970860 0.305547
vt -0.972136 0.329142
vt -0.908621 0.258037
vt -0.908621 0.231784
vt -0.914856 0.230181
vt -0.914856 0.216082
vt -0.908621 0.213636
vt -0.956057 0.331952
vt -0.992558 0.167650
vt -0.992558 0.215935
vt -0.997713 0.250173
vt -0.997713 0.213277
vt -0.997713 0.163484
vt -0.860089 0.642331
vt -0.854536 0.653939
vt -0.860089 0.657277
vt -0.822919 0.624833
vt -0.829846 0.620057
vt -0.822919 0.619519
vt -0.829154 0.625770
vt -0.828965 0.633856
vt -0.822919 0.632408
vt -0.822919 0.641055
vt -0.828574 0.640923
vt -0.822919 0.656571
vt -0.831420 0.653242
vt -0.831116 0.658164
vt -0.854506 0.658584
vt -0.830351 0.681445
vt -0.852355 0.681947
vt -0.860089 0.685344
vt -0.855818 0.641315
vt -0.822919 0.685344
vt -0.854692 0.634433
vt -0.854385 0.625981
vt -0.853371 0.620602
vt -0.854357 0.612211
vt -0.829263 0.611453
vt -0.852437 0.594704
vt -0.830185 0.593725
vt -0.858816 0.569304
vt -0.824795 0.572146
vt -0.822919 0.593866
vt -0.822919 0.612040
vt -0.860089 0.634266
vt -0.860089 0.626767
vt -0.860089 0.621621
vt -0.860089 0.614409
vt -0.860089 0.595833
vt 0.173655 0.080517
vt 0.170428 0.074864
vt 0.162435 0.085113
vt 0.166861 0.090370
vt 0.161768 0.090283
vt 0.177709 0.092408
vt 0.180248 0.083553
vt 0.189779 0.093795
vt 0.189883 0.084664
vt 0.198801 0.093163
vt 0.199715 0.083035
vt 0.206829 0.081540
vt 0.204296 0.089271
vt 0.188433 0.098368
vt 0.198470 0.099128
vt 0.204049 0.098414
vt 0.216899 0.092392
vt 0.220649 0.083829
vt 0.228590 0.091074
vt 0.202662 0.103559
vt 0.221209 0.107702
vt 0.223143 0.103601
vt 0.202161 0.111339
vt 0.197336 0.108903
vt 0.187143 0.105984
vt 0.172834 0.105001
vt 0.174618 0.096233
vt 0.163782 0.105704
vt 0.162517 0.094735
vt 0.150405 0.106141
vt 0.149833 0.096866
vt 0.146403 0.094959
vt 0.168251 0.107692
vt 0.169932 0.114122
vt 0.162737 0.111726
vt 0.147073 0.108250
vt 0.176524 0.108114
vt 0.186974 0.109459
vt 0.196496 0.113453
vt 0.204051 0.116794
vt 0.218903 0.113394
vt 0.213336 0.121068
vt 0.225574 0.115669
vt 0.222205 0.122224
vt 0.225250 0.122408
vt 0.241744 0.122000
vt 0.243948 0.117001
vt 0.225724 0.109765
vt 0.243774 0.111698
vt 0.244979 0.106739
vt 0.252925 0.117214
vt 0.200184 0.120361
vt 0.256168 0.119772
vt 0.259092 0.113939
vt 0.253329 0.114310
vt 0.249826 0.105773
vt 0.226369 0.103208
vt 0.226129 0.094270
vt 0.232596 0.093148
vt 0.249142 0.101396
vt 0.254541 0.102742
vt 0.252569 0.094667
vt 0.233386 0.089962
vt 0.263017 0.111227
vt 0.203363 0.394209
vt 0.201015 0.399850
vt 0.194390 0.389304
vt 0.227251 0.396541
vt 0.230319 0.402572
vt 0.227314 0.409689
vt 0.223898 0.404167
vt 0.214033 0.397714
vt 0.217352 0.389890
vt 0.206392 0.394310
vt 0.206117 0.385970
vt 0.200401 0.386729
vt 0.190308 0.369638
vt 0.185880 0.368010
vt 0.194780 0.364488
vt 0.192998 0.359784
vt 0.214645 0.366255
vt 0.203331 0.370194
vt 0.210474 0.371471
vt 0.209700 0.375406
vt 0.213874 0.374164
vt 0.197787 0.378349
vt 0.205565 0.382110
vt 0.218034 0.387211
vt 0.229068 0.391572
vt 0.234456 0.393249
vt 0.240494 0.406512
vt 0.238897 0.415638
vt 0.248364 0.413460
vt 0.221670 0.379948
vt 0.233728 0.381904
vt 0.234340 0.389154
vt 0.238259 0.382828
vt 0.251989 0.394598
vt 0.253994 0.387916
vt 0.257060 0.394710
vt 0.244918 0.378671
vt 0.222706 0.376843
vt 0.235541 0.377384
vt 0.241367 0.373117
vt 0.253048 0.379054
vt 0.259361 0.389912
vt 0.268053 0.392982
vt 0.273018 0.400097
vt 0.276849 0.396268
vt 0.286658 0.396823
vt 0.285221 0.401301
vt 0.292378 0.401085
vt 0.286522 0.406230
vt 0.264100 0.384974
vt 0.277800 0.390691
vt 0.259252 0.383952
vt 0.271745 0.404526
vt 0.284689 0.411997
vt 0.275506 0.409976
vt 0.276039 0.415382
vt 0.270450 0.413293
vt 0.270746 0.418900
vt 0.254302 0.416611
vt 0.255118 0.411577
vt 0.248355 0.408524
vt 0.245563 0.402107
vt 0.249720 0.396647
vt 0.254732 0.400784
vt 0.285030 0.418059
vt 0.783989 0.355763
vt 0.778569 0.350477
vt 0.756141 0.363817
vt 0.798959 0.347768
vt 0.809493 0.354487
vt 0.808078 0.347947
vt 0.801143 0.354069
vt 0.808832 0.380162
vt 0.803017 0.381939
vt 0.807559 0.391555
vt 0.789809 0.391555
vt 0.789473 0.385154
vt 0.773527 0.391555
vt 0.773561 0.384719
vt 0.754386 0.391555
vt 0.770667 0.364177
vt 0.857450 0.386521
vt 0.848851 0.360047
vt 0.843551 0.383286
vt 0.827599 0.353322
vt 0.822819 0.381416
vt 0.822159 0.351979
vt 0.818588 0.381981
vt 0.816372 0.352678
vt 0.814639 0.381666
vt 0.814608 0.391555
vt 0.820811 0.391555
vt 0.836404 0.391555
vt 0.861562 0.391555
vt 0.863958 0.365325
vt 0.867817 0.365223
vt 0.839771 0.347942
vt 0.829295 0.345542
vt 0.816376 0.344734
vt -0.984226 0.057169
vt -0.962378 0.015992
vt -0.961412 0.057700
vt -0.986999 0.016641
vt -0.992639 0.090191
vt -0.987085 0.082312
vt -0.987789 0.095107
vt -0.986660 0.069302
vt -0.992639 0.067164
vt -0.992639 0.046743
vt -0.992639 0.008331
vt -0.956893 0.008331
vt -0.956893 0.049546
vt -0.956893 0.071252
vt -0.960790 0.070880
vt -0.960032 0.083482
vt -0.956893 0.087934
vt -0.992639 0.111268
vt -0.959428 0.096009
vt -0.956893 0.112367
vt -0.961563 0.111152
vt -0.963271 0.142801
vt -0.986231 0.142079
vt -0.956893 0.156170
vt -0.992639 0.156170
vt -0.985841 0.110591
vt 0.171035 0.633856
vt 0.177081 0.632408
vt 0.177081 0.624833
vt 0.177081 0.641055
vt 0.171426 0.640923
vt 0.177081 0.656571
vt 0.145308 0.634433
vt 0.144182 0.641315
vt 0.168580 0.653242
vt 0.168884 0.658164
vt 0.145464 0.653939
vt 0.145494 0.658584
vt 0.169649 0.681445
vt 0.177081 0.685344
vt 0.139911 0.685344
vt 0.147645 0.681947
vt 0.139911 0.657277
vt 0.139911 0.642331
vt 0.139911 0.634266
vt 0.139911 0.626767
vt 0.145615 0.625981
vt 0.139911 0.621621
vt 0.146629 0.620602
vt 0.139911 0.614409
vt 0.145644 0.612211
vt 0.139911 0.595833
vt 0.147563 0.594704
vt 0.141184 0.569304
vt 0.169815 0.593725
vt 0.175205 0.572146
vt 0.177081 0.593866
vt 0.170737 0.611453
vt 0.177081 0.612040
vt 0.177081 0.619519
vt 0.170154 0.620057
vt 0.170846 0.625770
vt 0.537830 0.156786
vt 0.542736 0.159485
vt 0.532588 0.143499
vt 0.541251 0.138504
vt 0.532154 0.136643
vt 0.536193 0.131576
vt 0.542463 0.132611
vt 0.545564 0.154045
vt 0.554044 0.163672
vt 0.550576 0.166873
vt 0.545063 0.167874
vt 0.538544 0.162264
vt 0.533371 0.159459
vt 0.528116 0.145014
vt 0.528120 0.138790
vt 0.530392 0.129339
vt 0.538626 0.118650
vt 0.545122 0.133579
vt 0.547229 0.137776
vt 0.549739 0.153167
vt 0.551458 0.132322
vt 0.540251 0.170781
vt 0.543965 0.102423
vt 0.545317 0.093538
vt 0.542492 0.090661
vt 0.546954 0.101925
vt 0.547592 0.113136
vt 0.552075 0.112660
vt 0.548800 0.117243
vt 0.558092 0.115577
vt 0.555088 0.120889
vt 0.558298 0.127707
vt 0.552152 0.137578
vt 0.553408 0.146020
vt 0.554533 0.154641
vt 0.558331 0.162907
vt 0.557324 0.169434
vt 0.541925 0.116779
vt 0.556981 0.134906
vt 0.558246 0.139315
vt 0.559508 0.153002
vt 0.537662 0.113515
vt 0.536447 0.102597
vt 0.535215 0.090185
vt 0.543995 0.083191
vt 0.534920 0.082191
vt 0.544956 0.073722
vt 0.538804 0.072296
vt 0.529197 0.087962
vt 0.532296 0.092309
vt 0.533959 0.103200
vt 0.532809 0.114182
vt 0.529205 0.119306
vt 0.522080 0.119933
vt 0.522234 0.131988
vt 0.525116 0.114745
vt 0.526119 0.103877
vt 0.525592 0.096150
vt 0.524361 0.093628
vt 0.524485 0.084161
vt 0.538217 0.067967
vt 0.548032 0.070225
vt 0.552122 0.090740
vt 0.546047 0.089589
vt 0.518729 0.094152
vt 0.398351 0.120583
vt 0.411673 0.112169
vt 0.426199 0.112529
vt 0.403771 0.125869
vt 0.383381 0.128578
vt 0.381197 0.122277
vt 0.374262 0.128399
vt 0.372847 0.121859
vt 0.365968 0.123668
vt 0.365964 0.131612
vt 0.360181 0.124367
vt 0.353045 0.130804
vt 0.354741 0.123024
vt 0.342569 0.128404
vt 0.333489 0.116299
vt 0.314523 0.111123
vt 0.318382 0.111021
vt 0.320778 0.084791
vt 0.324890 0.089825
vt 0.338789 0.093060
vt 0.359521 0.094930
vt 0.363752 0.094365
vt 0.367701 0.094680
vt 0.373508 0.096184
vt 0.379323 0.094407
vt 0.392867 0.091192
vt 0.408779 0.091627
vt 0.427954 0.084791
vt 0.408813 0.084791
vt 0.392531 0.084791
vt 0.374781 0.084791
vt 0.367732 0.084791
vt 0.361529 0.084791
vt 0.345936 0.084791
vt 0.038588 0.057700
vt 0.015774 0.057169
vt 0.013340 0.069302
vt 0.037622 0.015992
vt 0.013001 0.016641
vt 0.007361 0.090191
vt 0.012915 0.082312
vt 0.007361 0.067164
vt 0.007361 0.046743
vt 0.007361 0.008331
vt 0.043107 0.008331
vt 0.043107 0.049546
vt 0.043107 0.071252
vt 0.039210 0.070880
vt 0.039968 0.083482
vt 0.043107 0.087934
vt 0.007361 0.111268
vt 0.012211 0.095107
vt 0.040572 0.096009
vt 0.043107 0.112367
vt 0.038437 0.111152
vt 0.036729 0.142801
vt 0.013769 0.142079
vt 0.043107 0.156170
vt 0.007361 0.156170
vt 0.014159 0.110591
vt 0.915940 0.792814
vt 0.908875 0.785082
vt 0.911333 0.796037
vt 0.940248 0.792223
vt 0.942226 0.804264
vt 0.943102 0.797291
vt 0.937222 0.800470
vt 0.930145 0.795568
vt 0.933435 0.788398
vt 0.922210 0.792877
vt 0.923497 0.785025
vt 0.914272 0.782610
vt 0.910263 0.780798
vt 0.935877 0.777906
vt 0.928371 0.772321
vt 0.924340 0.773390
vt 0.921754 0.769596
vt 0.917530 0.769499
vt 0.925441 0.765195
vt 0.918937 0.764410
vt 0.907245 0.764218
vt 0.905421 0.761340
vt 0.899990 0.771473
vt 0.903373 0.771250
vt 0.912492 0.777598
vt 0.922495 0.780896
vt 0.934073 0.784330
vt 0.942192 0.787442
vt 0.944915 0.779390
vt 0.987316 0.805324
vt 0.997068 0.801827
vt 0.995004 0.798260
vt 0.984752 0.801216
vt 0.990641 0.795842
vt 0.981324 0.798671
vt 0.965486 0.794558
vt 0.967404 0.789199
vt 0.963112 0.793060
vt 0.963116 0.789143
vt 0.946285 0.790060
vt 0.947102 0.785530
vt 0.949583 0.779269
vt 0.963417 0.783846
vt 0.969467 0.784532
vt 0.954097 0.799508
vt 0.961999 0.801449
vt 0.991397 0.793425
vt 0.982214 0.794354
vt 0.984308 0.790277
vt 0.984433 0.785559
vt 0.971702 0.779150
vt 0.969256 0.778169
vt 0.961903 0.775797
vt 0.953073 0.775707
vt 0.945940 0.775526
vt 0.937029 0.775129
vt 0.951370 0.771493
vt 0.994874 0.792625
vt 0.953864 0.807580
vt 0.962740 0.804854
vt 0.966635 0.804713
vt 0.982602 0.804381
vt 0.982794 0.810902
vt 0.966075 0.807493
vt -0.151746 0.998034
vt -0.181060 0.943019
vt -0.181060 0.998034
vt -0.152385 0.937252
vt -0.097758 0.937144
vt -0.096097 0.998034
vt -0.042383 0.936551
vt -0.039691 0.998034
vt -0.014248 0.933271
vt -0.012050 0.998034
vt -0.020307 0.870793
vt -0.046243 0.871677
vt -0.099444 0.871547
vt -0.151755 0.871208
vt -0.103160 0.836538
vt -0.151536 0.838067
vt -0.106201 0.805694
vt -0.150299 0.808826
vt -0.148833 0.784768
vt -0.105249 0.781428
vt -0.147935 0.756956
vt -0.103449 0.753188
vt -0.062679 0.812151
vt -0.051550 0.837918
vt -0.026858 0.837138
vt -0.032659 0.821520
vt -0.035819 0.728095
vt -0.061498 0.756688
vt -0.035819 0.760702
vt -0.060752 0.728871
vt -0.106388 0.732182
vt -0.147193 0.734417
vt -0.181060 0.749351
vt -0.181060 0.768291
vt -0.181060 0.789233
vt -0.181060 0.815108
vt -0.181060 0.838509
vt -0.181060 0.874688
vt -0.181060 0.733234
vt -0.170625 0.721941
vt -0.181060 0.720974
vt -0.156589 0.721402
vt -0.150414 0.721167
vt -0.144696 0.720693
vt -0.134579 0.719627
vt -0.121238 0.717831
vt -0.110636 0.716402
vt -0.079199 0.711983
vt -0.060015 0.690007
vt -0.036745 0.690665
vt -0.078867 0.688765
vt 0.967341 0.821520
vt 0.948449 0.837918
vt 0.937321 0.812151
vt 0.973142 0.837138
vt 0.979691 0.870793
vt 0.953755 0.871677
vt 0.900556 0.871547
vt 0.896839 0.836538
vt 0.893796 0.805694
vt 0.894751 0.781428
vt 0.852065 0.756956
vt 0.896551 0.753188
vt 0.851167 0.784768
vt 0.849699 0.808826
vt 0.848464 0.838067
vt 0.848245 0.871208
vt 0.847612 0.937252
vt 0.902242 0.937144
vt 0.957615 0.936551
vt 0.985750 0.933271
vt 0.848254 0.998034
vt 0.818938 0.943019
vt 0.903900 0.998034
vt 0.960309 0.998034
vt 0.987950 0.998034
vt 0.818938 0.998034
vt 0.964181 0.728095
vt 0.964181 0.760702
vt 0.938502 0.756688
vt 0.939248 0.728871
vt 0.893612 0.732182
vt 0.852805 0.734417
vt 0.818938 0.749351
vt 0.818938 0.768291
vt 0.818938 0.789233
vt 0.818938 0.815108
vt 0.818938 0.838509
vt 0.818938 0.874688
vt 0.818938 0.733234
vt 0.940190 0.683049
vt 0.964181 0.682791
vt 0.920799 0.711983
vt 0.889364 0.716402
vt 0.878759 0.717831
vt 0.865419 0.719627
vt 0.855301 0.720693
vt 0.849586 0.721167
vt 0.843409 0.721402
vt 0.829375 0.721941
vt 0.818938 0.720974
vt 0.921132 0.688765
vt 0.068956 0.834798
vt 0.079599 0.821772
vt 0.076732 0.841673
vt 0.072092 0.820137
vt 0.078524 0.813498
vt 0.070549 0.842119
vt 0.071355 0.854977
vt 0.044036 0.842155
vt 0.045144 0.835248
vt 0.040909 0.821485
vt 0.071381 0.813420
vt 0.070393 0.809726
vt 0.078537 0.803309
vt 0.070435 0.802655
vt 0.069185 0.851482
vt 0.043678 0.854719
vt 0.045434 0.851428
vt 0.036563 0.844594
vt 0.032549 0.824204
vt 0.041234 0.813750
vt 0.041833 0.810809
vt 0.041753 0.803346
vt 0.069205 0.794828
vt 0.080100 0.792850
vt 0.069591 0.790406
vt 0.031367 0.813586
vt 0.031208 0.805021
vt 0.042030 0.795800
vt 0.040982 0.791718
vt 0.031267 0.796555
vt 0.069013 0.781242
vt 0.041311 0.781832
vt 0.033415 0.776425
vt 0.035066 0.769426
vt 0.041475 0.761113
vt 0.037517 0.734555
vt 0.068364 0.743920
vt 0.065839 0.760987
vt 0.073478 0.768379
vt 0.095464 0.048710
vt 0.092299 0.048283
vt 0.095464 0.062013
vt 0.053171 0.016302
vt 0.072736 0.007792
vt 0.053171 0.007741
vt 0.053171 0.024862
vt 0.092299 0.022994
vt 0.092299 0.026136
vt 0.050971 0.026625
vt 0.050971 0.036100
vt 0.092299 0.037676
vt 0.050971 0.049292
vt 0.050971 0.061551
vt 0.095464 0.068986
vt 0.050971 0.069343
vt 0.095464 0.079559
vt 0.050971 0.080830
vt 0.050971 0.091432
vt 0.095464 0.092959
vt 0.050971 0.105351
vt 0.092299 0.007846
vt 0.092299 0.015420
vt 0.091360 0.109047
vt 0.095464 0.107515
vt 0.050971 0.114374
vt 0.091360 0.116502
vt 0.050971 0.123356
vt 0.091360 0.124510
vt 0.091360 0.134945
vt 0.050971 0.133455
vt 0.052390 0.136327
vt 0.091360 0.138599
vt 0.071874 0.155368
vt 0.091360 0.155916
vt 0.091360 0.147257
vt 0.052390 0.154825
vt 0.052390 0.145576
vt 0.129732 0.011135
vt 0.116494 0.058450
vt 0.124442 0.061018
vt 0.122542 0.009990
vt 0.106838 0.031196
vt 0.110292 0.006273
vt 0.103482 0.056102
vt 0.171398 0.060056
vt 0.148398 0.061278
vt 0.144455 0.070793
vt 0.128629 0.060878
vt 0.130011 0.069322
vt 0.136304 0.012450
vt 0.134884 0.004298
vt 0.150601 0.011534
vt 0.148610 0.003662
vt 0.172774 0.010484
vt 0.173666 0.005995
vt 0.184123 0.007077
vt 0.183992 0.010978
vt 0.195209 0.011471
vt 0.192194 0.060533
vt 0.199092 0.009869
vt 0.195921 0.061601
vt 0.210436 0.062410
vt 0.181796 0.060295
vt 0.191282 0.063944
vt 0.193721 0.067328
vt 0.208867 0.069506
vt 0.169975 0.064855
vt 0.180628 0.064399
vt 0.256635 0.002494
vt 0.245951 0.002494
vt 0.246144 0.011862
vt 0.256763 0.012032
vt 0.252406 0.068199
vt 0.244963 0.067971
vt 0.225986 0.064339
vt 0.230556 0.011989
vt 0.212432 0.010965
vt 0.210993 0.002494
vt 0.197540 0.005188
vt 0.194579 0.008159
vt 0.229258 0.002494
vt 0.221323 0.076920
vt 0.227240 0.066508
vt 0.225852 0.078585
vt 0.243549 0.078585
vt 0.252763 0.078585
vt 0.266389 0.068697
vt 0.271039 0.012666
vt 0.271553 0.002494
vt 0.285091 0.002494
vt 0.285003 0.012338
vt 0.303173 0.002494
vt 0.302828 0.012598
vt 0.302839 0.064756
vt 0.314561 0.064852
vt 0.281304 0.068396
vt 0.316801 0.071974
vt 0.326453 0.071700
vt 0.308268 0.073703
vt 0.301034 0.069783
vt 0.302448 0.078585
vt 0.283297 0.078582
vt 0.266418 0.078585
vt 0.327798 0.064280
vt 0.313885 0.011189
vt 0.326160 0.012737
vt 0.340003 0.065088
vt 0.340011 0.069662
vt 0.343349 0.066318
vt 0.342996 0.063571
vt 0.354064 0.068389
vt 0.354385 0.064294
vt 0.365774 0.065018
vt 0.354448 0.015695
vt 0.366582 0.016181
vt 0.353894 0.011086
vt 0.364230 0.010906
vt 0.389441 0.009581
vt 0.388175 0.017782
vt 0.314907 0.002494
vt 0.326541 0.006013
vt 0.338396 0.012382
vt 0.342314 0.015210
vt 0.340115 0.007773
vt 0.343558 0.011265
vt 0.404953 0.075871
vt 0.388543 0.067037
vt 0.389822 0.076399
vt 0.408533 0.015130
vt 0.406489 0.019304
vt 0.407094 0.068113
vt 0.409745 0.072087
vt 0.405220 0.012191
vt 0.411855 0.067796
vt 0.410917 0.018334
vt 0.415214 0.017402
vt 0.417885 0.066830
vt 0.430747 0.034915
vt 0.432595 0.064208
vt 0.430891 0.014564
vt 0.364780 0.070461
vt 0.775143 0.994362
vt 0.762126 0.968277
vt 0.762767 0.994362
vt 0.774995 0.968277
vt 0.789228 0.994362
vt 0.789601 0.968277
vt 0.805005 0.994362
vt 0.803969 0.968277
vt 0.806460 0.970606
vt 0.807640 0.991881
vt 0.814288 0.970369
vt 0.814288 0.992964
vt 0.662297 0.970358
vt 0.662297 0.992950
vt 0.668940 0.991872
vt 0.670143 0.970598
vt 0.671572 0.994362
vt 0.672649 0.968277
vt 0.687066 0.968277
vt 0.687330 0.994362
vt 0.699756 0.968277
vt 0.699958 0.994362
vt 0.712221 0.968277
vt 0.712270 0.994362
vt 0.724658 0.968277
vt 0.724201 0.994362
vt 0.737523 0.994362
vt 0.737770 0.968277
vt 0.750449 0.968277
vt 0.750449 0.994362
vt 0.102865 0.642092
vt 0.126920 0.629432
vt 0.102770 0.629499
vt 0.127278 0.643284
vt 0.102935 0.656292
vt 0.128150 0.656086
vt 0.128215 0.672967
vt 0.127246 0.586958
vt 0.102954 0.573360
vt 0.102931 0.587156
vt 0.127019 0.600877
vt 0.134549 0.600218
vt 0.134549 0.614918
vt 0.126706 0.615329
vt 0.102435 0.615221
vt 0.096276 0.614649
vt 0.096276 0.628633
vt 0.096276 0.642189
vt 0.096276 0.656674
vt 0.102530 0.672700
vt 0.102820 0.689522
vt 0.127728 0.690031
vt 0.102851 0.600458
vt 0.096276 0.600354
vt 0.096276 0.587014
vt 0.096276 0.573595
vt 0.125795 0.702494
vt 0.103725 0.693169
vt 0.104460 0.702494
vt 0.099808 0.702494
vt 0.098669 0.694073
vt 0.096276 0.689605
vt 0.096276 0.673055
vt 0.126993 0.694398
vt 0.131171 0.702494
vt 0.132786 0.695408
vt 0.134549 0.690426
vt 0.134549 0.672426
vt 0.134549 0.656503
vt 0.134549 0.642925
vt 0.134549 0.629580
vt 0.127706 0.541524
vt 0.103670 0.538519
vt 0.102769 0.542152
vt 0.128185 0.558424
vt 0.102580 0.558819
vt 0.128206 0.574040
vt 0.134549 0.587200
vt 0.134549 0.573818
vt 0.134549 0.559339
vt 0.134549 0.541185
vt 0.126956 0.537222
vt 0.125736 0.529169
vt 0.104391 0.529169
vt 0.099733 0.529169
vt 0.098600 0.537650
vt 0.096276 0.542199
vt 0.096276 0.559079
vt 0.132760 0.536214
vt 0.131118 0.529169
vt -0.821749 0.386386
vt -0.815576 0.383949
vt -0.816348 0.397010
vt -0.821075 0.401347
vt -0.831685 0.396530
vt -0.809369 0.420160
vt -0.813117 0.425909
vt -0.800885 0.435106
vt -0.805369 0.445206
vt -0.838249 0.440389
vt -0.837203 0.419997
vt -0.865871 0.437646
vt -0.864888 0.415249
vt -0.891779 0.434378
vt -0.892736 0.410980
vt -0.898181 0.411693
vt -0.892461 0.390241
vt -0.900587 0.389286
vt -0.899374 0.383971
vt -0.903809 0.384384
vt -0.898405 0.350665
vt -0.864983 0.354436
vt -0.864799 0.317615
vt -0.864754 0.392365
vt -0.898181 0.461810
vt -0.898181 0.431623
vt -0.833639 0.468250
vt -0.840883 0.467190
vt -0.845350 0.504409
vt -0.869261 0.502886
vt -0.870666 0.513685
vt -0.890725 0.499486
vt -0.898181 0.506786
vt -0.891049 0.462944
vt -0.866693 0.464741
vt -0.838523 0.512886
vt -0.827947 0.135793
vt -0.833033 0.133423
vt -0.820079 0.130802
vt -0.829442 0.158685
vt -0.835470 0.157747
vt -0.829966 0.187435
vt -0.864009 0.185483
vt -0.864376 0.216774
vt -0.830138 0.219457
vt -0.865006 0.247727
vt -0.829958 0.250341
vt -0.865014 0.281855
vt -0.828603 0.284058
vt -0.829226 0.321682
vt -0.830886 0.357120
vt -0.820079 0.161285
vt -0.820079 0.189612
vt -0.820079 0.220288
vt -0.820079 0.250730
vt -0.820079 0.284062
vt -0.820079 0.319518
vt -0.824907 0.353862
vt -0.820079 0.355976
vt -0.898087 0.314937
vt -0.898002 0.279686
vt -0.897449 0.245802
vt -0.897089 0.214287
vt -0.896292 0.181031
vt -0.882417 0.154028
vt -0.894657 0.152524
vt -0.889056 0.131305
vt -0.892148 0.126637
vt -0.877415 0.131399
vt -0.857047 0.119536
vt -0.857047 0.128006
vt -0.859009 0.155675
vt -0.903809 0.347528
vt -0.903809 0.309419
vt -0.903809 0.278331
vt -0.903809 0.245343
vt -0.903809 0.213824
vt -0.903809 0.180657
vt -0.903809 0.151499
vt 0.769940 0.020000
vt 0.779006 0.029369
vt 0.773050 0.044880
vt 0.779313 0.015762
vt 0.801531 0.023586
vt 0.801136 0.041505
vt 0.799978 0.008024
vt 0.839155 0.019753
vt 0.841072 0.003665
vt 0.884127 0.019407
vt 0.884127 0.002306
vt 0.927182 0.003665
vt 0.929099 0.019753
vt 0.968276 0.008024
vt 0.966726 0.023586
vt 0.988942 0.015762
vt 0.989251 0.029369
vt 0.998314 0.020000
vt 0.995208 0.044880
vt 0.967118 0.041505
vt 0.969690 0.074568
vt 0.995324 0.072123
vt 0.884127 0.103511
vt 0.936164 0.140974
vt 0.884127 0.140376
vt 0.935567 0.105087
vt 0.934396 0.074224
vt 0.884127 0.075216
vt 0.931186 0.037780
vt 0.884127 0.037587
vt 0.837071 0.037780
vt 0.833859 0.074224
vt 0.798568 0.074568
vt 0.832687 0.105087
vt 0.797276 0.105657
vt 0.832093 0.140974
vt 0.797514 0.145211
vt 0.884127 0.175415
vt 0.934916 0.175684
vt 0.933440 0.217402
vt 0.833338 0.175684
vt 0.798870 0.177179
vt 0.834815 0.217402
vt 0.884127 0.217092
vt 0.884127 0.252319
vt 0.930719 0.253132
vt 0.907585 0.289840
vt 0.942173 0.289319
vt 0.884127 0.289481
vt 0.860669 0.289840
vt 0.837538 0.253132
vt 0.797649 0.217020
vt 0.770217 0.207194
vt 0.770217 0.179199
vt 0.770217 0.151508
vt 0.770217 0.132669
vt 0.770016 0.104908
vt 0.770217 0.077423
vt 0.772934 0.072123
vt 0.770217 0.231922
vt 0.826084 0.289319
vt 0.797263 0.253670
vt 0.796971 0.289651
vt 0.770995 0.252427
vt 0.776520 0.285231
vt 0.797950 0.294090
vt 0.784475 0.304733
vt 0.798834 0.298571
vt 0.800068 0.321063
vt 0.808761 0.314725
vt 0.815047 0.328380
vt 0.817251 0.318694
vt 0.840165 0.333411
vt 0.844591 0.323464
vt 0.862559 0.334942
vt 0.863977 0.324128
vt 0.884127 0.335127
vt 0.860831 0.299638
vt 0.830443 0.303912
vt 0.983780 0.304733
vt 0.970305 0.294090
vt 0.991737 0.285231
vt 0.969421 0.298571
vt 0.968189 0.321063
vt 0.959496 0.314725
vt 0.953208 0.328380
vt 0.951004 0.318694
vt 0.928089 0.333411
vt 0.923666 0.323464
vt 0.905695 0.334942
vt 0.904280 0.324128
vt 0.884127 0.324101
vt 0.884127 0.300307
vt 0.860722 0.294750
vt 0.937811 0.303912
vt 0.907423 0.299638
vt 0.907535 0.294750
vt -0.271394 0.104508
vt -0.253737 0.086032
vt -0.262248 0.107247
vt -0.245993 0.112668
vt -0.240079 0.088523
vt -0.234184 0.114585
vt -0.239529 0.064048
vt -0.253351 0.062103
vt -0.270646 0.083439
vt -0.295648 0.080377
vt -0.293752 0.102556
vt -0.318973 0.102556
vt -0.321826 0.080377
vt -0.342734 0.102556
vt -0.344417 0.080377
vt -0.364890 0.102556
vt -0.366598 0.080377
vt -0.385161 0.102556
vt -0.387140 0.080377
vt -0.406069 0.102556
vt -0.408466 0.080377
vt -0.425356 0.102556
vt -0.427251 0.080377
vt -0.429145 0.058198
vt -0.410860 0.058198
vt -0.389115 0.058198
vt -0.368306 0.058198
vt -0.346100 0.058198
vt -0.324681 0.058198
vt -0.297547 0.058198
vt -0.269901 0.062373
vt -0.271342 0.058198
vt -0.444415 0.102556
vt -0.444415 0.080377
vt -0.444415 0.058195
vt 0.752152 0.440070
vt 0.741611 0.414180
vt 0.781569 0.406015
vt 0.829119 0.403313
vt 0.858277 0.421968
vt 0.826358 0.411868
vt 0.806939 0.400942
vt 0.775119 0.397540
vt 0.729125 0.401849
vt 0.782729 0.449887
vt 0.754849 0.451516
vt 0.783519 0.437180
vt 0.815927 0.440887
vt 0.836121 0.452034
vt 0.879208 0.455893
vt 0.884993 0.450749
vt 0.895730 0.500278
vt 0.908159 0.498535
vt 0.901256 0.546848
vt 0.921980 0.549931
vt 0.898621 0.590603
vt 0.923654 0.599814
vt 0.893408 0.618679
vt 0.916960 0.630224
vt 0.905439 0.649682
vt 0.884678 0.512090
vt 0.882286 0.504264
vt 0.879217 0.491389
vt 0.873027 0.495004
vt 0.864085 0.588709
vt 0.866141 0.552146
vt 0.876088 0.514412
vt 0.864826 0.511050
vt 0.876092 0.507650
vt 0.851979 0.473884
vt 0.830908 0.463268
vt 0.812901 0.453816
vt 0.782729 0.480939
vt 0.813911 0.480271
vt 0.782729 0.522957
vt 0.848905 0.554234
vt 0.847212 0.515703
vt 0.845663 0.587961
vt 0.840322 0.479032
vt 0.818125 0.520791
vt 0.818458 0.559642
vt 0.782729 0.560944
vt 0.817797 0.592098
vt 0.842194 0.607114
vt 0.859111 0.610344
vt 0.833536 0.623626
vt 0.850722 0.628783
vt 0.815747 0.620578
vt 0.782729 0.594815
vt 0.740386 0.589398
vt 0.739045 0.557436
vt 0.741060 0.520129
vt 0.714993 0.587308
vt 0.713369 0.556218
vt 0.697821 0.590194
vt 0.718285 0.610164
vt 0.741638 0.617750
vt 0.782729 0.628047
vt 0.818916 0.639626
vt 0.837125 0.649085
vt 0.885483 0.641587
vt 0.876900 0.661703
vt 0.818880 0.676601
vt 0.782729 0.657174
vt 0.742820 0.638326
vt 0.728433 0.627268
vt 0.703634 0.612238
vt 0.668771 0.620217
vt 0.680948 0.645001
vt 0.715340 0.638744
vt 0.690608 0.664423
vt 0.726432 0.651824
vt 0.865782 0.687881
vt 0.887771 0.692363
vt 0.897054 0.666246
vt 0.752483 0.681628
vt 0.707561 0.699572
vt 0.685118 0.703901
vt 0.664330 0.657212
vt 0.652655 0.628348
vt 0.662122 0.593990
vt 0.694688 0.552461
vt 0.715354 0.515689
vt 0.744068 0.480661
vt 0.646583 0.594988
vt 0.659533 0.546533
vt 0.699310 0.508849
vt 0.721548 0.476820
vt 0.736378 0.459813
vt 0.728721 0.451516
vt 0.712632 0.428768
vt 0.702879 0.415239
vt 0.686729 0.454817
vt 0.677927 0.447634
vt 0.667729 0.497323
vt 0.710443 0.471872
vt 0.658608 0.493234
vt 0.647454 0.545115
vt 0.141927 0.977622
vt 0.132789 0.974745
vt 0.128144 0.980679
vt 0.106459 0.981053
vt 0.146489 0.975863
vt 0.137434 0.970635
vt 0.136054 0.967105
vt 0.134438 0.964395
vt 0.129199 0.968134
vt 0.120690 0.967971
vt 0.103927 0.974045
vt 0.099813 0.977465
vt 0.098037 0.971098
vt 0.081557 0.974989
vt 0.082134 0.969392
vt 0.068140 0.980244
vt 0.099536 0.986549
vt 0.098836 0.982718
vt 0.088876 0.979774
vt 0.081113 0.980390
vt 0.081017 0.986915
vt 0.080748 0.991901
vt 0.090128 0.987379
vt 0.100670 0.994866
vt 0.106228 0.987647
vt 0.128106 0.986185
vt 0.140235 0.982794
vt 0.145235 0.986657
vt 0.105406 0.991340
vt 0.132827 0.994038
vt 0.133657 0.991055
vt 0.142395 0.994721
vt 0.132603 0.997552
vt 0.584149 0.418994
vt 0.583131 0.423251
vt 0.570698 0.426453
vt 0.584066 0.416414
vt 0.588910 0.423369
vt 0.584568 0.428664
vt 0.562673 0.429428
vt 0.563595 0.423916
vt 0.546780 0.422897
vt 0.562913 0.415972
vt 0.544169 0.415938
vt 0.561581 0.408608
vt 0.564900 0.412784
vt 0.572985 0.407753
vt 0.571485 0.413551
vt 0.572628 0.422146
vt 0.566434 0.419103
vt 0.590366 0.418323
vt 0.590434 0.413639
vt 0.607440 0.421754
vt 0.613102 0.418987
vt 0.617440 0.427816
vt 0.621649 0.427432
vt 0.618264 0.435639
vt 0.615224 0.432320
vt 0.605609 0.427015
vt 0.605576 0.432136
vt 0.606486 0.438038
vt 0.615502 0.440057
vt 0.730099 0.062373
vt 0.728657 0.058198
vt 0.702453 0.058198
vt 0.591534 0.080377
vt 0.589137 0.058198
vt 0.570855 0.058198
vt 0.612860 0.080377
vt 0.610884 0.058198
vt 0.633400 0.080377
vt 0.631694 0.058198
vt 0.655583 0.080377
vt 0.653898 0.058198
vt 0.678173 0.080377
vt 0.675318 0.058198
vt 0.704351 0.080377
vt 0.729353 0.083439
vt 0.746263 0.086032
vt 0.746649 0.062103
vt 0.759920 0.088523
vt 0.760469 0.064048
vt 0.728604 0.104508
vt 0.737751 0.107247
vt 0.754006 0.112668
vt 0.765814 0.114585
vt 0.706246 0.102556
vt 0.681025 0.102556
vt 0.657266 0.102556
vt 0.635110 0.102556
vt 0.614838 0.102556
vt 0.593931 0.102556
vt 0.574644 0.102556
vt 0.572749 0.080377
vt 0.555585 0.102556
vt 0.555585 0.080377
vt 0.555585 0.058195
vt 0.747493 0.189527
vt 0.735613 0.157481
vt 0.716601 0.164511
vt 0.716935 0.141301
vt 0.724640 0.136216
vt 0.696306 0.135274
vt 0.689059 0.144316
vt 0.724524 0.194330
vt 0.742330 0.226401
vt 0.696764 0.169077
vt 0.680611 0.173596
vt 0.662067 0.179817
vt 0.693740 0.198195
vt 0.679821 0.199039
vt 0.700680 0.208932
vt 0.688340 0.213749
vt 0.699020 0.223696
vt 0.688413 0.234355
vt 0.705385 0.249311
vt 0.693683 0.266445
vt 0.710294 0.279803
vt 0.679708 0.282972
vt 0.662132 0.265445
vt 0.649003 0.280853
vt 0.675234 0.220750
vt 0.654740 0.172011
vt 0.662300 0.164121
vt 0.665857 0.151881
vt 0.661872 0.235316
vt 0.664900 0.206889
vt 0.647988 0.187664
vt 0.643718 0.161136
vt 0.657855 0.153911
vt 0.662982 0.147285
vt 0.685413 0.136262
vt 0.683211 0.129421
vt 0.669200 0.106453
vt 0.666620 0.112215
vt 0.636768 0.122699
vt 0.640494 0.127531
vt 0.634704 0.132328
vt 0.650193 0.149430
vt 0.653558 0.143298
vt 0.621977 0.142090
vt 0.631685 0.125740
vt 0.616786 0.134254
vt 0.607658 0.139438
vt 0.623423 0.171159
vt 0.605562 0.152420
vt 0.599699 0.148308
vt 0.590772 0.155149
vt 0.558305 0.178005
vt 0.580546 0.171739
vt 0.574159 0.167883
vt 0.604295 0.188086
vt 0.630074 0.203186
vt 0.648769 0.219697
vt 0.554951 0.201135
vt 0.526301 0.174872
vt 0.582404 0.214376
vt 0.610149 0.227672
vt 0.619826 0.233611
vt 0.632619 0.218641
vt 0.640065 0.223654
vt 0.631262 0.242674
vt 0.647641 0.254452
vt 0.675436 0.249038
vt 0.629534 0.241057
vt 0.572830 0.240832
vt 0.597177 0.250543
vt 0.620076 0.261220
vt 0.637188 0.270785
vt 0.611859 0.278106
vt 0.589356 0.272087
vt 0.568228 0.268227
vt 0.544358 0.235284
vt 0.512310 0.195898
vt 0.509383 0.157927
vt 0.520914 0.157110
vt 0.517342 0.140785
vt 0.507502 0.135220
vt 0.515968 0.134501
vt 0.517771 0.124851
vt 0.476648 0.159063
vt 0.629288 0.285603
vt 0.507938 0.232829
vt 0.476651 0.195775
vt 0.440721 0.195970
vt 0.443800 0.157964
vt 0.476651 0.136875
vt 0.507736 0.115300
vt 0.476651 0.116420
vt 0.507623 0.092052
vt 0.476651 0.091141
vt 0.517542 0.113548
vt 0.515259 0.092725
vt 0.517130 0.069152
vt 0.476651 0.069152
vt 0.445674 0.092056
vt 0.445553 0.115312
vt 0.445757 0.135243
vt 0.437016 0.133046
vt 0.435999 0.140282
vt 0.432235 0.157133
vt 0.426643 0.174976
vt 0.435508 0.124856
vt 0.435721 0.114926
vt 0.438039 0.092729
vt 0.436167 0.069152
vt 0.397908 0.201471
vt 0.394387 0.178378
vt 0.371849 0.172398
vt 0.378212 0.168454
vt 0.346740 0.153196
vt 0.360823 0.155539
vt 0.351350 0.148165
vt 0.344242 0.140466
vt 0.330774 0.141822
vt 0.332415 0.133935
vt 0.313488 0.123414
vt 0.306210 0.126174
vt 0.282460 0.107923
vt 0.294450 0.145436
vt 0.259492 0.130649
vt 0.312599 0.159839
vt 0.328263 0.170585
vt 0.348221 0.189033
vt 0.370447 0.215018
vt 0.258695 0.200138
vt 0.289647 0.181067
vt 0.275523 0.176425
vt 0.245628 0.198805
vt 0.254806 0.169966
vt 0.227843 0.196597
vt 0.233916 0.164247
vt 0.204824 0.192014
vt 0.214872 0.158923
vt 0.231554 0.133760
vt 0.304428 0.189123
vt 0.322533 0.204434
vt 0.333108 0.234715
vt 0.342788 0.228634
vt 0.320134 0.219915
vt 0.312689 0.224987
vt 0.287663 0.208501
vt 0.303934 0.221123
vt 0.321644 0.243925
vt 0.323413 0.242255
vt 0.333016 0.262234
vt 0.355888 0.251310
vt 0.341351 0.278956
vt 0.363846 0.272711
vt 0.364811 0.288717
vt 0.385832 0.288166
vt 0.362731 0.310267
vt 0.384730 0.310879
vt 0.362379 0.337774
vt 0.399531 0.337612
vt 0.384986 0.268667
vt 0.341502 0.292278
vt 0.323974 0.286662
vt 0.315941 0.271971
vt 0.290930 0.236848
vt 0.305334 0.255807
vt 0.304183 0.282128
vt 0.320075 0.297059
vt 0.336632 0.311767
vt 0.290919 0.266911
vt 0.277464 0.250686
vt 0.328341 0.366380
vt 0.359019 0.374182
vt 0.332116 0.332896
vt 0.313677 0.312786
vt 0.291889 0.300644
vt 0.273472 0.284579
vt 0.259353 0.268255
vt 0.264348 0.236178
vt 0.277426 0.222451
vt 0.272641 0.200826
vt 0.247492 0.251291
vt 0.242852 0.281773
vt 0.258062 0.300796
vt 0.277469 0.318205
vt 0.302468 0.328698
vt 0.230972 0.263047
vt 0.205623 0.253728
vt 0.210847 0.275741
vt 0.223894 0.297749
vt 0.292353 0.352924
vt 0.264510 0.339565
vt 0.240648 0.319004
vt 0.201120 0.315470
vt 0.190669 0.289256
vt 0.185689 0.266324
vt 0.186719 0.247902
vt 0.210326 0.228825
vt 0.191276 0.227357
vt 0.222185 0.223726
vt 0.221309 0.341517
vt 0.251700 0.367188
vt 0.287483 0.382862
vt 0.337435 0.400476
vt 0.238104 0.217330
vt 0.251845 0.210935
vt 0.264243 0.215611
vt 0.253636 0.225656
vt 0.238112 0.236146
vt 0.223479 0.244325
vt 0.675988 0.316753
vt 0.639760 0.311723
vt 0.651067 0.327608
vt 0.661363 0.351819
vt 0.621447 0.332223
vt 0.625455 0.365805
vt 0.591193 0.337379
vt 0.594748 0.373885
vt 0.553982 0.337411
vt 0.555978 0.372957
vt 0.507682 0.337909
vt 0.509949 0.375178
vt 0.476651 0.338434
vt 0.476651 0.375847
vt 0.443567 0.375209
vt 0.416916 0.400476
vt 0.397664 0.373095
vt 0.616796 0.311031
vt 0.590686 0.309783
vt 0.568683 0.310541
vt 0.541338 0.309226
vt 0.445751 0.337949
vt 0.476651 0.308449
vt 0.506129 0.308310
vt 0.541046 0.285423
vt 0.567475 0.287784
vt 0.588481 0.288174
vt 0.611796 0.291506
vt 0.633256 0.295998
vt 0.505831 0.284637
vt 0.476651 0.283457
vt 0.380225 0.241349
vt 0.408731 0.235551
vt 0.412584 0.265507
vt 0.412256 0.285638
vt 0.412050 0.309415
vt 0.447230 0.308361
vt 0.447472 0.284700
vt 0.476651 0.263120
vt 0.505876 0.263971
vt 0.540645 0.265273
vt 0.447378 0.264039
vt 0.476651 0.232546
vt 0.445223 0.232905
vt 0.661435 0.299293
vt 0.695248 0.299055
vt 0.729399 0.295581
vt 0.742244 0.273389
vt 0.752358 0.313047
vt 0.762552 0.286689
vt 0.767314 0.263680
vt 0.747263 0.251282
vt 0.766110 0.245254
vt 0.761363 0.224742
vt 0.689136 0.338004
vt 0.712827 0.317086
vt 0.702278 0.365474
vt 0.732420 0.339369
vt 0.666580 0.381727
vt 0.476651 0.400477
vt 0.536705 0.400476
vt 0.616549 0.400476
vt 0.795957 0.717326
vt 0.783967 0.728187
vt 0.795822 0.737750
vt 0.749131 0.718911
vt 0.795822 0.888504
vt 0.814414 0.916607
vt 0.814414 0.887199
vt 0.795822 0.846692
vt 0.814414 0.844770
vt 0.795822 0.802111
vt 0.814414 0.801591
vt 0.814414 0.762853
vt 0.795822 0.764370
vt 0.814414 0.730752
vt 0.796893 0.692527
vt 0.814414 0.679436
vt 0.666908 0.888495
vt 0.664645 0.921238
vt 0.688920 0.910811
vt 0.696177 0.922156
vt 0.665807 0.946721
vt 0.697660 0.950218
vt 0.684465 0.960980
vt 0.691793 0.960980
vt 0.697933 0.960980
vt 0.707113 0.960980
vt 0.716572 0.960980
vt 0.733030 0.953121
vt 0.732638 0.960980
vt 0.765725 0.960862
vt 0.785819 0.960013
vt 0.782643 0.926234
vt 0.813765 0.960105
vt 0.795822 0.911459
vt 0.706308 0.928048
vt 0.733255 0.932604
vt 0.666008 0.960980
vt 0.650546 0.964746
vt 0.644068 0.981831
vt 0.656947 0.988495
vt 0.630123 0.948262
vt 0.634168 0.919544
vt 0.614691 0.983186
vt 0.672608 0.847033
vt 0.637794 0.887838
vt 0.600130 0.916047
vt 0.596598 0.940373
vt 0.605843 0.963352
vt 0.589688 0.971218
vt 0.589877 0.998092
vt 0.579025 0.975423
vt 0.565244 0.937854
vt 0.688920 0.847280
vt 0.688920 0.889813
vt 0.541905 0.959541
vt 0.533712 0.942466
vt 0.497664 0.964619
vt 0.178249 0.386386
vt 0.183651 0.397010
vt 0.184422 0.383949
vt 0.178922 0.401347
vt 0.190631 0.420160
vt 0.186882 0.425909
vt 0.199111 0.435106
vt 0.194629 0.445206
vt 0.161751 0.440389
vt 0.162796 0.419997
vt 0.168313 0.396530
vt 0.169112 0.357120
vt 0.175091 0.353862
vt 0.179919 0.355976
vt 0.179919 0.319518
vt 0.170772 0.321682
vt 0.135013 0.354436
vt 0.135242 0.392365
vt 0.135112 0.415249
vt 0.134129 0.437646
vt 0.133304 0.464741
vt 0.159115 0.467190
vt 0.130738 0.502886
vt 0.154650 0.504409
vt 0.166361 0.468250
vt 0.161475 0.512886
vt 0.129332 0.513685
vt 0.109273 0.499486
vt 0.108948 0.462944
vt 0.108221 0.434378
vt 0.107262 0.410980
vt 0.107537 0.390241
vt 0.101594 0.350665
vt 0.135201 0.317615
vt 0.101911 0.314937
vt 0.100625 0.383971
vt 0.101818 0.461810
vt 0.101818 0.506786
vt 0.102571 0.212307
vt 0.096189 0.180657
vt 0.096189 0.213824
vt 0.102549 0.245802
vt 0.096189 0.245343
vt 0.096189 0.278331
vt 0.101994 0.279686
vt 0.096189 0.309419
vt 0.096189 0.347528
vt 0.096189 0.384384
vt 0.099413 0.389286
vt 0.101818 0.411693
vt 0.101818 0.431623
vt 0.134984 0.281855
vt 0.134992 0.247727
vt 0.135869 0.214546
vt 0.135988 0.185483
vt 0.103706 0.181031
vt 0.117581 0.154028
vt 0.105342 0.152524
vt 0.122584 0.131399
vt 0.110944 0.131305
vt 0.107850 0.126637
vt 0.096189 0.151499
vt 0.140991 0.155675
vt 0.164528 0.157747
vt 0.170034 0.187435
vt 0.168922 0.217186
vt 0.170040 0.250341
vt 0.171396 0.284058
vt 0.170557 0.158685
vt 0.172050 0.135793
vt 0.166963 0.133423
vt 0.179919 0.130802
vt 0.179919 0.161285
vt 0.179919 0.189612
vt 0.179919 0.220288
vt 0.179919 0.250730
vt 0.179919 0.284062
vt 0.142949 0.119536
vt 0.142949 0.128006
vt 0.998040 0.077423
vt 0.970981 0.105657
vt 0.998040 0.110720
vt 0.998040 0.132669
vt 0.970744 0.145211
vt 0.998040 0.151508
vt 0.969388 0.177179
vt 0.998040 0.179199
vt 0.998040 0.207194
vt 0.970606 0.217020
vt 0.998040 0.231922
vt 0.970992 0.253670
vt 0.997262 0.252427
vt 0.971283 0.289651
vt 0.918880 0.432669
vt 0.928205 0.417816
vt 0.919321 0.418283
vt 0.929143 0.436716
vt 0.894643 0.435914
vt 0.890628 0.422573
vt 0.886965 0.424103
vt 0.890133 0.415894
vt 0.917877 0.411775
vt 0.925015 0.409646
vt 0.889891 0.413036
vt 0.882279 0.415567
vt 0.881730 0.426299
vt 0.888282 0.444195
vt 0.894141 0.442243
vt 0.921499 0.439581
vt 0.923159 0.452679
vt 0.921190 0.447933
vt 0.896272 0.455719
vt 0.896664 0.450776
vt 0.922017 0.389947
vt 0.916189 0.369012
vt 0.911885 0.382521
vt 0.907205 0.363169
vt 0.908120 0.346822
vt 0.884616 0.365739
vt 0.877815 0.341200
vt 0.878257 0.376056
vt 0.886407 0.385182
vt 0.887244 0.394421
vt 0.913733 0.390140
vt 0.913623 0.394878
vt 0.922501 0.401006
vt 0.915933 0.402255
vt 0.917294 0.408691
vt 0.882498 0.407280
vt 0.888943 0.405849
vt 0.888844 0.397972
vt 0.878753 0.396644
vt 0.795027 0.399668
vt 0.722005 0.260901
vt 0.729327 0.242062
vt 0.730431 0.221423
vt 0.706772 0.196719
vt 0.714469 0.215190
vt 0.714631 0.234033
vt 0.371827 0.996823
vt 0.375707 0.969550
vt 0.371367 0.971119
vt 0.377360 0.998070
vt 0.381891 0.970691
vt 0.382256 0.996754
vt 0.384534 0.973595
vt 0.384981 0.994545
vt 0.391582 0.995063
vt 0.391694 0.972608
vt 0.397707 0.973065
vt 0.398414 0.995379
vt 0.402413 0.997356
vt 0.400974 0.970480
vt 0.408702 0.998066
vt 0.408578 0.969119
vt 0.414514 0.997288
vt 0.414252 0.969758
vt 0.420664 0.995578
vt 0.421391 0.971700
vt 0.423808 0.994282
vt 0.423473 0.973014
vt 0.438852 0.993747
vt 0.438745 0.972317
vt 0.453895 0.993211
vt 0.454017 0.971620
vt 0.469289 0.970923
vt 0.468939 0.992676
vt 0.472828 0.992389
vt 0.474018 0.970883
vt 0.475039 0.995491
vt 0.479310 0.969671
vt 0.487453 0.995844
vt 0.484120 0.968987
vt 0.496978 0.969349
vt 0.497242 0.995446
vt 0.499307 0.995212
vt 0.498631 0.969176
vt 0.301129 0.995831
vt 0.299382 0.970140
vt 0.299059 0.995476
vt 0.301512 0.969566
vt 0.313452 0.995817
vt 0.313409 0.969558
vt 0.320477 0.969562
vt 0.320008 0.996167
vt 0.324099 0.992694
vt 0.324268 0.971171
vt 0.328617 0.992319
vt 0.329773 0.971483
vt 0.342037 0.993034
vt 0.342477 0.971779
vt 0.355456 0.993750
vt 0.355182 0.972074
vt 0.368876 0.994465
vt 0.367886 0.972370
s 1
usemtl Backpack_Paratus_3_Day_diff
f 1/1/1 2/2/2 3/3/3
f 4/4/4 5/5/5 6/6/6
f 6/6/6 5/5/5 7/7/7
f 6/6/6 7/7/7 1/1/1
f 7/7/7 2/2/2 1/1/1
f 7/7/7 8/8/8 2/2/2
f 9/9/9 10/10/10 11/11/11
f 9/9/9 12/12/12 10/10/10
f 13/13/13 10/10/10 12/12/12
f 14/14/14 13/13/13 12/12/12
f 14/14/14 15/15/15 13/13/13
f 14/14/14 16/16/16 15/15/15
f 3/3/3 15/15/15 16/16/16
f 17/17/17 15/15/15 3/3/3
f 13/13/13 15/15/15 17/17/17
f 13/13/13 17/17/17 8/8/8
f 13/13/13 8/8/8 18/18/18
f 18/18/18 8/8/8 7/7/7
f 7/7/7 19/19/19 18/18/18
f 7/7/7 5/5/5 19/19/19
f 19/19/19 5/5/5 20/20/20
f 4/4/4 20/20/20 5/5/5
f 21/21/21 20/20/20 4/4/4
f 4/4/4 22/22/22 21/21/21
f 21/21/21 23/23/23 20/20/20
f 16/16/16 24/24/24 25/25/25
f 26/26/26 27/27/27 28/28/28
f 26/26/26 29/29/29 27/27/27
f 30/30/30 29/29/29 26/26/26
f 30/30/30 31/31/31 29/29/29
f 30/30/30 32/32/32 31/31/31
f 14/14/14 31/31/31 32/32/32
f 14/14/14 32/32/32 16/16/16
f 30/30/30 16/16/16 32/32/32
f 30/30/30 24/24/24 16/16/16
f 30/30/30 33/33/33 24/24/24
f 33/33/33 25/25/25 24/24/24
f 33/33/33 34/34/34 25/25/25
f 1/1/1 25/25/25 34/34/34
f 35/35/35 1/1/1 34/34/34
f 35/35/35 6/6/6 1/1/1
f 6/6/6 35/35/35 36/36/36
f 6/6/6 36/36/36 4/4/4
f 4/4/4 36/36/36 22/22/22
f 31/31/31 27/27/27 29/29/29
f 30/30/30 37/37/37 33/33/33
f 30/30/30 26/26/26 37/37/37
f 14/14/14 12/12/12 9/9/9
f 14/14/14 9/9/9 38/38/38
f 14/14/14 38/38/38 31/31/31
f 39/39/39 31/31/31 38/38/38
f 40/40/40 39/39/39 38/38/38
f 9/9/9 40/40/40 38/38/38
f 9/9/9 41/41/41 40/40/40
f 9/9/9 42/42/42 41/41/41
f 42/42/42 43/43/43 41/41/41
f 43/43/43 42/42/42 44/44/44
f 43/43/43 44/44/44 45/45/45
f 46/46/46 43/43/43 45/45/45
f 46/46/46 47/47/47 43/43/43
f 43/43/43 47/47/47 48/48/48
f 47/47/47 39/39/39 48/48/48
f 43/43/43 48/48/48 41/41/41
f 49/49/49 44/44/44 42/42/42
f 50/50/50 51/51/51 52/52/52
f 51/51/51 50/50/50 53/53/53
f 53/53/53 50/50/50 54/54/54
f 54/54/54 55/55/55 53/53/53
f 54/54/54 56/56/56 55/55/55
f 57/57/57 56/56/56 54/54/54
f 57/57/57 49/49/49 56/56/56
f 58/58/58 49/49/49 57/57/57
f 58/58/58 44/44/44 49/49/49
f 44/44/44 58/58/58 59/59/59
f 44/44/44 59/59/59 45/45/45
f 60/60/60 45/45/45 59/59/59
f 60/60/60 46/46/46 45/45/45
f 46/46/46 60/60/60 61/61/61
f 46/46/46 61/61/61 62/62/62
f 62/62/62 47/47/47 46/46/46
f 62/62/62 28/28/28 47/47/47
f 47/47/47 28/28/28 27/27/27
f 58/58/58 63/63/63 64/64/64
f 65/65/65 58/58/58 64/64/64
f 65/65/65 59/59/59 58/58/58
f 66/66/66 59/59/59 65/65/65
f 66/66/66 60/60/60 59/59/59
f 58/58/58 57/57/57 63/63/63
f 54/54/54 63/63/63 57/57/57
f 54/54/54 50/50/50 63/63/63
f 63/63/63 50/50/50 52/52/52
f 63/63/63 52/52/52 67/67/67
f 63/63/63 67/67/67 68/68/68
f 63/63/63 68/68/68 64/64/64
f 64/64/64 68/68/68 69/69/69
f 65/65/65 64/64/64 69/69/69
f 65/65/65 69/69/69 70/70/70
f 71/71/71 65/65/65 70/70/70
f 71/71/71 66/66/66 65/65/65
f 66/66/66 71/71/71 72/72/72
f 66/66/66 72/72/72 73/73/73
f 60/60/60 66/66/66 73/73/73
f 60/60/60 73/73/73 61/61/61
f 74/74/74 75/75/75 76/76/76
f 77/77/77 75/75/75 74/74/74
f 74/74/74 78/78/78 77/77/77
f 78/78/78 79/79/79 77/77/77
f 80/80/80 77/77/77 79/79/79
f 80/80/80 79/79/79 81/81/81
f 80/80/80 81/81/81 82/82/82
f 81/81/81 83/83/83 82/82/82
f 82/82/82 83/83/83 84/84/84
f 83/83/83 85/85/85 84/84/84
f 84/84/84 85/85/85 86/86/86
f 87/87/87 86/86/86 85/85/85
f 88/88/88 86/86/86 87/87/87
f 87/87/87 89/89/89 88/88/88
f 88/88/88 89/89/89 90/90/90
f 89/89/89 91/91/91 90/90/90
f 90/90/90 91/91/91 52/52/52
f 90/90/90 52/52/52 51/51/51
f 80/80/80 92/92/92 77/77/77
f 77/77/77 92/92/92 75/75/75
f 51/51/51 93/93/93 90/90/90
f 88/88/88 90/90/90 93/93/93
f 93/93/93 94/94/94 88/88/88
f 88/88/88 94/94/94 86/86/86
f 95/95/95 86/86/86 94/94/94
f 84/84/84 86/86/86 95/95/95
f 95/95/95 96/96/96 84/84/84
f 82/82/82 84/84/84 96/96/96
f 96/96/96 80/80/80 82/82/82
f 97/97/97 98/98/98 99/99/99
f 100/100/100 98/98/98 97/97/97
f 100/100/100 101/101/101 98/98/98
f 101/101/101 100/100/100 76/76/76
f 101/101/101 76/76/76 102/102/102
f 75/75/75 102/102/102 76/76/76
f 75/75/75 103/103/103 102/102/102
f 92/92/92 103/103/103 75/75/75
f 92/92/92 104/104/104 103/103/103
f 104/104/104 92/92/92 80/80/80
f 104/104/104 80/80/80 105/105/105
f 96/96/96 105/105/105 80/80/80
f 105/105/105 96/96/96 106/106/106
f 95/95/95 106/106/106 96/96/96
f 107/107/107 106/106/106 95/95/95
f 95/95/95 94/94/94 107/107/107
f 107/107/107 94/94/94 108/108/108
f 93/93/93 108/108/108 94/94/94
f 103/103/103 109/109/109 102/102/102
f 110/110/110 102/102/102 109/109/109
f 110/110/110 101/101/101 102/102/102
f 101/101/101 110/110/110 111/111/111
f 101/101/101 111/111/111 98/98/98
f 98/98/98 111/111/111 112/112/112
f 98/98/98 112/112/112 99/99/99
f 113/113/113 99/99/99 112/112/112
f 113/113/113 114/114/114 99/99/99
f 114/114/114 113/113/113 115/115/115
f 114/114/114 115/115/115 116/116/116
f 117/117/117 118/118/118 119/119/119
f 120/120/120 117/117/117 119/119/119
f 120/120/120 119/119/119 121/121/121
f 115/115/115 120/120/120 121/121/121
f 115/115/115 113/113/113 120/120/120
f 120/120/120 113/113/113 112/112/112
f 120/120/120 112/112/112 122/122/122
f 111/111/111 122/122/122 112/112/112
f 111/111/111 123/123/123 122/122/122
f 110/110/110 123/123/123 111/111/111
f 110/110/110 124/124/124 123/123/123
f 124/124/124 110/110/110 109/109/109
f 124/124/124 125/125/125 123/123/123
f 123/123/123 125/125/125 126/126/126
f 123/123/123 126/126/126 122/122/122
f 126/126/126 120/120/120 122/122/122
f 126/126/126 117/117/117 120/120/120
f 125/125/125 127/127/127 128/128/128
f 125/125/125 128/128/128 126/126/126
f 21/21/21 22/22/22 129/129/129
f 21/21/21 129/129/129 130/130/130
f 130/130/130 23/23/23 21/21/21
f 130/130/130 131/131/131 23/23/23
f 23/23/23 131/131/131 132/132/132
f 23/23/23 132/132/132 133/133/133
f 132/132/132 134/134/134 133/133/133
f 133/133/133 134/134/134 135/135/135
f 135/135/135 136/136/136 133/133/133
f 136/136/136 135/135/135 137/137/137
f 137/137/137 135/135/135 128/128/128
f 137/137/137 128/128/128 138/138/138
f 138/138/138 128/128/128 127/127/127
f 139/139/139 138/138/138 127/127/127
f 140/140/140 139/139/139 127/127/127
f 141/141/141 140/140/140 127/127/127
f 141/141/141 127/127/127 142/142/142
f 142/142/142 127/127/127 125/125/125
f 139/139/139 143/143/143 138/138/138
f 142/142/142 144/144/144 145/145/145
f 137/137/137 138/138/138 146/146/146
f 146/146/146 138/138/138 147/147/147
f 148/148/148 147/147/147 138/138/138
f 143/143/143 148/148/148 138/138/138
f 148/148/148 143/143/143 149/149/149
f 149/149/149 143/143/143 150/150/150
f 151/151/151 149/149/149 150/150/150
f 151/151/151 150/150/150 152/152/152
f 150/150/150 153/153/153 152/152/152
f 154/154/154 152/152/152 153/153/153
f 154/154/154 153/153/153 155/155/155
f 155/155/155 156/156/156 154/154/154
f 154/154/154 156/156/156 145/145/145
f 144/144/144 154/154/154 145/145/145
f 154/154/154 144/144/144 157/157/157
f 144/144/144 158/158/158 157/157/157
f 159/159/159 157/157/157 158/158/158
f 160/160/160 159/159/159 158/158/158
f 161/161/161 159/159/159 162/162/162
f 159/159/159 161/161/161 157/157/157
f 163/163/163 157/157/157 161/161/161
f 154/154/154 157/157/157 163/163/163
f 163/163/163 152/152/152 154/154/154
f 163/163/163 151/151/151 152/152/152
f 164/164/164 151/151/151 163/163/163
f 163/163/163 161/161/161 164/164/164
f 164/164/164 161/161/161 165/165/165
f 161/161/161 162/162/162 165/165/165
f 166/166/166 165/165/165 162/162/162
f 166/166/166 162/162/162 167/167/167
f 168/168/168 165/165/165 166/166/166
f 164/164/164 165/165/165 168/168/168
f 159/159/159 160/160/160 169/169/169
f 159/159/159 169/169/169 162/162/162
f 162/162/162 169/169/169 170/170/170
f 162/162/162 170/170/170 167/167/167
f 171/171/171 167/167/167 170/170/170
f 166/166/166 167/167/167 171/171/171
f 166/166/166 171/171/171 172/172/172
f 173/173/173 172/172/172 171/171/171
f 168/168/168 174/174/174 175/175/175
f 176/176/176 174/174/174 168/168/168
f 168/168/168 166/166/166 176/176/176
f 177/177/177 176/176/176 166/166/166
f 177/177/177 166/166/166 172/172/172
f 178/178/178 177/177/177 172/172/172
f 178/178/178 172/172/172 173/173/173
f 179/179/179 178/178/178 173/173/173
f 180/180/180 175/175/175 174/174/174
f 142/142/142 125/125/125 144/144/144
f 124/124/124 144/144/144 125/125/125
f 144/144/144 124/124/124 158/158/158
f 124/124/124 109/109/109 158/158/158
f 160/160/160 158/158/158 109/109/109
f 103/103/103 160/160/160 109/109/109
f 160/160/160 103/103/103 104/104/104
f 160/160/160 104/104/104 169/169/169
f 105/105/105 169/169/169 104/104/104
f 105/105/105 170/170/170 169/169/169
f 105/105/105 106/106/106 170/170/170
f 171/171/171 170/170/170 106/106/106
f 107/107/107 171/171/171 106/106/106
f 173/173/173 171/171/171 107/107/107
f 107/107/107 108/108/108 173/173/173
f 179/179/179 173/173/173 108/108/108
f 181/181/181 179/179/179 108/108/108
f 179/179/179 181/181/181 182/182/182
f 181/181/181 108/108/108 93/93/93
f 51/51/51 181/181/181 93/93/93
f 51/51/51 182/182/182 181/181/181
f 51/51/51 53/53/53 182/182/182
f 183/183/183 182/182/182 53/53/53
f 183/183/183 53/53/53 55/55/55
f 183/183/183 55/55/55 184/184/184
f 55/55/55 185/185/185 184/184/184
f 185/185/185 55/55/55 186/186/186
f 186/186/186 55/55/55 56/56/56
f 186/186/186 56/56/56 187/187/187
f 56/56/56 188/188/188 187/187/187
f 56/56/56 189/189/189 188/188/188
f 189/189/189 56/56/56 49/49/49
f 189/189/189 49/49/49 190/190/190
f 49/49/49 42/42/42 190/190/190
f 11/11/11 190/190/190 42/42/42
f 11/11/11 42/42/42 9/9/9
f 191/191/191 183/183/183 184/184/184
f 179/179/179 182/182/182 183/183/183
f 178/178/178 179/179/179 183/183/183
f 178/178/178 183/183/183 191/191/191
f 178/178/178 191/191/191 192/192/192
f 178/178/178 192/192/192 177/177/177
f 177/177/177 192/192/192 193/193/193
f 176/176/176 177/177/177 193/193/193
f 176/176/176 193/193/193 194/194/194
f 176/176/176 194/194/194 174/174/174
f 194/194/194 195/195/195 174/174/174
f 180/180/180 174/174/174 195/195/195
f 196/196/196 180/180/180 195/195/195
f 195/195/195 197/197/197 196/196/196
f 195/195/195 198/198/198 197/197/197
f 195/195/195 199/199/199 198/198/198
f 195/195/195 200/200/200 199/199/199
f 200/200/200 201/201/201 199/199/199
f 201/201/201 200/200/200 202/202/202
f 194/194/194 193/193/193 203/203/203
f 194/194/194 203/203/203 204/204/204
f 194/194/194 204/204/204 195/195/195
f 195/195/195 204/204/204 205/205/205
f 195/195/195 205/205/205 200/200/200
f 200/200/200 205/205/205 10/10/10
f 206/206/206 10/10/10 205/205/205
f 206/206/206 11/11/11 10/10/10
f 207/207/207 11/11/11 206/206/206
f 208/208/208 207/207/207 206/206/206
f 203/203/203 208/208/208 206/206/206
f 203/203/203 209/209/209 208/208/208
f 203/203/203 210/210/210 209/209/209
f 203/203/203 211/211/211 210/210/210
f 211/211/211 203/203/203 212/212/212
f 203/203/203 193/193/193 212/212/212
f 193/193/193 192/192/192 212/212/212
f 203/203/203 205/205/205 204/204/204
f 203/203/203 206/206/206 205/205/205
f 200/200/200 10/10/10 202/202/202
f 13/13/13 202/202/202 10/10/10
f 202/202/202 13/13/13 18/18/18
f 202/202/202 18/18/18 213/213/213
f 214/214/214 213/213/213 18/18/18
f 215/215/215 213/213/213 214/214/214
f 215/215/215 214/214/214 216/216/216
f 217/217/217 215/215/215 216/216/216
f 218/218/218 217/217/217 216/216/216
f 219/219/219 218/218/218 216/216/216
f 219/219/219 216/216/216 149/149/149
f 220/220/220 219/219/219 149/149/149
f 221/221/221 220/220/220 149/149/149
f 221/221/221 149/149/149 151/151/151
f 222/222/222 221/221/221 151/151/151
f 164/164/164 222/222/222 151/151/151
f 164/164/164 175/175/175 222/222/222
f 164/164/164 168/168/168 175/175/175
f 214/214/214 18/18/18 19/19/19
f 223/223/223 214/214/214 19/19/19
f 223/223/223 224/224/224 214/214/214
f 224/224/224 216/216/216 214/214/214
f 19/19/19 20/20/20 223/223/223
f 223/223/223 20/20/20 23/23/23
f 223/223/223 23/23/23 225/225/225
f 23/23/23 133/133/133 225/225/225
f 133/133/133 226/226/226 225/225/225
f 226/226/226 227/227/227 225/225/225
f 225/225/225 227/227/227 228/228/228
f 225/225/225 228/228/228 223/223/223
f 228/228/228 229/229/229 223/223/223
f 229/229/229 224/224/224 223/223/223
f 224/224/224 229/229/229 147/147/147
f 148/148/148 224/224/224 147/147/147
f 224/224/224 148/148/148 216/216/216
f 148/148/148 149/149/149 216/216/216
f 230/230/230 231/231/231 232/232/232
f 232/232/232 233/233/233 230/230/230
f 130/234/130 129/235/129 234/236/234
f 130/234/130 234/236/234 232/232/232
f 232/232/232 234/236/234 233/233/233
f 233/233/233 234/236/234 235/237/235
f 233/233/233 235/237/235 236/238/236
f 235/237/235 237/239/237 236/238/236
f 235/237/235 238/240/238 237/239/237
f 237/239/237 238/240/238 239/241/239
f 237/239/237 239/241/239 240/242/240
f 240/242/240 239/241/239 241/243/241
f 240/242/240 241/243/241 242/244/242
f 242/244/242 241/243/241 243/245/243
f 242/244/242 243/245/243 244/246/244
f 243/245/243 245/247/245 244/246/244
f 245/247/245 246/248/246 244/246/244
f 246/248/246 245/247/245 247/249/247
f 246/248/246 247/249/247 248/250/248
f 248/250/248 247/249/247 249/251/249
f 246/248/246 248/250/248 250/252/250
f 251/253/251 250/252/250 248/250/248
f 251/253/251 252/254/252 250/252/250
f 251/253/251 253/255/253 252/254/252
f 248/250/248 249/251/249 254/256/254
f 248/250/248 254/256/254 255/257/255
f 251/253/251 248/250/248 255/257/255
f 251/253/251 255/257/255 256/258/256
f 251/253/251 256/258/256 257/259/257
f 251/253/251 257/259/257 258/260/258
f 258/260/258 259/261/259 251/253/251
f 259/261/259 260/262/260 251/253/251
f 251/253/251 260/262/260 253/255/253
f 253/255/253 260/262/260 261/263/261
f 253/255/253 261/263/261 262/264/262
f 263/265/263 262/264/262 261/263/261
f 263/265/263 264/266/264 262/264/262
f 263/265/263 116/116/116 264/266/264
f 263/265/263 114/114/114 116/116/116
f 114/114/114 263/265/263 265/267/265
f 114/114/114 265/267/265 99/99/99
f 97/97/97 99/99/99 265/267/265
f 260/262/260 266/268/266 267/269/267
f 259/261/259 266/268/266 260/262/260
f 267/269/267 268/270/268 269/271/269
f 267/269/267 269/271/269 270/272/270
f 260/262/260 267/269/267 270/272/270
f 260/262/260 270/272/270 271/273/271
f 260/262/260 271/273/271 261/263/261
f 271/273/271 263/265/263 261/263/261
f 271/273/271 265/267/265 263/265/263
f 272/274/272 265/267/265 271/273/271
f 272/274/272 97/97/97 265/267/265
f 273/275/273 97/97/97 272/274/272
f 273/275/273 100/100/100 97/97/97
f 76/76/76 100/100/100 273/275/273
f 76/76/76 273/275/273 274/276/274
f 74/74/74 76/76/76 274/276/274
f 274/276/274 275/277/275 74/74/74
f 74/74/74 275/277/275 78/78/78
f 276/278/276 78/78/78 275/277/275
f 277/279/277 78/78/78 276/278/276
f 270/272/270 269/271/269 278/280/278
f 276/278/276 275/277/275 279/281/279
f 275/277/275 280/282/280 279/281/279
f 281/283/281 273/275/273 272/274/272
f 271/273/271 281/283/281 272/274/272
f 271/273/271 270/272/270 281/283/281
f 281/283/281 270/272/270 282/284/282
f 270/272/270 278/280/278 282/284/282
f 278/280/278 283/285/283 282/284/282
f 278/280/278 284/286/284 283/285/283
f 285/287/285 283/285/283 284/286/284
f 286/288/286 283/285/283 285/287/285
f 280/282/280 286/288/286 285/287/285
f 280/282/280 287/289/287 286/288/286
f 275/277/275 287/289/287 280/282/280
f 274/276/274 287/289/287 275/277/275
f 286/288/286 287/289/287 274/276/274
f 286/288/286 274/276/274 273/275/273
f 281/283/281 286/288/286 273/275/273
f 286/288/286 281/283/281 283/285/283
f 281/283/281 282/284/282 283/285/283
f 277/279/277 276/278/276 288/290/288
f 277/279/277 288/290/288 289/291/289
f 277/279/277 289/291/289 290/292/290
f 289/291/289 291/293/291 290/292/290
f 292/294/292 290/292/290 291/293/291
f 293/295/293 292/294/292 291/293/291
f 292/294/292 293/295/293 294/296/294
f 294/296/294 293/295/293 295/297/295
f 294/296/294 295/297/295 296/298/296
f 295/297/295 297/299/297 296/298/296
f 296/298/296 297/299/297 298/300/298
f 297/299/297 299/301/299 298/300/298
f 298/300/298 299/301/299 300/302/300
f 301/303/301 300/302/300 299/301/299
f 302/304/302 300/302/300 301/303/301
f 303/305/303 302/304/302 301/303/301
f 303/305/303 304/306/304 302/304/302
f 302/304/302 304/306/304 305/307/305
f 302/304/302 305/307/305 306/308/306
f 306/308/306 305/307/305 307/309/307
f 302/304/302 308/310/308 300/302/300
f 309/311/309 300/302/300 308/310/308
f 298/300/298 300/302/300 309/311/309
f 310/312/310 298/300/298 309/311/309
f 296/298/296 298/300/298 310/312/310
f 310/312/310 294/296/294 296/298/296
f 78/78/78 277/279/277 79/79/79
f 290/292/290 79/79/79 277/279/277
f 290/292/290 81/81/81 79/79/79
f 292/294/292 81/81/81 290/292/290
f 81/81/81 292/294/292 83/83/83
f 292/294/292 294/296/294 83/83/83
f 83/83/83 294/296/294 85/85/85
f 310/312/310 85/85/85 294/296/294
f 87/87/87 85/85/85 310/312/310
f 310/312/310 309/311/309 87/87/87
f 87/87/87 309/311/309 89/89/89
f 309/311/309 308/310/308 89/89/89
f 89/89/89 308/310/308 91/91/91
f 91/91/91 308/310/308 302/304/302
f 91/91/91 302/304/302 306/308/306
f 311/313/311 312/314/312 313/315/313
f 313/315/313 314/316/314 311/313/311
f 315/317/315 316/318/316 317/319/317
f 315/317/315 317/319/317 318/320/318
f 319/321/319 315/317/315 318/320/318
f 319/321/319 318/320/318 320/322/320
f 321/323/321 319/321/319 320/322/320
f 321/323/321 320/322/320 322/324/322
f 323/325/323 321/323/321 322/324/322
f 323/325/323 322/324/322 324/326/324
f 325/327/325 323/325/323 324/326/324
f 325/327/325 326/328/326 323/325/323
f 314/316/314 326/328/326 325/327/325
f 314/316/314 325/327/325 327/329/327
f 314/316/314 327/329/327 311/313/311
f 327/329/327 328/330/328 311/313/311
f 329/331/329 311/313/311 328/330/328
f 330/332/330 331/333/331 332/334/332
f 333/335/333 334/336/334 335/337/335
f 334/336/334 336/338/336 335/337/335
f 334/336/334 337/339/337 336/338/336
f 336/338/336 337/339/337 338/340/338
f 337/339/337 339/341/339 338/340/338
f 340/342/340 338/340/338 339/341/339
f 340/342/340 339/341/339 341/343/341
f 340/342/340 341/343/341 342/344/342
f 343/345/343 340/342/340 342/344/342
f 344/346/344 340/342/340 343/345/343
f 344/346/344 343/345/343 345/347/345
f 344/346/344 345/347/345 346/348/346
f 346/348/346 345/347/345 347/349/347
f 346/348/346 347/349/347 330/332/330
f 330/332/330 347/349/347 331/333/331
f 348/350/348 331/333/331 347/349/347
f 348/350/348 349/351/349 331/333/331
f 350/352/350 349/351/349 348/350/348
f 348/350/348 351/353/351 350/352/350
f 343/345/343 342/344/342 351/353/351
f 348/350/348 343/345/343 351/353/351
f 347/349/347 343/345/343 348/350/348
f 347/349/347 345/347/345 343/345/343
f 350/352/350 352/354/352 349/351/349
f 336/338/336 338/340/338 353/355/353
f 340/342/340 344/346/344 338/340/338
f 353/355/353 338/340/338 344/346/344
f 353/355/353 344/346/344 354/356/354
f 344/346/344 346/348/346 354/356/354
f 331/333/331 355/357/355 332/334/332
f 331/333/331 356/358/356 355/357/355
f 349/351/349 356/358/356 331/333/331
f 349/351/349 357/359/357 356/358/356
f 352/354/352 357/359/357 349/351/349
f 352/354/352 358/360/358 357/359/357
f 352/354/352 359/361/359 358/360/358
f 352/354/352 360/362/360 359/361/359
f 350/352/350 360/362/360 352/354/352
f 350/352/350 361/363/361 360/362/360
f 351/353/351 361/363/361 350/352/350
f 351/353/351 362/364/362 361/363/361
f 351/353/351 363/365/363 362/364/362
f 351/353/351 342/344/342 363/365/363
f 342/344/342 364/366/364 363/365/363
f 342/344/342 341/343/341 364/366/364
f 365/367/365 364/366/364 341/343/341
f 365/367/365 341/343/341 339/341/339
f 366/368/366 367/369/367 368/370/368
f 367/369/367 369/371/369 368/370/368
f 367/369/367 370/372/370 369/371/369
f 371/373/371 369/371/369 370/372/370
f 371/373/371 365/367/365 369/371/369
f 365/367/365 371/373/371 364/366/364
f 372/374/372 373/375/373 374/376/374
f 375/377/375 373/375/373 372/374/372
f 375/377/375 376/378/376 373/375/373
f 376/378/376 375/377/375 377/379/377
f 376/378/376 377/379/377 378/380/378
f 379/381/379 378/380/378 377/379/377
f 380/382/380 378/380/378 379/381/379
f 380/382/380 381/383/381 378/380/378
f 382/384/382 381/383/381 380/382/380
f 381/383/381 382/384/382 366/368/366
f 381/383/381 366/368/366 383/385/383
f 366/368/366 368/370/368 383/385/383
f 376/378/376 383/385/383 368/370/368
f 376/378/376 368/370/368 373/375/373
f 373/375/373 368/370/368 369/371/369
f 373/375/373 369/371/369 374/376/374
f 374/376/374 369/371/369 365/367/365
f 374/376/374 365/367/365 384/386/384
f 383/385/383 378/380/378 381/383/381
f 383/385/383 376/378/376 378/380/378
f 379/381/379 377/379/377 385/387/385
f 382/384/382 380/382/380 386/388/386
f 380/382/380 387/389/387 386/388/386
f 365/367/365 339/341/339 384/386/384
f 337/339/337 384/386/384 339/341/339
f 374/376/374 384/386/384 337/339/337
f 374/376/374 337/339/337 334/336/334
f 372/374/372 374/376/374 334/336/334
f 333/335/333 372/374/372 334/336/334
f 375/377/375 372/374/372 333/335/333
f 375/377/375 333/335/333 388/390/388
f 389/391/389 375/377/375 388/390/388
f 389/391/389 377/379/377 375/377/375
f 377/379/377 389/391/389 390/392/390
f 377/379/377 390/392/390 385/387/385
f 390/392/390 391/393/391 385/387/385
f 391/393/391 379/381/379 385/387/385
f 391/393/391 392/394/392 379/381/379
f 392/394/392 380/382/380 379/381/379
f 392/394/392 393/395/393 380/382/380
f 380/382/380 393/395/393 387/389/387
f 391/393/391 394/396/394 395/397/395
f 390/392/390 394/396/394 391/393/391
f 396/398/396 397/399/397 398/400/398
f 396/398/396 399/401/399 397/399/397
f 399/401/399 395/397/395 397/399/397
f 399/401/399 400/402/400 395/397/395
f 391/393/391 395/397/395 400/402/400
f 400/402/400 392/394/392 391/393/391
f 400/402/400 401/403/401 392/394/392
f 401/403/401 393/395/393 392/394/392
f 401/403/401 402/404/402 393/395/393
f 402/404/402 401/403/401 403/405/403
f 402/404/402 403/405/403 404/406/404
f 403/405/403 405/407/405 404/406/404
f 403/405/403 406/408/406 405/407/405
f 405/407/405 406/408/406 407/409/407
f 396/398/396 407/409/407 406/408/406
f 396/398/396 408/410/408 407/409/407
f 407/409/407 408/410/408 409/411/409
f 407/409/407 409/411/409 410/412/410
f 407/409/407 410/412/410 411/413/411
f 407/409/407 411/413/411 412/414/412
f 405/407/405 407/409/407 412/414/412
f 396/398/396 406/408/406 403/405/403
f 396/398/396 403/405/403 399/401/399
f 403/405/403 400/402/400 399/401/399
f 403/405/403 401/403/401 400/402/400
f 387/389/387 393/395/393 402/404/402
f 387/389/387 402/404/402 413/415/413
f 413/415/413 402/404/402 404/406/404
f 413/415/413 404/406/404 414/416/414
f 405/407/405 414/416/414 404/406/404
f 405/407/405 415/417/415 414/416/414
f 415/417/415 405/407/405 412/414/412
f 415/417/415 412/414/412 416/418/416
f 416/418/416 412/414/412 411/413/411
f 416/418/416 411/413/411 417/419/417
f 417/419/417 411/413/411 410/412/410
f 417/419/417 410/412/410 418/420/418
f 418/420/418 410/412/410 409/411/409
f 418/420/418 409/411/409 419/421/419
f 419/421/419 409/411/409 408/410/408
f 419/421/419 408/410/408 420/422/420
f 420/422/420 408/410/408 396/398/396
f 420/422/420 396/398/396 398/400/398
f 421/423/421 422/424/422 423/425/423
f 423/425/423 424/426/424 421/423/421
f 421/423/421 424/426/424 425/427/425
f 426/428/426 425/427/425 424/426/424
f 425/427/425 426/428/426 325/429/325
f 327/430/327 325/429/325 426/428/426
f 421/423/421 425/427/425 422/424/422
f 423/425/423 426/428/426 424/426/424
f 425/431/425 325/429/325 324/432/324
f 427/433/427 313/434/313 428/435/428
f 427/433/427 428/435/428 429/436/429
f 427/433/427 429/436/429 430/437/430
f 328/438/328 430/437/430 429/436/429
f 328/438/328 431/439/431 430/437/430
f 328/438/328 327/430/327 431/439/431
f 327/430/327 426/428/426 431/439/431
f 426/428/426 432/440/432 431/439/431
f 426/428/426 423/425/423 432/440/432
f 314/441/314 432/440/432 423/425/423
f 422/424/422 314/441/314 423/425/423
f 314/441/314 422/424/422 326/442/326
f 326/442/326 422/424/422 433/443/433
f 422/424/422 434/444/434 433/443/433
f 434/444/434 435/445/435 433/443/433
f 434/444/434 436/446/436 435/445/435
f 436/446/436 437/447/437 435/445/435
f 436/446/436 438/448/438 437/447/437
f 432/440/432 430/437/430 431/439/431
f 432/440/432 427/433/427 430/437/430
f 432/440/432 313/434/313 427/433/427
f 432/440/432 314/441/314 313/434/313
f 439/449/439 437/447/437 438/448/438
f 438/448/438 318/450/318 439/449/439
f 438/448/438 320/451/320 318/450/318
f 320/451/320 438/448/438 436/446/436
f 320/451/320 436/446/436 322/452/322
f 324/432/324 322/452/322 436/446/436
f 324/432/324 436/446/436 434/444/434
f 425/431/425 324/432/324 434/444/434
f 422/424/422 425/431/425 434/444/434
f 439/449/439 440/453/440 437/447/437
f 441/454/441 318/455/318 317/456/317
f 441/454/441 439/449/439 318/455/318
f 440/453/440 439/449/439 441/454/441
f 440/453/440 441/454/441 442/457/442
f 442/457/442 315/458/315 440/453/440
f 437/447/437 440/453/440 315/458/315
f 437/447/437 315/458/315 319/459/319
f 435/445/435 437/447/437 319/459/319
f 435/445/435 319/459/319 321/460/321
f 433/443/433 435/445/435 321/460/321
f 433/443/433 321/460/321 323/461/323
f 326/442/326 433/443/433 323/461/323
f 442/457/442 316/462/316 315/458/315
f 443/315/443 444/313/444 445/316/445
f 444/313/444 443/315/443 446/314/446
f 447/331/447 448/330/448 444/313/444
f 449/329/449 444/313/444 448/330/448
f 445/316/445 444/313/444 449/329/449
f 445/316/445 449/329/449 450/327/450
f 445/316/445 450/327/450 451/328/451
f 450/327/450 452/325/452 451/328/451
f 450/327/450 453/326/453 452/325/452
f 452/325/452 453/326/453 454/324/454
f 452/325/452 454/324/454 455/323/455
f 455/323/455 454/324/454 456/463/456
f 455/323/455 456/463/456 457/321/457
f 457/321/457 456/463/456 458/464/458
f 457/321/457 458/464/458 459/317/459
f 459/317/459 458/464/458 460/319/460
f 459/317/459 460/319/460 461/318/461
f 462/454/462 460/456/460 458/455/458
f 463/431/463 453/432/453 450/429/450
f 463/431/463 464/444/464 453/432/453
f 465/424/465 464/444/464 463/431/463
f 465/424/465 466/443/466 464/444/464
f 451/442/451 466/443/466 465/424/465
f 451/442/451 452/461/452 466/443/466
f 466/443/466 452/461/452 455/460/455
f 466/443/466 455/460/455 467/445/467
f 467/445/467 455/460/455 457/459/457
f 467/445/467 457/459/457 468/447/468
f 468/447/468 457/459/457 459/458/459
f 468/447/468 459/458/459 469/453/469
f 470/457/470 469/453/469 459/458/459
f 469/453/469 470/457/470 462/454/462
f 469/453/469 462/454/462 471/449/471
f 462/454/462 458/455/458 471/449/471
f 458/455/458 472/448/472 471/449/471
f 458/455/458 456/465/456 472/448/472
f 473/446/473 467/445/467 468/447/468
f 471/449/471 468/447/468 469/453/469
f 471/449/471 472/448/472 468/447/468
f 473/446/473 468/447/468 472/448/472
f 456/451/456 473/446/473 472/448/472
f 456/451/456 454/452/454 473/446/473
f 453/432/453 473/446/473 454/452/454
f 453/432/453 464/444/464 473/446/473
f 464/444/464 467/445/467 473/446/473
f 464/444/464 466/443/466 467/445/467
f 470/457/470 459/458/459 461/462/461
f 474/423/474 465/424/465 463/427/463
f 445/441/445 451/442/451 465/424/465
f 465/424/465 475/425/475 445/441/445
f 474/423/474 475/425/475 465/424/465
f 475/425/475 474/423/474 476/426/476
f 474/423/474 463/427/463 476/426/476
f 477/428/477 476/426/476 463/427/463
f 463/427/463 450/429/450 477/428/477
f 449/430/449 477/428/477 450/429/450
f 449/430/449 478/439/478 477/428/477
f 448/438/448 478/439/478 449/430/449
f 448/438/448 479/437/479 478/439/478
f 448/438/448 480/436/480 479/437/479
f 481/433/481 479/437/479 480/436/480
f 481/433/481 480/436/480 482/435/482
f 481/433/481 482/435/482 443/434/443
f 443/434/443 483/440/483 481/433/481
f 445/441/445 483/440/483 443/434/443
f 483/440/483 445/441/445 475/425/475
f 477/428/477 483/440/483 475/425/475
f 475/425/475 476/426/476 477/428/477
f 477/428/477 478/439/478 483/440/483
f 483/440/483 478/439/478 479/437/479
f 483/440/483 479/437/479 481/433/481
f 484/466/484 485/467/485 486/468/486
f 487/469/487 488/470/488 489/471/489
f 487/469/487 490/472/490 488/470/488
f 491/473/491 490/472/490 487/469/487
f 491/473/491 486/468/486 490/472/490
f 484/466/484 486/468/486 491/473/491
f 491/473/491 492/474/492 484/466/484
f 493/475/493 490/472/490 486/468/486
f 493/475/493 488/470/488 490/472/490
f 488/470/488 493/475/493 494/476/494
f 488/470/488 494/476/494 489/471/489
f 495/477/495 489/471/489 494/476/494
f 495/477/495 487/469/487 489/471/489
f 495/477/495 496/478/496 487/469/487
f 496/478/496 491/473/491 487/469/487
f 496/478/496 497/479/497 491/473/491
f 491/473/491 497/479/497 492/474/492
f 492/474/492 497/479/497 498/480/498
f 498/480/498 499/481/499 492/474/492
f 499/481/499 498/480/498 500/482/500
f 498/480/498 501/483/501 500/482/500
f 498/480/498 502/484/502 501/483/501
f 501/483/501 502/484/502 503/485/503
f 504/486/504 503/485/503 502/484/502
f 505/487/505 503/485/503 504/486/504
f 498/480/498 506/488/506 507/489/507
f 498/480/498 497/479/497 506/488/506
f 496/478/496 506/488/506 497/479/497
f 496/478/496 495/477/495 506/488/506
f 495/477/495 494/476/494 506/488/506
f 505/487/505 508/490/508 503/485/503
f 509/491/509 508/490/508 505/487/505
f 493/475/493 510/492/510 511/493/511
f 493/475/493 511/493/511 494/476/494
f 494/476/494 511/493/511 512/494/512
f 494/476/494 512/494/512 506/488/506
f 506/488/506 512/494/512 513/495/513
f 507/489/507 506/488/506 513/495/513
f 513/495/513 514/496/514 507/489/507
f 515/497/515 507/489/507 514/496/514
f 515/497/515 516/498/516 507/489/507
f 516/498/516 498/480/498 507/489/507
f 516/498/516 502/484/502 498/480/498
f 504/486/504 502/484/502 516/498/516
f 517/499/517 504/486/504 516/498/516
f 518/500/518 504/486/504 517/499/517
f 517/499/517 516/498/516 515/497/515
f 501/483/501 503/485/503 519/501/519
f 519/501/519 503/485/503 508/490/508
f 519/501/519 508/490/508 520/502/520
f 521/503/521 520/502/520 508/490/508
f 509/491/509 521/503/521 508/490/508
f 522/504/522 521/503/521 509/491/509
f 522/504/522 509/491/509 523/505/523
f 524/506/524 522/504/522 523/505/523
f 524/506/524 523/505/523 525/507/525
f 526/508/526 524/506/524 525/507/525
f 526/508/526 527/509/527 524/506/524
f 526/508/526 528/510/528 527/509/527
f 521/503/521 529/511/529 520/502/520
f 522/504/522 529/511/529 521/503/521
f 522/504/522 530/512/530 529/511/529
f 524/506/524 530/512/530 522/504/522
f 524/506/524 527/509/527 530/512/530
f 518/500/518 505/487/505 504/486/504
f 518/500/518 509/491/509 505/487/505
f 518/500/518 531/513/531 509/491/509
f 523/505/523 509/491/509 531/513/531
f 523/505/523 531/513/531 532/514/532
f 523/505/523 532/514/532 533/515/533
f 523/505/523 533/515/533 525/507/525
f 534/516/534 525/507/525 533/515/533
f 526/508/526 525/507/525 534/516/534
f 535/517/535 526/508/526 534/516/534
f 535/517/535 528/510/528 526/508/526
f 535/517/535 536/518/536 528/510/528
f 537/519/537 536/518/536 535/517/535
f 537/519/537 538/520/538 536/518/536
f 537/519/537 539/521/539 538/520/538
f 537/519/537 540/522/540 539/521/539
f 541/523/541 539/521/539 540/522/540
f 542/524/542 541/523/541 540/522/540
f 535/517/535 534/516/534 543/525/543
f 543/525/543 537/519/537 535/517/535
f 544/526/544 545/527/545 546/528/546
f 544/526/544 547/529/547 545/527/545
f 544/526/544 542/524/542 547/529/547
f 548/530/548 547/529/547 542/524/542
f 542/524/542 540/522/540 548/530/548
f 537/519/537 548/530/548 540/522/540
f 537/519/537 549/531/549 548/530/548
f 543/525/543 549/531/549 537/519/537
f 543/525/543 550/532/550 549/531/549
f 543/525/543 551/533/551 550/532/550
f 543/525/543 552/534/552 551/533/551
f 543/525/543 534/516/534 552/534/552
f 534/516/534 533/515/533 552/534/552
f 548/530/548 553/535/553 547/529/547
f 549/531/549 553/535/553 548/530/548
f 549/531/549 550/532/550 553/535/553
f 541/523/541 554/536/554 539/521/539
f 555/537/555 554/536/554 541/523/541
f 555/537/555 556/538/556 554/536/554
f 555/537/555 557/539/557 556/538/556
f 542/524/542 555/537/555 541/523/541
f 542/524/542 544/526/544 555/537/555
f 558/540/558 555/537/555 544/526/544
f 544/526/544 546/528/546 558/540/558
f 558/540/558 546/528/546 559/541/559
f 558/540/558 559/541/559 560/542/560
f 561/543/561 560/542/560 559/541/559
f 561/543/561 562/544/562 560/542/560
f 563/545/563 562/544/562 561/543/561
f 563/545/563 564/546/564 562/544/562
f 565/547/565 564/546/564 563/545/563
f 565/547/565 566/548/566 564/546/564
f 566/548/566 565/547/565 567/549/567
f 566/548/566 567/549/567 568/550/568
f 568/550/568 569/551/569 566/548/566
f 570/552/570 569/551/569 568/550/568
f 570/552/570 571/553/571 569/551/569
f 570/552/570 572/554/572 571/553/571
f 564/546/564 573/555/573 574/556/574
f 566/548/566 573/555/573 564/546/564
f 566/548/566 575/557/575 573/555/573
f 566/548/566 576/558/576 575/557/575
f 566/548/566 569/551/569 576/558/576
f 570/552/570 577/559/577 578/560/578
f 570/552/570 579/561/579 577/559/577
f 570/552/570 568/550/568 579/561/579
f 575/557/575 576/558/576 580/562/580
f 580/562/580 581/563/581 575/557/575
f 581/563/581 582/564/582 575/557/575
f 582/564/582 573/555/573 575/557/575
f 582/564/582 583/565/583 573/555/573
f 573/555/573 583/565/583 584/566/584
f 573/555/573 584/566/584 574/556/574
f 574/556/574 584/566/584 585/567/585
f 574/556/574 585/567/585 586/568/586
f 586/568/586 585/567/585 557/539/557
f 586/568/586 557/539/557 587/569/587
f 555/537/555 587/569/587 557/539/557
f 558/540/558 587/569/587 555/537/555
f 560/542/560 587/569/587 558/540/558
f 560/542/560 586/568/586 587/569/587
f 562/544/562 586/568/586 560/542/560
f 562/544/562 574/556/574 586/568/586
f 564/546/564 574/556/574 562/544/562
f 569/551/569 571/553/571 588/570/588
f 569/551/569 588/570/588 576/558/576
f 588/570/588 589/571/589 576/558/576
f 589/571/589 580/562/580 576/558/576
f 589/571/589 590/572/590 580/562/580
f 591/573/591 590/572/590 589/571/589
f 591/573/591 592/574/592 590/572/590
f 588/570/588 571/553/571 572/554/572
f 588/570/588 572/554/572 593/575/593
f 588/570/588 593/575/593 589/571/589
f 594/576/594 589/571/589 593/575/593
f 594/576/594 591/573/591 589/571/589
f 594/576/594 578/560/578 591/573/591
f 594/576/594 595/577/595 578/560/578
f 570/552/570 578/560/578 595/577/595
f 570/552/570 595/577/595 572/554/572
f 572/554/572 595/577/595 594/576/594
f 572/554/572 594/576/594 593/575/593
f 596/578/596 597/579/597 598/580/598
f 596/578/596 599/581/599 597/579/597
f 599/581/599 596/578/596 600/582/600
f 599/581/599 600/582/600 601/583/601
f 600/582/600 602/584/602 601/583/601
f 600/582/600 603/585/603 602/584/602
f 604/586/604 602/584/602 603/585/603
f 604/586/604 605/587/605 602/584/602
f 605/587/605 604/586/604 606/588/606
f 607/589/607 605/587/605 606/588/606
f 607/589/607 608/590/608 605/587/605
f 605/587/605 608/590/608 609/591/609
f 605/587/605 609/591/609 602/584/602
f 610/592/610 602/584/602 609/591/609
f 610/592/610 601/583/601 602/584/602
f 601/583/601 610/592/610 611/593/611
f 601/583/601 611/593/611 599/581/599
f 599/581/599 611/593/611 1/594/1
f 599/581/599 1/594/1 597/579/597
f 3/595/3 597/579/597 1/594/1
f 598/580/598 597/579/597 3/595/3
f 598/580/598 3/595/3 16/596/16
f 25/597/25 598/580/598 16/596/16
f 596/578/596 598/580/598 25/597/25
f 596/578/596 25/597/25 612/598/612
f 613/599/613 596/578/596 612/598/612
f 613/599/613 600/582/600 596/578/596
f 600/582/600 613/599/613 614/600/614
f 600/582/600 614/600/614 603/585/603
f 603/585/603 614/600/614 615/601/615
f 603/585/603 615/601/615 604/586/604
f 604/586/604 615/601/615 616/602/616
f 616/602/616 606/588/606 604/586/604
f 617/603/617 606/588/606 616/602/616
f 607/589/607 606/588/606 617/603/617
f 607/589/607 617/603/617 618/604/618
f 617/603/617 619/605/619 618/604/618
f 619/605/619 617/603/617 620/606/620
f 620/606/620 621/607/621 619/605/619
f 616/602/616 621/607/621 620/606/620
f 616/602/616 622/608/622 621/607/621
f 615/601/615 622/608/622 616/602/616
f 615/601/615 623/609/623 622/608/622
f 617/603/617 616/602/616 620/606/620
f 624/346/624 625/356/625 626/348/626
f 627/355/627 625/356/625 624/346/624
f 628/342/628 629/340/629 624/346/624
f 627/355/627 624/346/624 629/340/629
f 630/338/630 627/355/627 629/340/629
f 631/333/631 632/334/632 633/357/633
f 634/332/634 632/334/632 631/333/631
f 634/332/634 631/333/631 635/349/635
f 626/348/626 634/332/634 635/349/635
f 626/348/626 635/349/635 636/347/636
f 624/346/624 626/348/626 636/347/636
f 624/346/624 636/347/636 637/345/637
f 624/346/624 637/345/637 628/342/628
f 637/345/637 638/344/638 628/342/628
f 628/342/628 638/344/638 639/343/639
f 628/342/628 639/343/639 640/341/640
f 628/342/628 640/341/640 629/340/629
f 641/339/641 629/340/629 640/341/640
f 630/338/630 629/340/629 641/339/641
f 630/338/630 641/339/641 642/336/642
f 630/338/630 642/336/642 643/337/643
f 644/335/644 643/337/643 642/336/642
f 645/350/645 635/349/635 631/333/631
f 635/349/635 645/350/645 637/345/637
f 635/349/635 637/345/637 636/347/636
f 645/350/645 646/353/646 637/345/637
f 637/345/637 646/353/646 638/344/638
f 631/333/631 633/357/633 647/358/647
f 648/351/648 631/333/631 647/358/647
f 645/350/645 631/333/631 648/351/648
f 649/352/649 645/350/645 648/351/648
f 645/350/645 649/352/649 646/353/646
f 646/353/646 649/352/649 650/363/650
f 646/353/646 650/363/650 651/364/651
f 646/353/646 651/364/651 652/365/652
f 646/353/646 652/365/652 638/344/638
f 638/344/638 652/365/652 653/366/653
f 638/344/638 653/366/653 639/343/639
f 653/366/653 654/367/654 639/343/639
f 640/341/640 639/343/639 654/367/654
f 640/341/640 654/367/654 655/386/655
f 641/339/641 640/341/640 655/386/655
f 656/376/656 641/339/641 655/386/655
f 656/376/656 642/336/642 641/339/641
f 657/374/657 642/336/642 656/376/656
f 657/374/657 656/376/656 658/375/658
f 649/352/649 659/362/659 650/363/650
f 649/352/649 660/354/660 659/362/659
f 649/352/649 648/351/648 660/354/660
f 660/354/660 648/351/648 661/359/661
f 648/351/648 647/358/647 661/359/661
f 660/354/660 662/361/662 659/362/659
f 660/354/660 663/360/663 662/361/662
f 660/354/660 661/359/661 663/360/663
f 664/377/664 657/374/657 658/375/658
f 664/377/664 658/375/658 665/378/665
f 665/378/665 666/379/666 664/377/664
f 665/378/665 667/380/667 666/379/666
f 668/381/668 666/379/666 667/380/667
f 669/382/669 668/381/668 667/380/667
f 669/382/669 667/380/667 670/383/670
f 671/384/671 669/382/669 670/383/670
f 670/383/670 672/368/672 671/384/671
f 670/383/670 673/385/673 672/368/672
f 674/370/674 672/368/672 673/385/673
f 665/378/665 674/370/674 673/385/673
f 665/378/665 658/375/658 674/370/674
f 658/375/658 675/371/675 674/370/674
f 658/375/658 656/376/656 675/371/675
f 656/376/656 654/367/654 675/371/675
f 656/376/656 655/386/655 654/367/654
f 673/385/673 667/380/667 665/378/665
f 673/385/673 670/383/670 667/380/667
f 668/381/668 676/387/676 666/379/666
f 674/370/674 677/369/677 672/368/672
f 675/371/675 677/369/677 674/370/674
f 675/371/675 678/372/678 677/369/677
f 679/373/679 678/372/678 675/371/675
f 679/373/679 675/371/675 654/367/654
f 653/366/653 679/373/679 654/367/654
f 671/384/671 680/388/680 669/382/669
f 669/382/669 680/388/680 681/389/681
f 644/335/644 642/336/642 657/374/657
f 644/335/644 657/374/657 664/377/664
f 644/335/644 664/377/664 682/390/682
f 683/391/683 682/390/682 664/377/664
f 683/391/683 664/377/664 666/379/666
f 666/379/666 684/392/684 683/391/683
f 666/379/666 676/387/676 684/392/684
f 684/392/684 676/387/676 685/393/685
f 685/393/685 676/387/676 668/381/668
f 685/393/685 668/381/668 686/394/686
f 686/394/686 668/381/668 669/382/669
f 686/394/686 669/382/669 687/395/687
f 669/382/669 681/389/681 687/395/687
f 681/389/681 688/404/688 687/395/687
f 681/389/681 689/415/689 688/404/688
f 689/415/689 690/406/690 688/404/688
f 689/415/689 691/416/691 690/406/690
f 692/407/692 690/406/690 691/416/691
f 684/392/684 685/393/685 693/396/693
f 685/393/685 694/397/694 693/396/693
f 695/402/695 685/393/685 686/394/686
f 695/402/695 686/394/686 696/403/696
f 696/403/696 686/394/686 687/395/687
f 696/403/696 687/395/687 688/404/688
f 688/404/688 697/405/697 696/403/696
f 688/404/688 690/406/690 697/405/697
f 697/405/697 690/406/690 692/407/692
f 697/405/697 692/407/692 698/408/698
f 692/407/692 699/409/699 698/408/698
f 700/398/700 698/408/698 699/409/699
f 700/398/700 699/409/699 701/410/701
f 699/409/699 702/411/702 701/410/701
f 699/409/699 703/412/703 702/411/702
f 699/409/699 704/413/704 703/412/703
f 699/409/699 705/414/705 704/413/704
f 692/407/692 705/414/705 699/409/699
f 697/405/697 695/402/695 696/403/696
f 697/405/697 706/401/706 695/402/695
f 700/398/700 706/401/706 697/405/697
f 700/398/700 697/405/697 698/408/698
f 692/407/692 691/416/691 707/417/707
f 707/417/707 705/414/705 692/407/692
f 707/417/707 708/418/708 705/414/705
f 708/418/708 704/413/704 705/414/705
f 708/418/708 709/419/709 704/413/704
f 709/419/709 703/412/703 704/413/704
f 709/419/709 710/420/710 703/412/703
f 710/420/710 702/411/702 703/412/703
f 710/420/710 711/421/711 702/411/702
f 711/421/711 701/410/701 702/411/702
f 711/421/711 712/422/712 701/410/701
f 712/422/712 700/398/700 701/410/701
f 712/422/712 713/400/713 700/398/700
f 700/398/700 713/400/713 714/399/714
f 700/398/700 714/399/714 706/401/706
f 706/401/706 714/399/714 694/397/694
f 706/401/706 694/397/694 695/402/695
f 685/393/685 695/402/695 694/397/694
f 715/610/715 716/611/716 717/612/717
f 718/613/718 717/612/717 716/611/716
f 718/613/718 719/614/719 717/612/717
f 718/613/718 720/615/720 719/614/719
f 718/613/718 721/616/721 720/615/720
f 720/615/720 721/616/721 722/617/722
f 720/615/720 722/617/722 723/618/723
f 47/619/47 723/618/723 722/617/722
f 47/619/47 27/620/27 723/618/723
f 623/610/623 615/612/615 608/611/608
f 615/612/615 609/613/609 608/611/608
f 615/612/615 614/614/614 609/613/609
f 609/613/609 614/614/614 613/615/613
f 609/613/609 613/615/613 610/616/610
f 613/615/613 611/617/611 610/616/610
f 613/615/613 612/618/612 611/617/611
f 1/619/1 611/617/611 612/618/612
f 1/619/1 612/618/612 25/620/25
f 447/621/447 480/622/480 448/623/448
f 447/621/447 724/624/724 480/622/480
f 447/621/447 708/625/708 724/624/724
f 447/621/447 709/626/709 708/625/708
f 444/627/444 709/626/709 447/621/447
f 444/627/444 710/628/710 709/626/709
f 725/629/725 726/630/726 727/631/727
f 728/632/728 726/630/726 725/629/725
f 728/632/728 729/633/729 726/630/726
f 729/633/729 728/632/728 730/634/730
f 729/633/729 730/634/730 731/635/731
f 731/635/731 730/634/730 732/636/732
f 731/635/731 732/636/732 733/637/733
f 732/636/732 730/634/730 733/637/733
f 734/638/734 733/637/733 730/634/730
f 735/639/735 734/638/734 730/634/730
f 736/640/736 734/638/734 735/639/735
f 737/641/737 734/638/734 736/640/736
f 736/640/736 482/642/482 737/641/737
f 480/622/480 737/641/737 482/642/482
f 480/622/480 738/643/738 737/641/737
f 480/622/480 724/624/724 738/643/738
f 724/624/724 707/644/707 738/643/738
f 724/624/724 708/625/708 707/644/707
f 725/629/725 739/645/739 728/632/728
f 735/639/735 728/632/728 739/645/739
f 735/639/735 730/634/730 728/632/728
f 707/644/707 691/646/691 740/647/740
f 707/644/707 740/647/740 738/643/738
f 740/647/740 737/641/737 738/643/738
f 740/647/740 734/638/734 737/641/737
f 727/631/727 680/648/680 671/649/671
f 726/630/726 680/648/680 727/631/727
f 726/630/726 681/650/681 680/648/680
f 729/633/729 681/650/681 726/630/726
f 729/633/729 689/651/689 681/650/681
f 731/635/731 689/651/689 729/633/729
f 731/635/731 691/646/691 689/651/689
f 731/635/731 733/637/733 691/646/691
f 740/647/740 691/646/691 733/637/733
f 740/647/740 733/637/733 741/652/741
f 740/647/740 741/652/741 734/638/734
f 741/652/741 733/637/733 734/638/734
f 444/653/444 711/654/711 710/655/710
f 444/653/444 446/656/446 711/654/711
f 742/657/742 711/654/711 446/656/446
f 742/657/742 712/658/712 711/654/711
f 736/640/736 712/658/712 742/657/742
f 736/640/736 713/659/713 712/658/712
f 714/660/714 713/659/713 736/640/736
f 714/660/714 736/640/736 735/639/735
f 694/661/694 714/660/714 735/639/735
f 694/661/694 735/639/735 739/645/739
f 693/662/693 694/661/694 739/645/739
f 693/662/693 739/645/739 743/663/743
f 725/629/725 743/663/743 739/645/739
f 744/664/744 743/663/743 725/629/725
f 725/629/725 727/631/727 744/664/744
f 744/664/744 727/631/727 745/665/745
f 727/631/727 671/649/671 745/665/745
f 671/649/671 746/666/746 745/665/745
f 736/640/736 742/657/742 482/642/482
f 742/657/742 443/667/443 482/642/482
f 446/656/446 443/667/443 742/657/742
f 643/668/643 644/669/644 747/670/747
f 682/671/682 747/670/747 644/669/644
f 682/671/682 748/672/748 747/670/747
f 748/672/748 749/673/749 747/670/747
f 748/672/748 750/674/750 749/673/749
f 750/674/750 751/675/751 749/673/749
f 750/674/750 746/666/746 751/675/751
f 746/666/746 750/674/750 752/676/752
f 746/666/746 752/676/752 745/665/745
f 744/664/744 745/665/745 752/676/752
f 752/676/752 753/677/753 744/664/744
f 744/664/744 753/677/753 743/663/743
f 753/677/753 693/662/693 743/663/743
f 753/677/753 684/678/684 693/662/693
f 683/679/683 684/678/684 753/677/753
f 683/679/683 753/677/753 754/680/754
f 748/672/748 683/679/683 754/680/754
f 748/672/748 754/680/754 752/676/752
f 748/672/748 752/676/752 750/674/750
f 748/672/748 682/671/682 683/679/683
f 752/676/752 754/680/754 753/677/753
f 671/649/671 672/681/672 746/666/746
f 672/681/672 751/675/751 746/666/746
f 672/681/672 677/682/677 751/675/751
f 678/683/678 751/675/751 677/682/677
f 678/683/678 755/684/755 751/675/751
f 749/673/749 751/675/751 755/684/755
f 749/673/749 755/684/755 756/685/756
f 756/685/756 747/670/747 749/673/749
f 756/685/756 757/686/757 747/670/747
f 643/668/643 747/670/747 757/686/757
f 643/668/643 757/686/757 758/687/758
f 643/668/643 758/687/758 630/688/630
f 627/689/627 630/688/630 758/687/758
f 627/689/627 758/687/758 759/690/759
f 759/690/759 625/691/625 627/689/627
f 759/690/759 760/692/760 625/691/625
f 626/693/626 625/691/625 760/692/760
f 626/693/626 760/692/760 761/694/761
f 762/695/762 763/696/763 764/697/764
f 765/698/765 762/695/762 764/697/764
f 762/695/762 765/698/765 766/699/766
f 767/700/767 766/699/766 765/698/765
f 651/701/651 766/699/766 767/700/767
f 652/702/652 651/701/651 767/700/767
f 652/702/652 767/700/767 768/703/768
f 653/704/653 652/702/652 768/703/768
f 653/704/653 768/703/768 769/705/769
f 679/706/679 653/704/653 769/705/769
f 679/706/679 769/705/769 770/707/770
f 678/683/678 679/706/679 770/707/770
f 678/683/678 770/707/770 755/684/755
f 771/708/771 755/684/755 770/707/770
f 771/708/771 756/685/756 755/684/755
f 757/686/757 756/685/756 771/708/771
f 757/686/757 771/708/771 758/687/758
f 772/709/772 758/687/758 771/708/771
f 772/709/772 759/690/759 758/687/758
f 773/710/773 759/690/759 772/709/772
f 760/692/760 759/690/759 773/710/773
f 760/692/760 773/710/773 774/711/774
f 774/711/774 761/694/761 760/692/760
f 774/711/774 716/712/716 761/694/761
f 716/712/716 775/713/775 761/694/761
f 716/712/716 776/714/776 775/713/775
f 775/713/775 776/714/776 764/697/764
f 765/698/765 764/697/764 776/714/776
f 776/714/776 715/715/715 765/698/765
f 767/700/767 765/698/765 715/715/715
f 767/700/767 715/715/715 777/716/777
f 767/700/767 777/716/777 768/703/768
f 778/717/778 768/703/768 777/716/777
f 778/717/778 769/705/769 768/703/768
f 772/709/772 769/705/769 778/717/778
f 769/705/769 772/709/772 771/708/771
f 769/705/769 771/708/771 770/707/770
f 776/714/776 716/712/716 715/715/715
f 761/694/761 634/718/634 626/693/626
f 761/694/761 775/713/775 634/718/634
f 775/713/775 632/719/632 634/718/634
f 775/713/775 779/720/779 632/719/632
f 775/713/775 764/697/764 779/720/779
f 764/697/764 780/721/780 779/720/779
f 764/697/764 763/696/763 780/721/780
f 633/722/633 779/720/779 780/721/780
f 633/722/633 632/719/632 779/720/779
f 773/710/773 772/709/772 781/723/781
f 772/709/772 778/717/778 781/723/781
f 763/696/763 762/695/762 782/724/782
f 782/724/782 762/695/762 783/725/783
f 762/695/762 766/699/766 783/725/783
f 650/726/650 783/725/783 766/699/766
f 651/701/651 650/726/650 766/699/766
f 650/726/650 659/727/659 783/725/783
f 659/727/659 782/724/782 783/725/783
f 659/727/659 662/728/662 782/724/782
f 395/661/395 784/639/784 397/660/397
f 394/662/394 785/645/785 395/661/395
f 395/661/395 785/645/785 784/639/784
f 784/639/784 785/645/785 786/632/786
f 784/639/784 786/632/786 787/634/787
f 788/633/788 787/634/787 786/632/786
f 788/633/788 789/635/789 787/634/787
f 790/672/790 791/674/791 792/676/792
f 790/672/790 792/676/792 793/680/793
f 792/676/792 794/677/794 793/680/793
f 389/679/389 793/680/793 794/677/794
f 389/679/389 794/677/794 390/678/390
f 794/677/794 394/662/394 390/678/390
f 794/677/794 795/663/795 394/662/394
f 394/662/394 795/663/795 785/645/785
f 796/629/796 785/645/785 795/663/795
f 796/629/796 786/632/786 785/645/785
f 786/632/786 796/629/796 797/630/797
f 786/632/786 797/630/797 788/633/788
f 788/633/788 797/630/797 387/650/387
f 788/633/788 387/650/387 413/651/413
f 789/635/789 788/633/788 413/651/413
f 789/635/789 413/651/413 414/646/414
f 789/635/789 414/646/414 798/637/798
f 799/647/799 798/637/798 414/646/414
f 797/630/797 386/648/386 387/650/387
f 415/644/415 799/647/799 414/646/414
f 796/629/796 800/631/800 797/630/797
f 797/630/797 800/631/800 386/648/386
f 800/631/800 382/649/382 386/648/386
f 801/675/801 370/683/370 367/682/367
f 366/681/366 801/675/801 367/682/367
f 366/681/366 802/666/802 801/675/801
f 382/649/382 802/666/802 366/681/366
f 382/649/382 803/665/803 802/666/802
f 800/631/800 803/665/803 382/649/382
f 804/664/804 803/665/803 800/631/800
f 796/629/796 804/664/804 800/631/800
f 804/664/804 796/629/796 795/663/795
f 804/664/804 795/663/795 794/677/794
f 792/676/792 804/664/804 794/677/794
f 804/664/804 792/676/792 803/665/803
f 802/666/802 803/665/803 792/676/792
f 802/666/802 792/676/792 791/674/791
f 801/675/801 802/666/802 791/674/791
f 799/647/799 805/652/805 798/637/798
f 799/647/799 806/638/806 805/652/805
f 805/652/805 806/638/806 798/637/798
f 806/638/806 787/634/787 798/637/798
f 807/636/807 798/637/798 787/634/787
f 789/635/789 807/636/807 787/634/787
f 789/635/789 798/637/798 807/636/807
f 360/727/360 808/724/808 359/728/359
f 360/727/360 809/725/809 808/724/808
f 361/726/361 809/725/809 360/727/360
f 361/726/361 810/699/810 809/725/809
f 362/701/362 810/699/810 361/726/361
f 362/701/362 811/700/811 810/699/810
f 363/702/363 811/700/811 362/701/362
f 363/702/363 812/703/812 811/700/811
f 364/704/364 812/703/812 363/702/363
f 364/704/364 813/705/813 812/703/812
f 371/706/371 813/705/813 364/704/364
f 371/706/371 814/707/814 813/705/813
f 370/683/370 814/707/814 371/706/371
f 370/683/370 815/684/815 814/707/814
f 801/675/801 815/684/815 370/683/370
f 815/684/815 801/675/801 816/673/816
f 801/675/801 791/674/791 816/673/816
f 790/672/790 816/673/816 791/674/791
f 817/694/817 346/693/346 330/718/330
f 817/694/817 330/718/330 818/713/818
f 818/713/818 330/718/330 332/719/332
f 818/713/818 332/719/332 819/720/819
f 355/722/355 819/720/819 332/719/332
f 355/722/355 820/721/820 819/720/819
f 821/697/821 819/720/819 820/721/820
f 821/697/821 820/721/820 822/696/822
f 823/695/823 821/697/821 822/696/822
f 822/696/822 808/724/808 823/695/823
f 808/724/808 809/725/809 823/695/823
f 823/695/823 809/725/809 810/699/810
f 823/695/823 810/699/810 824/698/824
f 811/700/811 824/698/824 810/699/810
f 811/700/811 623/715/623 824/698/824
f 811/700/811 622/716/622 623/715/623
f 811/700/811 812/703/812 622/716/622
f 621/717/621 622/716/622 812/703/812
f 621/717/621 812/703/812 813/705/813
f 824/698/824 821/697/821 823/695/823
f 818/713/818 819/720/819 821/697/821
f 818/713/818 821/697/821 825/714/825
f 824/698/824 825/714/825 821/697/821
f 825/714/825 824/698/824 623/715/623
f 825/714/825 623/715/623 608/712/608
f 608/712/608 818/713/818 825/714/825
f 608/712/608 817/694/817 818/713/818
f 607/711/607 817/694/817 608/712/608
f 607/711/607 826/692/826 817/694/817
f 826/692/826 607/711/607 618/710/618
f 790/672/790 793/680/793 389/679/389
f 790/672/790 389/679/389 388/671/388
f 827/670/827 790/672/790 388/671/388
f 790/672/790 827/670/827 816/673/816
f 827/670/827 828/685/828 816/673/816
f 815/684/815 816/673/816 828/685/828
f 829/708/829 815/684/815 828/685/828
f 829/708/829 814/707/814 815/684/815
f 813/705/813 814/707/814 829/708/829
f 813/705/813 829/708/829 830/709/830
f 830/709/830 621/717/621 813/705/813
f 830/709/830 619/723/619 621/717/621
f 618/710/618 619/723/619 830/709/830
f 618/710/618 830/709/830 831/690/831
f 826/692/826 618/710/618 831/690/831
f 831/690/831 354/691/354 826/692/826
f 346/693/346 826/692/826 354/691/354
f 346/693/346 817/694/817 826/692/826
f 831/690/831 353/689/353 354/691/354
f 832/687/832 353/689/353 831/690/831
f 832/687/832 831/690/831 830/709/830
f 832/687/832 830/709/830 829/708/829
f 833/686/833 832/687/832 829/708/829
f 833/686/833 829/708/829 828/685/828
f 827/670/827 833/686/833 828/685/828
f 827/670/827 335/668/335 833/686/833
f 827/670/827 333/669/333 335/668/335
f 827/670/827 388/671/388 333/669/333
f 832/687/832 336/688/336 353/689/353
f 832/687/832 335/668/335 336/688/336
f 832/687/832 833/686/833 335/668/335
f 834/603/834 835/606/835 836/602/836
f 835/606/835 781/605/781 778/607/778
f 836/602/836 835/606/835 778/607/778
f 836/602/836 778/607/778 777/608/777
f 717/601/717 836/602/836 777/608/777
f 717/601/717 777/608/777 715/609/715
f 39/595/39 47/594/47 837/579/837
f 838/580/838 39/595/39 837/579/837
f 839/578/839 838/580/838 837/579/837
f 839/578/839 27/597/27 838/580/838
f 839/578/839 723/598/723 27/597/27
f 720/599/720 723/598/723 839/578/839
f 720/599/720 839/578/839 840/582/840
f 840/582/840 719/600/719 720/599/720
f 840/582/840 841/585/841 719/600/719
f 841/585/841 717/601/717 719/600/719
f 841/585/841 842/586/842 717/601/717
f 842/586/842 836/602/836 717/601/717
f 836/602/836 842/586/842 843/588/843
f 834/603/834 836/602/836 843/588/843
f 774/589/774 834/603/834 843/588/843
f 774/589/774 773/604/773 834/603/834
f 834/603/834 773/604/773 781/605/781
f 781/605/781 835/606/835 834/603/834
f 27/597/27 31/596/31 838/580/838
f 838/580/838 31/596/31 39/595/39
f 844/581/844 47/594/47 722/593/722
f 845/583/845 844/581/844 722/593/722
f 845/583/845 722/593/722 721/592/721
f 721/592/721 846/584/846 845/583/845
f 721/592/721 718/591/718 846/584/846
f 847/587/847 846/584/846 718/591/718
f 847/587/847 718/591/718 716/590/716
f 774/589/774 847/587/847 716/590/716
f 774/589/774 843/588/843 847/587/847
f 847/587/847 843/588/843 842/586/842
f 842/586/842 846/584/846 847/587/847
f 842/586/842 841/585/841 846/584/846
f 840/582/840 846/584/846 841/585/841
f 840/582/840 845/583/845 846/584/846
f 844/581/844 845/583/845 840/582/840
f 844/581/844 840/582/840 839/578/839
f 839/578/839 837/579/837 844/581/844
f 844/581/844 837/579/837 47/594/47
f 848/729/848 849/730/849 850/731/850
f 851/732/851 852/733/852 853/734/853
f 851/732/851 854/735/854 852/733/852
f 855/736/855 854/735/854 851/732/851
f 855/736/855 851/732/851 856/737/856
f 855/736/855 856/737/856 857/738/857
f 855/736/855 857/738/857 858/739/858
f 858/739/858 857/738/857 859/740/859
f 858/739/858 859/740/859 860/741/860
f 859/740/859 861/742/861 860/741/860
f 860/741/860 861/742/861 862/743/862
f 862/743/862 861/742/861 863/744/863
f 862/743/862 863/744/863 864/745/864
f 863/744/863 865/746/865 864/745/864
f 850/731/850 864/745/864 865/746/865
f 850/731/850 862/743/862 864/745/864
f 862/743/862 850/731/850 849/730/849
f 860/741/860 862/743/862 849/730/849
f 860/741/860 849/730/849 866/747/866
f 859/740/859 863/744/863 861/742/861
f 859/740/859 867/748/867 863/744/863
f 863/744/863 867/748/867 865/746/865
f 860/741/860 866/747/866 858/739/858
f 858/739/858 866/747/866 868/749/868
f 858/739/858 868/749/868 855/736/855
f 855/736/855 868/749/868 869/750/869
f 855/736/855 869/750/869 854/735/854
f 854/735/854 869/750/869 870/751/870
f 854/735/854 870/751/870 852/733/852
f 871/752/871 852/733/852 870/751/870
f 871/752/871 872/753/872 852/733/852
f 872/753/872 871/752/871 873/754/873
f 872/753/872 873/754/873 874/755/874
f 874/755/874 873/754/873 875/756/875
f 874/755/874 875/756/875 876/757/876
f 877/758/877 874/755/874 876/757/876
f 872/753/872 874/755/874 877/758/877
f 872/753/872 877/758/877 878/759/878
f 872/753/872 878/759/878 853/734/853
f 872/753/872 853/734/853 852/733/852
f 848/729/848 866/747/866 849/730/849
f 879/760/879 866/747/866 848/729/848
f 879/760/879 868/749/868 866/747/866
f 880/761/880 868/749/868 879/760/879
f 880/761/880 869/750/869 868/749/868
f 881/762/881 869/750/869 880/761/880
f 881/762/881 870/751/870 869/750/869
f 882/763/882 870/751/870 881/762/881
f 882/763/882 871/752/871 870/751/870
f 883/764/883 871/752/871 882/763/882
f 883/764/883 873/754/873 871/752/871
f 883/764/883 875/756/875 873/754/873
f 884/765/884 885/766/885 886/767/886
f 887/768/887 886/767/886 888/769/888
f 884/765/884 886/767/886 887/768/887
f 889/770/889 884/765/884 887/768/887
f 889/770/889 890/771/890 884/765/884
f 891/772/891 890/771/890 889/770/889
f 891/772/891 892/773/892 890/771/890
f 893/774/893 892/773/892 891/772/891
f 893/774/893 894/775/894 892/773/892
f 893/774/893 895/776/895 894/775/894
f 893/774/893 896/777/896 895/776/895
f 891/772/891 897/778/897 898/779/898
f 891/772/891 898/779/898 893/774/893
f 893/774/893 898/779/898 899/780/899
f 893/774/893 899/780/899 896/777/896
f 899/780/899 900/781/900 896/777/896
f 900/781/900 895/776/895 896/777/896
f 900/781/900 901/782/901 895/776/895
f 902/783/902 901/782/901 900/781/900
f 898/779/898 903/784/903 899/780/899
f 899/780/899 903/784/903 904/785/904
f 899/780/899 904/785/904 905/786/905
f 900/781/900 899/780/899 905/786/905
f 906/787/906 903/784/903 907/788/907
f 907/788/907 903/784/903 898/779/898
f 898/779/898 908/789/908 907/788/907
f 898/779/898 897/778/897 908/789/908
f 909/790/909 908/789/908 897/778/897
f 909/790/909 897/778/897 910/791/910
f 910/791/910 911/792/911 909/790/909
f 910/791/910 912/793/912 911/792/911
f 912/793/912 913/794/913 911/792/911
f 912/793/912 914/795/914 913/794/913
f 913/794/913 914/795/914 915/796/915
f 914/795/914 888/769/888 915/796/915
f 912/793/912 888/769/888 914/795/914
f 887/768/887 888/769/888 912/793/912
f 887/768/887 912/793/912 910/791/910
f 887/768/887 910/791/910 889/770/889
f 897/778/897 889/770/889 910/791/910
f 897/778/897 891/772/891 889/770/889
f 909/790/909 911/792/911 884/797/884
f 911/792/911 885/798/885 884/797/884
f 911/792/911 916/799/916 885/798/885
f 911/792/911 913/794/913 916/799/916
f 916/799/916 913/794/913 917/800/917
f 913/794/913 915/796/915 917/800/917
f 909/790/909 884/797/884 890/801/890
f 908/789/908 909/790/909 890/801/890
f 908/789/908 890/801/890 892/802/892
f 907/788/907 908/789/908 892/802/892
f 907/788/907 892/802/892 894/803/894
f 894/803/894 906/787/906 907/788/907
f 894/803/894 918/804/918 906/787/906
f 906/787/906 918/804/918 919/805/919
f 919/805/919 918/804/918 901/806/901
f 920/807/920 919/805/919 901/806/901
f 920/807/920 901/806/901 902/808/902
f 921/809/921 920/807/920 902/808/902
f 922/810/922 920/807/920 921/809/921
f 923/811/923 920/807/920 922/810/922
f 923/811/923 924/812/924 920/807/920
f 923/811/923 925/813/925 924/812/924
f 924/812/924 925/813/925 926/814/926
f 927/815/927 926/814/926 925/813/925
f 924/812/924 919/805/919 920/807/920
f 894/803/894 895/816/895 918/804/918
f 901/806/901 918/804/918 895/816/895
f 928/817/928 925/813/925 923/811/923
f 928/817/928 927/815/927 925/813/925
f 929/818/929 927/815/927 928/817/928
f 930/819/930 931/820/931 926/814/926
f 932/821/932 926/814/926 931/820/931
f 924/812/924 926/814/926 932/821/932
f 932/821/932 931/820/931 933/822/933
f 931/820/931 934/823/934 933/822/933
f 935/824/935 934/823/934 931/820/931
f 927/815/927 930/819/930 926/814/926
f 929/818/929 930/819/930 927/815/927
f 929/818/929 931/820/931 930/819/930
f 923/825/923 931/820/931 929/818/929
f 923/825/923 935/824/935 931/820/931
f 923/825/923 922/826/922 935/824/935
f 922/826/922 921/827/921 935/824/935
f 935/824/935 921/827/921 934/823/934
f 934/823/934 921/827/921 902/783/902
f 934/823/934 902/783/902 933/822/933
f 902/783/902 900/781/900 933/822/933
f 900/781/900 932/821/932 933/822/933
f 932/821/932 900/781/900 905/786/905
f 905/786/905 924/812/924 932/821/932
f 905/786/905 904/785/904 924/812/924
f 924/812/924 904/785/904 919/805/919
f 904/785/904 906/787/906 919/805/919
f 904/785/904 903/784/903 906/787/906
f 923/825/923 929/818/929 928/828/928
f 936/829/936 937/830/937 938/831/938
f 939/832/939 940/833/940 941/834/941
f 939/832/939 941/834/941 942/835/942
f 939/832/939 942/835/942 943/836/943
f 939/832/939 943/836/943 944/837/944
f 944/837/944 943/836/943 945/838/945
f 944/837/944 945/838/945 946/839/946
f 946/839/946 945/838/945 936/829/936
f 946/839/946 936/829/936 947/840/947
f 936/829/936 938/831/938 947/840/947
f 947/840/947 938/831/938 948/841/948
f 948/841/948 938/831/938 949/842/949
f 950/843/950 948/841/948 949/842/949
f 950/843/950 949/842/949 951/844/951
f 937/845/937 950/843/950 951/844/951
f 952/846/952 950/843/950 937/845/937
f 952/846/952 937/845/937 936/847/936
f 953/848/953 952/846/952 936/847/936
f 953/848/953 936/847/936 945/849/945
f 947/840/947 954/850/954 955/851/955
f 947/840/947 955/851/955 946/839/946
f 956/852/956 946/839/946 955/851/955
f 956/852/956 944/837/944 946/839/946
f 944/837/944 956/852/956 957/853/957
f 944/837/944 957/853/957 939/832/939
f 939/832/939 957/853/957 958/854/958
f 939/832/939 958/854/958 940/833/940
f 958/854/958 959/855/959 940/833/940
f 959/855/959 941/834/941 940/833/940
f 959/855/959 960/856/960 941/834/941
f 961/857/961 960/856/960 959/855/959
f 947/840/947 948/841/948 954/850/954
f 954/850/954 948/841/948 950/843/950
f 954/850/954 950/843/950 952/846/952
f 955/851/955 954/850/954 952/846/952
f 955/851/955 952/846/952 953/848/953
f 953/848/953 956/852/956 955/851/955
f 953/848/953 962/858/962 956/852/956
f 957/853/957 956/852/956 962/858/962
f 957/853/957 962/858/962 963/859/963
f 963/859/963 964/860/964 957/853/957
f 965/861/965 964/860/964 963/859/963
f 966/862/966 964/860/964 965/861/965
f 966/862/966 965/861/965 967/863/967
f 968/864/968 966/862/966 967/863/967
f 957/853/957 964/860/964 958/854/958
f 958/854/958 964/860/964 966/862/966
f 965/861/965 969/865/969 967/863/967
f 962/858/962 953/848/953 945/849/945
f 962/858/962 945/849/945 943/866/943
f 963/859/963 962/858/962 943/866/943
f 963/859/963 943/866/943 942/867/942
f 942/867/942 965/861/965 963/859/963
f 942/867/942 941/868/941 965/861/965
f 965/861/965 941/868/941 969/865/969
f 960/869/960 969/865/969 941/868/941
f 967/863/967 969/865/969 960/869/960
f 970/870/970 967/863/967 960/869/960
f 968/864/968 967/863/967 970/870/970
f 971/871/971 968/864/968 970/870/970
f 971/871/971 972/872/972 968/864/968
f 973/873/973 972/872/972 971/871/971
f 974/874/974 972/872/972 973/873/973
f 974/874/974 975/875/975 972/872/972
f 976/876/976 975/875/975 974/874/974
f 976/876/976 977/877/977 975/875/975
f 973/873/973 978/878/978 979/879/979
f 973/873/973 971/871/971 978/878/978
f 978/878/978 971/871/971 961/880/961
f 961/880/961 971/871/971 970/870/970
f 970/870/970 960/869/960 961/880/961
f 975/875/975 977/877/977 980/881/980
f 976/882/976 980/881/980 977/877/977
f 976/882/976 981/883/981 980/881/980
f 973/884/973 981/883/981 976/882/976
f 973/884/973 982/885/982 981/883/981
f 973/884/973 979/886/979 982/885/982
f 979/886/979 978/887/978 982/885/982
f 982/885/982 978/887/978 983/888/983
f 983/888/983 978/887/978 961/857/961
f 983/888/983 961/857/961 984/889/984
f 961/857/961 959/855/959 984/889/984
f 985/890/985 984/889/984 959/855/959
f 959/855/959 958/854/958 985/890/985
f 985/890/985 958/854/958 986/891/986
f 958/854/958 966/862/966 986/891/986
f 986/891/986 966/862/966 987/892/987
f 987/892/987 966/862/966 968/864/968
f 968/864/968 980/881/980 987/892/987
f 968/864/968 972/872/972 980/881/980
f 975/875/975 980/881/980 972/872/972
f 982/885/982 983/888/983 981/883/981
f 987/892/987 985/890/985 986/891/986
f 987/892/987 984/889/984 985/890/985
f 987/892/987 983/888/983 984/889/984
f 987/892/987 981/883/981 983/888/983
f 987/892/987 980/881/980 981/883/981
f 973/884/973 976/882/976 974/893/974
f 988/894/988 212/895/212 192/896/192
f 211/897/211 212/895/212 988/894/988
f 989/898/989 210/899/210 990/900/990
f 991/901/991 989/898/989 990/900/990
f 991/901/991 990/900/990 992/902/992
f 186/903/186 991/901/991 992/902/992
f 185/904/185 186/903/186 992/902/992
f 185/904/185 992/902/992 993/905/993
f 993/905/993 184/906/184 185/904/185
f 994/907/994 184/906/184 993/905/993
f 191/908/191 184/906/184 994/907/994
f 994/907/994 192/896/192 191/908/191
f 994/907/994 995/909/995 192/896/192
f 988/894/988 192/896/192 995/909/995
f 995/909/995 993/905/993 988/894/988
f 992/902/992 988/894/988 993/905/993
f 992/902/992 990/900/990 988/894/988
f 990/900/990 211/897/211 988/894/988
f 990/900/990 210/899/210 211/897/211
f 995/909/995 994/907/994 993/905/993
f 996/910/996 997/911/997 998/912/998
f 998/912/998 997/911/997 999/913/999
f 998/912/998 999/913/999 1000/914/1000
f 1000/914/1000 999/913/999 1001/915/1001
f 1000/914/1000 1001/915/1001 1002/916/1002
f 1002/916/1002 1001/915/1001 1003/917/1003
f 1002/916/1002 1003/917/1003 1004/918/1004
f 1004/918/1004 1003/917/1003 989/898/989
f 1004/918/1004 989/898/989 991/901/991
f 186/903/186 1004/918/1004 991/901/991
f 187/919/187 1004/918/1004 186/903/186
f 187/919/187 1002/916/1002 1004/918/1004
f 188/920/188 1002/916/1002 187/919/187
f 1000/914/1000 1002/916/1002 188/920/188
f 1000/914/1000 188/920/188 189/921/189
f 1000/914/1000 189/921/189 998/912/998
f 998/912/998 189/921/189 190/922/190
f 998/912/998 190/922/190 996/910/996
f 190/922/190 1005/923/1005 996/910/996
f 996/910/996 1005/923/1005 997/911/997
f 11/924/11 997/911/997 1005/923/1005
f 11/924/11 207/925/207 997/911/997
f 999/913/999 997/911/997 207/925/207
f 999/913/999 207/925/207 208/926/208
f 999/913/999 208/926/208 1001/915/1001
f 1001/915/1001 208/926/208 209/927/209
f 1001/915/1001 209/927/209 1003/917/1003
f 1003/917/1003 209/927/209 210/899/210
f 1003/917/1003 210/899/210 989/898/989
f 190/922/190 11/924/11 1005/923/1005
f 1006/928/1006 1007/929/1007 1008/930/1008
f 1006/928/1006 1009/931/1009 1007/929/1007
f 69/932/69 1010/933/1010 1011/934/1011
f 1012/935/1012 1010/933/1010 69/932/69
f 1012/935/1012 69/932/69 68/936/68
f 1006/928/1006 1012/935/1012 68/936/68
f 1006/928/1006 68/936/68 67/937/67
f 1009/931/1009 1006/928/1006 67/937/67
f 1009/931/1009 67/937/67 52/938/52
f 52/938/52 1007/929/1007 1009/931/1009
f 52/938/52 91/939/91 1007/929/1007
f 306/940/306 1007/929/1007 91/939/91
f 306/940/306 1008/930/1008 1007/929/1007
f 1008/930/1008 306/940/306 307/941/307
f 1008/930/1008 307/941/307 1013/942/1013
f 307/941/307 1014/943/1014 1013/942/1013
f 307/941/307 1015/944/1015 1014/943/1014
f 69/932/69 1011/934/1011 70/945/70
f 1008/930/1008 1012/935/1012 1006/928/1006
f 1008/930/1008 1013/942/1013 1012/935/1012
f 1013/942/1013 1010/933/1010 1012/935/1012
f 1013/942/1013 1014/943/1014 1010/933/1010
f 1010/933/1010 1014/943/1014 1016/946/1016
f 1014/943/1014 1015/944/1015 1016/946/1016
f 1016/946/1016 1015/944/1015 1017/947/1017
f 1016/946/1016 1017/947/1017 1018/948/1018
f 1019/949/1019 1018/948/1018 1017/947/1017
f 1018/948/1018 1019/949/1019 1020/950/1020
f 1020/950/1020 1019/949/1019 1021/951/1021
f 1020/950/1020 1021/951/1021 71/952/71
f 1020/950/1020 71/952/71 70/945/70
f 1020/950/1020 70/945/70 1022/953/1022
f 70/945/70 1011/934/1011 1022/953/1022
f 1011/934/1011 1018/948/1018 1022/953/1022
f 1011/934/1011 1016/946/1016 1018/948/1018
f 1010/933/1010 1016/946/1016 1011/934/1011
f 1019/949/1019 1017/947/1017 1021/951/1021
f 1018/948/1018 1020/950/1020 1022/953/1022
f 1023/954/1023 1024/955/1024 1025/956/1025
f 1023/954/1023 1026/957/1026 1024/955/1024
f 1023/954/1023 1027/958/1027 1026/957/1026
f 1027/958/1027 1028/959/1028 1026/957/1026
f 1027/958/1027 1023/954/1023 1029/960/1029
f 1027/958/1027 1029/960/1029 1030/961/1030
f 1031/962/1031 1027/958/1027 1030/961/1030
f 1027/958/1027 1031/962/1031 1028/959/1028
f 1028/959/1028 1031/962/1031 1032/963/1032
f 1031/962/1031 1030/961/1030 1033/964/1033
f 1031/962/1031 1033/964/1033 1034/965/1034
f 1031/962/1031 1034/965/1034 1032/963/1032
f 1034/965/1034 1035/966/1035 1032/963/1032
f 1028/959/1028 1032/963/1032 1035/966/1035
f 1028/959/1028 1035/966/1035 1036/967/1036
f 1035/966/1035 249/968/249 1036/967/1036
f 1035/966/1035 1037/969/1037 249/968/249
f 254/970/254 249/968/249 1037/969/1037
f 254/970/254 1037/969/1037 1034/965/1034
f 1034/965/1034 1033/964/1033 254/970/254
f 255/971/255 254/970/254 1033/964/1033
f 255/971/255 1033/964/1033 1030/961/1030
f 256/972/256 255/971/255 1030/961/1030
f 256/972/256 1030/961/1030 1029/960/1029
f 257/973/257 256/972/256 1029/960/1029
f 257/973/257 1029/960/1029 1038/974/1038
f 258/975/258 257/973/257 1038/974/1038
f 1034/965/1034 1037/969/1037 1035/966/1035
f 258/975/258 1038/974/1038 1039/976/1039
f 259/977/259 258/975/258 1039/976/1039
f 259/977/259 1039/976/1039 1040/978/1040
f 266/979/266 259/977/259 1040/978/1040
f 266/979/266 1040/978/1040 1041/980/1041
f 266/979/266 1041/980/1041 267/981/267
f 1042/982/1042 267/981/267 1041/980/1041
f 1042/982/1042 268/983/268 267/981/267
f 1043/984/1043 268/983/268 1042/982/1042
f 1044/985/1044 1043/984/1043 1042/982/1042
f 1044/985/1044 1045/986/1045 1043/984/1043
f 1044/985/1044 1046/987/1046 1045/986/1045
f 1044/985/1044 1047/988/1047 1046/987/1046
f 1025/956/1025 1046/987/1046 1047/988/1047
f 1025/956/1025 1047/988/1047 1048/989/1048
f 1023/954/1023 1025/956/1025 1048/989/1048
f 1023/954/1023 1048/989/1048 1038/974/1038
f 1023/954/1023 1038/974/1038 1029/960/1029
f 1044/985/1044 1042/982/1042 1041/980/1041
f 1044/985/1044 1041/980/1041 1040/978/1040
f 1040/978/1040 1047/988/1047 1044/985/1044
f 1040/978/1040 1039/976/1039 1047/988/1047
f 1048/989/1048 1047/988/1047 1039/976/1039
f 1048/989/1048 1039/976/1039 1038/974/1038
f 1049/990/1049 1050/991/1050 1051/992/1051
f 1052/993/1052 1051/992/1051 1050/991/1050
f 1052/993/1052 1053/994/1053 1051/992/1051
f 1052/993/1052 1054/995/1054 1053/994/1053
f 1052/993/1052 1055/996/1055 1054/995/1054
f 1052/993/1052 1050/991/1050 1056/997/1056
f 1057/998/1057 1056/997/1056 1058/999/1058
f 1059/1000/1059 1058/999/1058 1056/997/1056
f 1059/1000/1059 1056/997/1056 1050/991/1050
f 1060/1001/1060 1059/1000/1059 1050/991/1050
f 1060/1001/1060 1050/991/1050 1049/990/1049
f 1060/1001/1060 1049/990/1049 1061/1002/1061
f 1061/1002/1061 1049/990/1049 1062/1003/1062
f 1049/990/1049 1051/992/1051 1062/1003/1062
f 1051/992/1051 1063/1004/1063 1062/1003/1062
f 1051/992/1051 1053/994/1053 1063/1004/1063
f 1063/1004/1063 1053/994/1053 1064/1005/1064
f 1054/995/1054 1064/1005/1064 1053/994/1053
f 1064/1005/1064 1054/995/1054 1065/1006/1065
f 1054/995/1054 1055/996/1055 1065/1006/1065
f 1065/1006/1065 1055/996/1055 1066/1007/1066
f 1055/996/1055 1052/993/1052 1066/1007/1066
f 1052/993/1052 1067/1008/1067 1066/1007/1066
f 1067/1008/1067 1052/993/1052 1056/997/1056
f 1067/1008/1067 1056/997/1056 1068/1009/1068
f 1057/998/1057 1068/1009/1068 1056/997/1056
f 1067/1008/1067 1069/1010/1069 1066/1007/1066
f 1060/1001/1060 1070/1011/1070 1059/1000/1059
f 1071/1012/1071 1072/1013/1072 1073/1014/1073
f 1071/1012/1071 1074/1015/1074 1072/1013/1072
f 1075/1016/1075 1074/1015/1074 1071/1012/1071
f 1075/1016/1075 1076/1017/1076 1074/1015/1074
f 1076/1017/1076 1075/1016/1075 1077/1018/1077
f 1076/1017/1076 1077/1018/1077 1078/1019/1078
f 1077/1018/1077 1079/1020/1079 1078/1019/1078
f 1080/1021/1080 1078/1019/1078 1079/1020/1079
f 1069/1010/1069 1080/1021/1080 1079/1020/1079
f 1081/1022/1081 1080/1021/1080 1069/1010/1069
f 1067/1008/1067 1081/1022/1081 1069/1010/1069
f 1082/1023/1082 1081/1022/1081 1067/1008/1067
f 1082/1023/1082 1067/1008/1067 1068/1009/1068
f 1060/1024/1060 1082/1023/1082 1068/1009/1068
f 1070/1025/1070 1060/1024/1060 1068/1009/1068
f 1070/1025/1070 1068/1009/1068 1057/998/1057
f 1059/1026/1059 1070/1025/1070 1057/998/1057
f 1059/1026/1059 1057/998/1057 1058/999/1058
f 1077/1018/1077 1075/1016/1075 1083/1027/1083
f 1081/1022/1081 1063/1028/1063 1080/1021/1080
f 1063/1028/1063 1081/1022/1081 1082/1023/1082
f 1062/1029/1062 1063/1028/1063 1082/1023/1082
f 1060/1024/1060 1062/1029/1062 1082/1023/1082
f 1060/1024/1060 1061/1030/1061 1062/1029/1062
f 1084/1031/1084 1071/1012/1071 1085/1032/1085
f 1084/1031/1084 1075/1016/1075 1071/1012/1071
f 1075/1016/1075 1084/1031/1084 1083/1027/1083
f 1084/1031/1084 1065/1006/1065 1083/1027/1083
f 1065/1006/1065 1066/1007/1066 1083/1027/1083
f 1066/1007/1066 1077/1018/1077 1083/1027/1083
f 1066/1007/1066 1069/1010/1069 1077/1018/1077
f 1077/1018/1077 1069/1010/1069 1079/1020/1079
f 1073/1014/1073 1085/1032/1085 1071/1012/1071
f 1073/1014/1073 1086/1033/1086 1085/1032/1085
f 1086/1033/1086 1073/1014/1073 1087/1034/1087
f 1086/1033/1086 1087/1034/1087 1088/1035/1088
f 1088/1035/1088 1087/1034/1087 1089/1036/1089
f 1088/1035/1088 1089/1036/1089 1090/1037/1090
f 1091/1038/1091 1088/1035/1088 1090/1037/1090
f 1091/1038/1091 1086/1033/1086 1088/1035/1088
f 1091/1038/1091 1092/1039/1092 1086/1033/1086
f 1085/1032/1085 1086/1033/1086 1092/1039/1092
f 1085/1032/1085 1092/1039/1092 1093/1040/1093
f 1093/1040/1093 1084/1031/1084 1085/1032/1085
f 1093/1040/1093 1094/1041/1094 1084/1031/1084
f 1094/1041/1094 1065/1006/1065 1084/1031/1084
f 1094/1041/1094 1095/1042/1095 1065/1006/1065
f 1065/1006/1065 1095/1042/1095 1064/1005/1064
f 1064/1005/1064 1095/1042/1095 1078/1043/1078
f 1064/1005/1064 1078/1043/1078 1080/1044/1080
f 1063/1004/1063 1064/1005/1064 1080/1044/1080
f 1094/1041/1094 1078/1043/1078 1095/1042/1095
f 1094/1041/1094 1076/1045/1076 1078/1043/1078
f 1094/1041/1094 1074/1046/1074 1076/1045/1076
f 1094/1041/1094 1093/1040/1093 1074/1046/1074
f 1093/1040/1093 1072/1047/1072 1074/1046/1074
f 1093/1040/1093 1092/1039/1092 1072/1047/1072
f 1092/1039/1092 1096/1048/1096 1072/1047/1072
f 1092/1039/1092 1091/1038/1091 1096/1048/1096
f 1096/1048/1096 1091/1038/1091 1097/1049/1097
f 1091/1038/1091 1090/1037/1090 1097/1049/1097
f 1090/1037/1090 1098/1050/1098 1097/1049/1097
f 1089/1036/1089 1098/1050/1098 1090/1037/1090
f 1089/1036/1089 1099/1051/1099 1098/1050/1098
f 1100/1052/1100 1099/1051/1099 1089/1036/1089
f 1087/1034/1087 1100/1052/1100 1089/1036/1089
f 1087/1034/1087 1096/1053/1096 1100/1052/1100
f 1073/1014/1073 1096/1053/1096 1087/1034/1087
f 1073/1014/1073 1072/1013/1072 1096/1053/1096
f 1096/1048/1096 1097/1049/1097 1100/1054/1100
f 1101/1055/1101 1102/1056/1102 175/1057/175
f 1101/1055/1101 175/1057/175 180/1058/180
f 196/1059/196 1101/1055/1101 180/1058/180
f 1103/1060/1103 1101/1055/1101 196/1059/196
f 1103/1060/1103 196/1059/196 197/1061/197
f 1104/1062/1104 1103/1060/1103 197/1061/197
f 1105/1063/1105 1104/1062/1104 197/1061/197
f 1105/1063/1105 197/1061/197 198/1064/198
f 1106/1065/1106 1105/1063/1105 198/1064/198
f 1106/1065/1106 198/1064/198 199/1066/199
f 1107/1067/1107 1106/1065/1106 199/1066/199
f 1107/1067/1107 199/1066/199 201/1068/201
f 1107/1067/1107 201/1068/201 1108/1069/1108
f 202/1070/202 1108/1069/1108 201/1068/201
f 202/1070/202 1109/1071/1109 1108/1069/1108
f 213/1072/213 1109/1071/1109 202/1070/202
f 213/1072/213 1110/1073/1110 1109/1071/1109
f 1110/1073/1110 1108/1069/1108 1109/1071/1109
f 1110/1073/1110 1111/1074/1111 1108/1069/1108
f 1111/1074/1111 1107/1067/1107 1108/1069/1108
f 1111/1074/1111 1112/1075/1112 1107/1067/1107
f 1112/1075/1112 1106/1065/1106 1107/1067/1107
f 1112/1075/1112 1113/1076/1113 1106/1065/1106
f 1113/1076/1113 1105/1063/1105 1106/1065/1106
f 1113/1076/1113 1114/1077/1114 1105/1063/1105
f 1114/1077/1114 1104/1062/1104 1105/1063/1105
f 1114/1077/1114 1115/1078/1115 1104/1062/1104
f 1115/1078/1115 1103/1060/1103 1104/1062/1104
f 1115/1078/1115 1116/1079/1116 1103/1060/1103
f 1116/1079/1116 1101/1055/1101 1103/1060/1103
f 1116/1079/1116 1117/1080/1117 1101/1055/1101
f 1102/1056/1102 1101/1055/1101 1117/1080/1117
f 1102/1056/1102 1117/1080/1117 1118/1081/1118
f 1118/1081/1118 175/1057/175 1102/1056/1102
f 1118/1081/1118 222/1082/222 175/1057/175
f 222/1082/222 1118/1081/1118 221/1083/221
f 1118/1081/1118 1117/1080/1117 221/1083/221
f 1117/1080/1117 220/1084/220 221/1083/221
f 220/1084/220 1117/1080/1117 1116/1079/1116
f 220/1084/220 1116/1079/1116 219/1085/219
f 219/1085/219 1116/1079/1116 1115/1078/1115
f 219/1085/219 1115/1078/1115 1114/1077/1114
f 218/1086/218 219/1085/219 1114/1077/1114
f 218/1086/218 1114/1077/1114 1113/1076/1113
f 217/1087/217 218/1086/218 1113/1076/1113
f 1112/1075/1112 217/1087/217 1113/1076/1113
f 1112/1075/1112 215/1088/215 217/1087/217
f 1112/1075/1112 1111/1074/1111 215/1088/215
f 1111/1074/1111 213/1072/213 215/1088/215
f 1111/1074/1111 1110/1073/1110 213/1072/213
f 1119/1089/1119 1120/1090/1120 1121/1091/1121
f 1120/1090/1120 1119/1089/1119 1122/1092/1122
f 1120/1090/1120 1122/1092/1122 1123/1093/1123
f 1121/1091/1121 132/1094/132 1124/1095/1124
f 1121/1091/1121 134/1096/134 132/1094/132
f 1120/1090/1120 134/1096/134 1121/1091/1121
f 1120/1090/1120 135/1097/135 134/1096/134
f 1123/1093/1123 135/1097/135 1120/1090/1120
f 1123/1093/1123 128/1098/128 135/1097/135
f 128/1098/128 1123/1093/1123 1122/1092/1122
f 128/1098/128 1122/1092/1122 126/1099/126
f 117/1100/117 126/1099/126 1122/1092/1122
f 117/1100/117 1122/1092/1122 1119/1089/1119
f 1119/1089/1119 118/1101/118 117/1100/117
f 1119/1089/1119 1125/1102/1125 118/1101/118
f 118/1101/118 1125/1102/1125 1126/1103/1126
f 118/1101/118 1126/1103/1126 1127/1104/1127
f 132/1094/132 131/1105/131 1128/1106/1128
f 1119/1089/1119 1121/1091/1121 1125/1102/1125
f 1125/1102/1125 1121/1091/1121 1124/1095/1124
f 1125/1102/1125 1124/1095/1124 1126/1103/1126
f 1124/1095/1124 1129/1107/1129 1126/1103/1126
f 1126/1103/1126 1129/1107/1129 1127/1104/1127
f 1129/1107/1129 231/1108/231 1127/1104/1127
f 1129/1107/1129 1130/1109/1130 231/1108/231
f 1131/1110/1131 231/1108/231 1130/1109/1130
f 1130/1109/1130 1132/1111/1132 1131/1110/1131
f 1132/1111/1132 232/1112/232 1131/1110/1131
f 1132/1111/1132 130/1113/130 232/1112/232
f 1132/1111/1132 131/1105/131 130/1113/130
f 1132/1111/1132 1133/1114/1133 131/1105/131
f 131/1105/131 1133/1114/1133 1128/1106/1128
f 1128/1106/1128 1133/1114/1133 1130/1109/1130
f 1128/1106/1128 1130/1109/1130 1129/1107/1129
f 1124/1095/1124 1128/1106/1128 1129/1107/1129
f 132/1094/132 1128/1106/1128 1124/1095/1124
f 1131/1110/1131 232/1112/232 231/1108/231
f 1130/1109/1130 1133/1114/1133 1132/1111/1132
f 1134/1115/1134 1135/1116/1135 1136/1117/1136
f 1137/1118/1137 1138/1119/1138 1139/1120/1139
f 1137/1118/1137 1140/1121/1140 1138/1119/1138
f 1137/1118/1137 1141/1122/1141 1140/1121/1140
f 1137/1118/1137 1142/1123/1142 1141/1122/1141
f 1142/1123/1142 1143/1124/1143 1141/1122/1141
f 1142/1123/1142 1144/1125/1144 1143/1124/1143
f 1144/1125/1144 1134/1115/1134 1143/1124/1143
f 1144/1125/1144 1145/1126/1145 1134/1115/1134
f 1134/1115/1134 1145/1126/1145 1135/1116/1135
f 1145/1126/1145 1146/1127/1146 1135/1116/1135
f 1147/1128/1147 1143/1129/1143 1148/1130/1148
f 1148/1130/1148 1143/1129/1143 1134/1131/1134
f 1148/1130/1148 1134/1131/1134 1149/1132/1149
f 1149/1132/1149 1134/1131/1134 1136/1133/1136
f 1149/1132/1149 1136/1133/1136 1150/1134/1150
f 1149/1132/1149 1150/1134/1150 1151/1135/1151
f 1150/1134/1150 1152/1136/1152 1151/1135/1151
f 1151/1135/1151 1152/1136/1152 1153/1137/1153
f 1151/1135/1151 1153/1137/1153 1154/1138/1154
f 1154/1138/1154 1153/1137/1153 1146/1127/1146
f 1155/1139/1155 1154/1138/1154 1146/1127/1146
f 1145/1126/1145 1155/1139/1155 1146/1127/1146
f 1145/1126/1145 1156/1140/1156 1155/1139/1155
f 1145/1126/1145 1144/1125/1144 1156/1140/1156
f 1157/1141/1157 1156/1140/1156 1144/1125/1144
f 1157/1141/1157 1144/1125/1144 1142/1123/1142
f 1142/1123/1142 1158/1142/1158 1157/1141/1157
f 1142/1123/1142 1137/1118/1137 1158/1142/1158
f 1158/1142/1158 1159/1143/1159 1147/1128/1147
f 1158/1142/1158 1147/1128/1147 1157/1141/1157
f 1148/1130/1148 1157/1141/1157 1147/1128/1147
f 1148/1130/1148 1156/1140/1156 1157/1141/1157
f 1156/1140/1156 1148/1130/1148 1149/1132/1149
f 1156/1140/1156 1149/1132/1149 1155/1139/1155
f 1155/1139/1155 1149/1132/1149 1151/1135/1151
f 1155/1139/1155 1151/1135/1151 1154/1138/1154
f 1160/1144/1160 1161/1145/1161 1162/1146/1162
f 1160/1144/1160 1162/1146/1162 1163/1147/1163
f 1162/1146/1162 1164/1148/1164 1163/1147/1163
f 1164/1148/1164 1165/1149/1165 1163/1147/1163
f 1166/1150/1166 1163/1147/1163 1165/1149/1165
f 1167/1151/1167 1166/1150/1166 1165/1149/1165
f 1168/1152/1168 1166/1150/1166 1167/1151/1167
f 1168/1152/1168 1167/1151/1167 1169/1153/1169
f 1170/1154/1170 1168/1152/1168 1169/1153/1169
f 1170/1154/1170 1169/1153/1169 1171/1155/1171
f 1158/1142/1158 1170/1154/1170 1171/1155/1171
f 1159/1143/1159 1158/1142/1158 1171/1155/1171
f 1172/1156/1172 1159/1143/1159 1171/1155/1171
f 1169/1153/1169 1172/1156/1172 1171/1155/1171
f 1169/1153/1169 1173/1157/1173 1172/1156/1172
f 1167/1151/1167 1173/1157/1173 1169/1153/1169
f 1167/1151/1167 1174/1158/1174 1173/1157/1173
f 1175/1159/1175 1168/1152/1168 1170/1154/1170
f 1166/1150/1166 1168/1152/1168 1175/1159/1175
f 1175/1159/1175 1176/1160/1176 1166/1150/1166
f 1166/1150/1166 1176/1160/1176 1163/1147/1163
f 1162/1146/1162 1177/1161/1177 1164/1148/1164
f 1177/1161/1177 1165/1149/1165 1164/1148/1164
f 1177/1161/1177 1178/1162/1178 1165/1149/1165
f 1167/1151/1167 1165/1149/1165 1178/1162/1178
f 1160/1163/1160 1167/1151/1167 1178/1162/1178
f 1160/1163/1160 1174/1158/1174 1167/1151/1167
f 1160/1163/1160 1179/1164/1179 1174/1158/1174
f 1179/1164/1179 1180/1165/1180 1174/1158/1174
f 1180/1165/1180 1181/1166/1181 1174/1158/1174
f 1174/1158/1174 1181/1166/1181 1182/1167/1182
f 1174/1158/1174 1182/1167/1182 1173/1157/1173
f 1173/1157/1173 1182/1167/1182 1183/1168/1183
f 1172/1156/1172 1173/1157/1173 1183/1168/1183
f 1140/1169/1140 1172/1156/1172 1183/1168/1183
f 1140/1169/1140 1159/1143/1159 1172/1156/1172
f 1159/1143/1159 1140/1169/1140 1141/1170/1141
f 1159/1143/1159 1141/1170/1141 1147/1128/1147
f 1147/1128/1147 1141/1170/1141 1143/1129/1143
f 1140/1169/1140 1183/1168/1183 1138/1171/1138
f 1182/1167/1182 1138/1171/1138 1183/1168/1183
f 1162/1146/1162 1161/1172/1161 1177/1161/1177
f 1161/1172/1161 1178/1162/1178 1177/1161/1177
f 1161/1172/1161 1160/1163/1160 1178/1162/1178
f 1137/1118/1137 1170/1154/1170 1158/1142/1158
f 1137/1118/1137 1139/1120/1139 1170/1154/1170
f 1170/1154/1170 1139/1120/1139 1175/1159/1175
f 1175/1159/1175 1139/1120/1139 1138/1119/1138
f 1175/1159/1175 1138/1119/1138 1182/1173/1182
f 1181/1174/1181 1175/1159/1175 1182/1173/1182
f 1181/1174/1181 1176/1160/1176 1175/1159/1175
f 1184/1175/1184 1176/1160/1176 1181/1174/1181
f 1163/1147/1163 1176/1160/1176 1184/1175/1184
f 1185/1176/1185 1163/1147/1163 1184/1175/1184
f 1160/1144/1160 1163/1147/1163 1185/1176/1185
f 1160/1144/1160 1185/1176/1185 1179/1177/1179
f 1179/1177/1179 1185/1176/1185 1180/1178/1180
f 1185/1176/1185 1184/1175/1184 1180/1178/1180
f 1184/1175/1184 1181/1174/1181 1180/1178/1180
f 1186/1179/1186 1187/1180/1187 1188/1181/1188
f 1186/1179/1186 1189/1182/1189 1187/1180/1187
f 1190/1183/1190 1189/1182/1189 1186/1179/1186
f 1190/1183/1190 1186/1179/1186 1191/1184/1191
f 1191/1184/1191 1192/1185/1192 1190/1183/1190
f 1191/1184/1191 1193/1186/1193 1192/1185/1192
f 1194/1187/1194 1192/1185/1192 1193/1186/1193
f 1194/1187/1194 1193/1186/1193 1195/1188/1195
f 1196/1189/1196 1192/1185/1192 1194/1187/1194
f 1196/1189/1196 1197/1190/1197 1192/1185/1192
f 1190/1183/1190 1192/1185/1192 1197/1190/1197
f 1190/1183/1190 1197/1190/1197 1198/1191/1198
f 1198/1191/1198 1189/1182/1189 1190/1183/1190
f 1198/1191/1198 1199/1192/1199 1189/1182/1189
f 1200/1193/1200 1199/1192/1199 1198/1191/1198
f 1200/1193/1200 1201/1194/1201 1199/1192/1199
f 1202/1195/1202 1201/1194/1201 1200/1193/1200
f 1202/1195/1202 1203/1196/1203 1201/1194/1201
f 1204/1197/1204 1203/1196/1203 1202/1195/1202
f 1204/1197/1204 1202/1195/1202 1205/1198/1205
f 1205/1198/1205 1206/1199/1206 1204/1197/1204
f 1205/1198/1205 1207/1200/1207 1206/1199/1206
f 1208/1201/1208 1202/1195/1202 1200/1193/1200
f 1208/1201/1208 1200/1193/1200 1209/1202/1209
f 1198/1191/1198 1209/1202/1209 1200/1193/1200
f 1198/1191/1198 1197/1190/1197 1209/1202/1209
f 1210/1203/1210 1209/1202/1209 1197/1190/1197
f 1210/1203/1210 1197/1190/1197 1196/1189/1196
f 1211/1204/1211 1208/1201/1208 1209/1202/1209
f 1211/1204/1211 1209/1202/1209 1210/1203/1210
f 1212/1205/1212 1213/1206/1213 1214/1207/1214
f 1212/1205/1212 1215/1208/1215 1213/1206/1213
f 1215/1208/1215 1207/1200/1207 1213/1206/1213
f 1215/1208/1215 1216/1209/1216 1207/1200/1207
f 1217/1210/1217 1207/1200/1207 1216/1209/1216
f 1217/1210/1217 1206/1199/1206 1207/1200/1207
f 1218/1211/1218 1206/1199/1206 1217/1210/1217
f 1206/1199/1206 1218/1211/1218 1219/1212/1219
f 1204/1197/1204 1206/1199/1206 1219/1212/1219
f 1204/1197/1204 1219/1212/1219 1220/1213/1220
f 1220/1213/1220 1203/1196/1203 1204/1197/1204
f 1220/1213/1220 1221/1214/1221 1203/1196/1203
f 1201/1194/1201 1203/1196/1203 1221/1214/1221
f 1201/1194/1201 1221/1214/1221 1222/1215/1222
f 1199/1192/1199 1201/1194/1201 1222/1215/1222
f 1199/1192/1199 1222/1215/1222 1223/1216/1223
f 1187/1180/1187 1199/1192/1199 1223/1216/1223
f 1187/1180/1187 1189/1182/1189 1199/1192/1199
f 1218/1211/1218 1217/1210/1217 1224/1217/1224
f 1224/1217/1224 877/1218/877 876/1219/876
f 1217/1210/1217 877/1218/877 1224/1217/1224
f 1217/1210/1217 878/1220/878 877/1218/877
f 1217/1210/1217 853/1221/853 878/1220/878
f 1217/1210/1217 851/1222/851 853/1221/853
f 1217/1210/1217 856/1223/856 851/1222/851
f 1216/1209/1216 856/1223/856 1217/1210/1217
f 1216/1209/1216 857/1224/857 856/1223/856
f 1216/1209/1216 859/1225/859 857/1224/857
f 1216/1209/1216 867/1226/867 859/1225/859
f 1216/1209/1216 1215/1208/1215 867/1226/867
f 867/1226/867 1215/1208/1215 1225/1227/1225
f 1225/1227/1225 1215/1208/1215 1212/1205/1212
f 1225/1227/1225 1212/1205/1212 1226/1228/1226
f 867/1226/867 1225/1227/1225 865/1229/865
f 1227/1230/1227 1228/1231/1228 1229/1232/1229
f 1227/1230/1227 1230/1233/1230 1228/1231/1228
f 1230/1233/1230 1231/1234/1231 1232/1235/1232
f 1230/1233/1230 1232/1235/1232 1228/1231/1228
f 1233/1236/1233 1228/1231/1228 1232/1235/1232
f 1233/1236/1233 1234/1237/1234 1228/1231/1228
f 1229/1232/1229 1228/1231/1228 1234/1237/1234
f 1229/1232/1229 1234/1237/1234 1235/1238/1235
f 1236/1239/1236 1237/1240/1237 1238/1241/1238
f 1236/1239/1236 1239/1242/1239 1237/1240/1237
f 1239/1242/1239 1236/1239/1236 1235/1238/1235
f 1239/1242/1239 1235/1238/1235 1240/1243/1240
f 1235/1238/1235 1241/1244/1241 1240/1243/1240
f 1235/1238/1235 1234/1237/1234 1241/1244/1241
f 1234/1237/1234 1242/1245/1242 1241/1244/1241
f 1234/1237/1234 1233/1236/1233 1242/1245/1242
f 1233/1236/1233 1243/1246/1243 1242/1245/1242
f 1233/1236/1233 1244/1247/1244 1243/1246/1243
f 1244/1247/1244 1233/1236/1233 1232/1235/1232
f 1244/1247/1244 1232/1235/1232 1245/1248/1245
f 1231/1234/1231 1245/1248/1245 1232/1235/1232
f 1231/1234/1231 1246/1249/1246 1245/1248/1245
f 1186/1250/1186 1247/1251/1247 1243/1246/1243
f 1244/1247/1244 1186/1250/1186 1243/1246/1243
f 1244/1247/1244 1191/1252/1191 1186/1250/1186
f 1191/1252/1191 1244/1247/1244 1245/1248/1245
f 1191/1252/1191 1245/1248/1245 1193/1253/1193
f 1246/1249/1246 1193/1253/1193 1245/1248/1245
f 1246/1249/1246 1195/1254/1195 1193/1253/1193
f 1186/1250/1186 1188/1255/1188 1247/1251/1247
f 1248/1256/1248 1249/1257/1249 1250/1258/1250
f 1248/1256/1248 1250/1258/1250 1251/1259/1251
f 1251/1259/1251 1250/1258/1250 1238/1241/1238
f 1251/1259/1251 1238/1241/1238 1252/1260/1252
f 1253/1261/1253 1252/1260/1252 1238/1241/1238
f 1253/1261/1253 1238/1241/1238 1237/1240/1237
f 1254/1262/1254 1253/1261/1253 1237/1240/1237
f 1237/1240/1237 1255/1263/1255 1254/1262/1254
f 1239/1242/1239 1255/1263/1255 1237/1240/1237
f 1239/1242/1239 1256/1264/1256 1255/1263/1255
f 1256/1264/1256 1239/1242/1239 1240/1243/1240
f 1256/1264/1256 1240/1243/1240 1257/1265/1257
f 1241/1244/1241 1257/1265/1257 1240/1243/1240
f 1241/1244/1241 1258/1266/1258 1257/1265/1257
f 1242/1245/1242 1258/1266/1258 1241/1244/1241
f 1242/1245/1242 1259/1267/1259 1258/1266/1258
f 1247/1251/1247 1259/1267/1259 1242/1245/1242
f 1247/1251/1247 1242/1245/1242 1243/1246/1243
f 1254/1262/1254 1260/1268/1260 1253/1261/1253
f 247/1269/247 245/1270/245 1248/1256/1248
f 247/1269/247 1248/1256/1248 1251/1259/1251
f 1036/1271/1036 247/1269/247 1251/1259/1251
f 1252/1260/1252 1036/1271/1036 1251/1259/1251
f 1252/1260/1252 1028/1272/1028 1036/1271/1036
f 1252/1260/1252 1026/1273/1026 1028/1272/1028
f 1252/1260/1252 1024/1274/1024 1026/1273/1026
f 1252/1260/1252 1253/1261/1253 1024/1274/1024
f 1253/1261/1253 1025/1275/1025 1024/1274/1024
f 1253/1261/1253 1046/1276/1046 1025/1275/1025
f 1253/1261/1253 1045/1277/1045 1046/1276/1046
f 1253/1261/1253 1043/1278/1043 1045/1277/1045
f 1253/1261/1253 1260/1268/1260 1043/1278/1043
f 1260/1268/1260 268/1279/268 1043/1278/1043
f 1036/1271/1036 249/1280/249 247/1269/247
f 1261/1281/1261 1262/1282/1262 1263/1283/1263
f 1261/1281/1261 1264/1284/1264 1262/1282/1262
f 1264/1284/1264 1265/1285/1265 1262/1282/1262
f 1266/1286/1266 1263/1283/1263 1267/1287/1267
f 1261/1281/1261 1263/1283/1263 1266/1286/1266
f 1261/1281/1261 1266/1286/1266 1268/1288/1268
f 1261/1281/1261 1268/1288/1268 1269/1289/1269
f 1264/1284/1264 1261/1281/1261 1269/1289/1269
f 1264/1284/1264 1269/1289/1269 1270/1290/1270
f 1271/1291/1271 1264/1284/1264 1270/1290/1270
f 1264/1284/1264 1271/1291/1271 1265/1285/1265
f 1272/1292/1272 1265/1285/1265 1271/1291/1271
f 1272/1292/1272 1273/1293/1273 1265/1285/1265
f 1273/1293/1273 1272/1292/1272 1274/1294/1274
f 1275/1295/1275 1267/1287/1267 1276/1296/1276
f 1266/1286/1266 1267/1287/1267 1275/1295/1275
f 1266/1286/1266 1275/1295/1275 1277/1297/1277
f 1266/1286/1266 1277/1297/1277 1268/1288/1268
f 1277/1297/1277 1278/1298/1278 1268/1288/1268
f 1269/1289/1269 1268/1288/1268 1278/1298/1278
f 1269/1289/1269 1278/1298/1278 1279/1299/1279
f 1269/1289/1269 1279/1299/1279 1270/1290/1270
f 1279/1299/1279 1280/1300/1280 1270/1290/1270
f 1271/1291/1271 1270/1290/1270 1280/1300/1280
f 1281/1301/1281 1271/1291/1271 1280/1300/1280
f 1281/1301/1281 1272/1292/1272 1271/1291/1271
f 1272/1292/1272 1281/1301/1281 1282/1302/1282
f 1274/1294/1274 1272/1292/1272 1282/1302/1282
f 1283/1303/1283 1274/1294/1274 1282/1302/1282
f 1283/1303/1283 1273/1293/1273 1274/1294/1274
f 1283/1303/1283 1284/1304/1284 1273/1293/1273
f 1285/1305/1285 1284/1304/1284 1283/1303/1283
f 1275/1295/1275 1276/1296/1276 1277/1297/1277
f 1277/1297/1277 1276/1296/1276 1278/1298/1278
f 1279/1299/1279 1286/1306/1286 1280/1300/1280
f 1287/1307/1287 1280/1300/1280 1286/1306/1286
f 1287/1307/1287 1281/1301/1281 1280/1300/1280
f 1287/1307/1287 1282/1302/1282 1281/1301/1281
f 1287/1307/1287 1288/1308/1288 1282/1302/1282
f 1288/1308/1288 1283/1303/1283 1282/1302/1282
f 1285/1305/1285 1283/1303/1283 1288/1308/1288
f 1285/1305/1285 1288/1308/1288 1289/1309/1289
f 1289/1309/1289 1288/1308/1288 1290/1310/1290
f 1290/1310/1290 1288/1308/1288 1287/1307/1287
f 1284/1304/1284 1285/1305/1285 1291/1311/1291
f 1289/1309/1289 1291/1311/1291 1285/1305/1285
f 1289/1309/1289 1292/1312/1292 1291/1311/1291
f 1290/1310/1290 1292/1312/1292 1289/1309/1289
f 1290/1310/1290 1293/1313/1293 1292/1312/1292
f 1293/1313/1293 1294/1314/1294 1292/1312/1292
f 1295/1315/1295 1292/1312/1292 1294/1314/1294
f 1294/1314/1294 1296/1316/1296 1295/1315/1295
f 289/1317/289 1295/1315/1295 1296/1316/1296
f 289/1317/289 1297/1318/1297 1295/1315/1295
f 289/1317/289 1298/1319/1298 1297/1318/1297
f 1298/1319/1298 1291/1311/1291 1297/1318/1297
f 1284/1304/1284 1291/1311/1291 1298/1319/1298
f 1297/1318/1297 1292/1312/1292 1295/1315/1295
f 1297/1318/1297 1291/1311/1291 1292/1312/1292
f 1299/1320/1299 1300/1321/1300 1301/1322/1301
f 1302/1323/1302 1303/1324/1303 1304/1325/1304
f 1302/1323/1302 1305/1326/1305 1303/1324/1303
f 1305/1326/1305 1306/1327/1306 1303/1324/1303
f 1305/1326/1305 1307/1328/1307 1306/1327/1306
f 1305/1326/1305 1308/1329/1308 1307/1328/1307
f 1307/1328/1307 1308/1329/1308 1309/1330/1309
f 1307/1328/1307 1309/1330/1309 1310/1331/1310
f 1309/1330/1309 1300/1321/1300 1310/1331/1310
f 1309/1330/1309 1311/1332/1311 1300/1321/1300
f 1300/1321/1300 1311/1332/1311 1312/1333/1312
f 1300/1321/1300 1312/1333/1312 1301/1322/1301
f 1312/1333/1312 1313/1334/1313 1301/1322/1301
f 1312/1333/1312 1314/1335/1314 1313/1334/1313
f 1314/1335/1314 1315/1336/1315 1313/1334/1313
f 1314/1335/1314 1316/1337/1316 1315/1336/1315
f 1315/1336/1315 1316/1337/1316 1317/1338/1317
f 1315/1336/1315 1317/1338/1317 1318/1339/1318
f 1318/1339/1318 1317/1338/1317 1319/1340/1319
f 1306/1327/1306 1320/1341/1320 1303/1324/1303
f 1306/1327/1306 1321/1342/1321 1320/1341/1320
f 1322/1343/1322 1323/1344/1323 1318/1339/1318
f 1318/1339/1318 1319/1340/1319 1322/1343/1322
f 1322/1343/1322 1319/1340/1319 1324/1345/1324
f 1322/1343/1322 1324/1345/1324 1325/1346/1325
f 1325/1346/1325 1324/1345/1324 1326/1347/1326
f 1325/1346/1325 1326/1347/1326 1327/1348/1327
f 1326/1347/1326 1328/1349/1328 1327/1348/1327
f 1326/1347/1326 1329/1350/1329 1328/1349/1328
f 1328/1349/1328 1329/1350/1329 1330/1351/1330
f 1328/1349/1328 1330/1351/1330 1331/1352/1331
f 1331/1352/1331 1330/1351/1330 1332/1353/1332
f 1331/1352/1331 1332/1353/1332 1333/1354/1333
f 1331/1352/1331 1333/1354/1333 1334/1355/1334
f 1330/1351/1330 1335/1356/1335 1332/1353/1332
f 1330/1351/1330 1336/1357/1336 1335/1356/1335
f 1337/1358/1337 1338/1359/1338 1339/1360/1339
f 1337/1358/1337 1340/1361/1340 1338/1359/1338
f 1340/1361/1340 1341/1362/1341 1338/1359/1338
f 1340/1361/1340 1342/1363/1342 1341/1362/1341
f 1341/1362/1341 1343/1364/1343 1338/1359/1338
f 1344/1365/1344 1345/1366/1345 1343/1367/1343
f 1343/1367/1343 1345/1366/1345 1346/1368/1346
f 1343/1367/1343 1346/1368/1346 1338/1369/1338
f 1338/1369/1338 1346/1368/1346 1339/1360/1339
f 1346/1368/1346 1337/1358/1337 1339/1360/1339
f 1346/1368/1346 1347/1370/1347 1337/1358/1337
f 1337/1358/1337 1347/1370/1347 1340/1371/1340
f 1340/1371/1340 1347/1370/1347 1348/1372/1348
f 1340/1371/1340 1348/1372/1348 1342/1373/1342
f 1342/1373/1342 1348/1372/1348 1349/1374/1349
f 1342/1373/1342 1349/1374/1349 1304/1375/1304
f 1349/1374/1349 1302/1376/1302 1304/1375/1304
f 1349/1374/1349 1350/1377/1350 1302/1376/1302
f 1302/1376/1302 1350/1377/1350 1351/1378/1351
f 1352/1379/1352 1351/1378/1351 1350/1377/1350
f 1352/1379/1352 1353/1380/1353 1351/1378/1351
f 1352/1379/1352 1354/1381/1354 1353/1380/1353
f 1355/1382/1355 1353/1380/1353 1354/1381/1354
f 1345/1366/1345 1347/1370/1347 1346/1368/1346
f 1345/1366/1345 1348/1372/1348 1347/1370/1347
f 1344/1365/1344 1348/1372/1348 1345/1366/1345
f 1344/1365/1344 1349/1374/1349 1348/1372/1348
f 1356/1383/1356 1349/1374/1349 1344/1365/1344
f 1356/1383/1356 1350/1377/1350 1349/1374/1349
f 1352/1379/1352 1350/1377/1350 1356/1383/1356
f 1306/1384/1306 1352/1379/1352 1356/1383/1356
f 1354/1381/1354 1352/1379/1352 1306/1384/1306
f 1354/1381/1354 1306/1384/1306 1307/1385/1307
f 1310/1386/1310 1354/1381/1354 1307/1385/1307
f 1344/1365/1344 1343/1367/1343 1320/1387/1320
f 1321/1388/1321 1344/1365/1344 1320/1387/1320
f 1321/1388/1321 1356/1383/1356 1344/1365/1344
f 1306/1384/1306 1356/1383/1356 1321/1388/1321
f 1314/1389/1314 1312/1390/1312 1357/1391/1357
f 1314/1389/1314 1357/1391/1357 1358/1392/1358
f 1357/1391/1357 1359/1393/1359 1358/1392/1358
f 1357/1391/1357 1360/1394/1360 1359/1393/1359
f 1361/1395/1361 1360/1394/1360 1357/1391/1357
f 1361/1395/1361 1357/1391/1357 1362/1396/1362
f 1362/1396/1362 1355/1382/1355 1361/1395/1361
f 1362/1396/1362 1363/1397/1363 1355/1382/1355
f 1355/1382/1355 1363/1397/1363 1353/1380/1353
f 1353/1380/1353 1363/1397/1363 1309/1398/1309
f 1353/1380/1353 1309/1398/1309 1308/1399/1308
f 1305/1400/1305 1353/1380/1353 1308/1399/1308
f 1305/1400/1305 1351/1378/1351 1353/1380/1353
f 1302/1376/1302 1351/1378/1351 1305/1400/1305
f 1311/1401/1311 1309/1398/1309 1363/1397/1363
f 1311/1401/1311 1363/1397/1363 1362/1396/1362
f 1362/1396/1362 1312/1390/1312 1311/1401/1311
f 1362/1396/1362 1357/1391/1357 1312/1390/1312
f 1310/1386/1310 1355/1382/1355 1354/1381/1354
f 1300/1402/1300 1355/1382/1355 1310/1386/1310
f 1300/1402/1300 1361/1395/1361 1355/1382/1355
f 1300/1402/1300 1364/1403/1364 1361/1395/1361
f 1360/1394/1360 1361/1395/1361 1364/1403/1364
f 1360/1394/1360 1364/1403/1364 1299/1404/1299
f 1360/1394/1360 1299/1404/1299 1301/1405/1301
f 1360/1394/1360 1301/1405/1301 1313/1406/1313
f 1360/1394/1360 1313/1406/1313 1359/1393/1359
f 1365/1407/1365 1359/1393/1359 1313/1406/1313
f 1358/1392/1358 1359/1393/1359 1365/1407/1365
f 1358/1392/1358 1365/1407/1365 1366/1408/1366
f 1366/1408/1366 1314/1389/1314 1358/1392/1358
f 1366/1408/1366 1316/1409/1316 1314/1389/1314
f 1317/1410/1317 1316/1409/1316 1366/1408/1366
f 1317/1410/1317 1366/1408/1366 1367/1411/1367
f 1319/1412/1319 1317/1410/1317 1367/1411/1367
f 1319/1412/1319 1367/1411/1367 1368/1413/1368
f 1300/1402/1300 1299/1404/1299 1364/1403/1364
f 1368/1413/1368 1369/1414/1369 1370/1415/1370
f 1368/1413/1368 1371/1416/1371 1369/1414/1369
f 1368/1413/1368 1367/1411/1367 1371/1416/1371
f 1366/1408/1366 1371/1416/1371 1367/1411/1367
f 1366/1408/1366 1365/1407/1365 1371/1416/1371
f 1370/1415/1370 1325/1417/1325 1327/1418/1327
f 1322/1419/1322 1325/1417/1325 1370/1415/1370
f 1322/1419/1322 1370/1415/1370 1369/1414/1369
f 1372/1420/1372 1322/1419/1322 1369/1414/1369
f 1371/1416/1371 1372/1420/1372 1369/1414/1369
f 1323/1421/1323 1372/1420/1372 1371/1416/1371
f 1323/1421/1323 1371/1416/1371 1318/1422/1318
f 1318/1422/1318 1371/1416/1371 1365/1407/1365
f 1318/1422/1318 1365/1407/1365 1315/1423/1315
f 1365/1407/1365 1313/1406/1313 1315/1423/1315
f 1372/1420/1372 1323/1421/1323 1322/1419/1322
f 1370/1415/1370 1327/1418/1327 1373/1424/1373
f 1319/1412/1319 1368/1413/1368 1374/1425/1374
f 1368/1413/1368 1370/1415/1370 1374/1425/1374
f 1375/1426/1375 1374/1425/1374 1370/1415/1370
f 1375/1426/1375 1370/1415/1370 1373/1424/1373
f 1376/1427/1376 1375/1426/1375 1373/1424/1373
f 1327/1418/1327 1376/1427/1376 1373/1424/1373
f 1327/1418/1327 1328/1428/1328 1376/1427/1376
f 1376/1427/1376 1328/1428/1328 1331/1429/1331
f 1376/1427/1376 1331/1429/1331 1377/1430/1377
f 1334/1431/1334 1377/1430/1377 1331/1429/1331
f 1334/1431/1334 1378/1432/1378 1377/1430/1377
f 1379/1433/1379 1378/1432/1378 1334/1431/1334
f 1380/1434/1380 1378/1432/1378 1379/1433/1379
f 1380/1434/1380 1379/1433/1379 1381/1435/1381
f 1381/1435/1381 1336/1436/1336 1380/1434/1380
f 1381/1435/1381 1335/1437/1335 1336/1436/1336
f 1381/1435/1381 1382/1438/1382 1335/1437/1335
f 1381/1435/1381 1383/1439/1383 1382/1438/1382
f 1319/1412/1319 1374/1425/1374 1324/1440/1324
f 1326/1441/1326 1324/1440/1324 1374/1425/1374
f 1326/1441/1326 1374/1425/1374 1375/1426/1375
f 1326/1441/1326 1375/1426/1375 1384/1442/1384
f 1376/1427/1376 1384/1442/1384 1375/1426/1375
f 1385/1443/1385 1384/1442/1384 1376/1427/1376
f 1385/1443/1385 1376/1427/1376 1377/1430/1377
f 1377/1430/1377 1380/1434/1380 1385/1443/1385
f 1377/1430/1377 1378/1432/1378 1380/1434/1380
f 1326/1441/1326 1384/1442/1384 1329/1444/1329
f 1384/1442/1384 1330/1445/1330 1329/1444/1329
f 1384/1442/1384 1385/1443/1385 1330/1445/1330
f 1380/1434/1380 1330/1445/1330 1385/1443/1385
f 1380/1434/1380 1336/1436/1336 1330/1445/1330
f 1386/1446/1386 1387/1447/1387 1388/1448/1388
f 1388/1448/1388 1387/1447/1387 1379/1433/1379
f 1383/1439/1383 1379/1433/1379 1387/1447/1387
f 1383/1439/1383 1381/1435/1381 1379/1433/1379
f 1383/1439/1383 1389/1449/1389 1382/1438/1382
f 1390/1450/1390 1389/1449/1389 1383/1439/1383
f 1390/1450/1390 1383/1439/1383 1387/1447/1387
f 1390/1450/1390 1387/1447/1387 1391/1451/1391
f 1386/1446/1386 1391/1451/1391 1387/1447/1387
f 1391/1451/1391 1386/1446/1386 1392/1452/1392
f 1393/1453/1393 1382/1438/1382 1389/1449/1389
f 1392/1454/1392 1390/1450/1390 1391/1451/1391
f 1392/1454/1392 1389/1455/1389 1390/1450/1390
f 1393/1456/1393 1389/1455/1389 1392/1454/1392
f 1393/1456/1393 1392/1454/1392 1386/1457/1386
f 1394/1458/1394 1393/1456/1393 1386/1457/1386
f 1388/1459/1388 1394/1458/1394 1386/1457/1386
f 1394/1458/1394 1382/1460/1382 1393/1456/1393
f 1388/1448/1388 1379/1433/1379 1333/1461/1333
f 1379/1433/1379 1334/1431/1334 1333/1461/1333
f 1395/1462/1395 1396/1463/1396 1397/1464/1397
f 1395/1462/1395 1398/1465/1398 1396/1463/1396
f 1399/1466/1399 1398/1465/1398 1395/1462/1395
f 1399/1466/1399 1400/1467/1400 1398/1465/1398
f 1401/1468/1401 1400/1467/1400 1399/1466/1399
f 1401/1468/1401 1402/1469/1402 1400/1467/1400
f 1403/1470/1403 1402/1469/1402 1401/1468/1401
f 1403/1470/1403 1401/1468/1401 1404/1471/1404
f 40/1472/40 1403/1470/1403 1404/1471/1404
f 40/1472/40 1404/1471/1404 39/1473/39
f 17/1474/17 3/1475/3 1405/1476/1405
f 17/1474/17 1405/1476/1405 1406/1477/1406
f 1406/1477/1406 1405/1476/1405 1407/1478/1407
f 1406/1477/1406 1407/1478/1407 1408/1479/1408
f 1407/1478/1407 1409/1480/1409 1408/1479/1408
f 1407/1478/1407 1410/1481/1410 1409/1480/1409
f 1410/1481/1410 1411/1482/1411 1409/1480/1409
f 1410/1481/1410 1412/1483/1412 1411/1482/1411
f 1412/1483/1412 1413/1484/1413 1411/1482/1411
f 1412/1483/1412 1414/1485/1414 1413/1484/1413
f 1414/1485/1414 1415/1486/1415 1413/1484/1413
f 1414/1485/1414 1416/1487/1416 1415/1486/1415
f 1415/1486/1415 1416/1487/1416 1417/1488/1417
f 1415/1486/1415 1417/1488/1417 1418/1489/1418
f 1419/1490/1419 1418/1489/1418 1417/1488/1417
f 1419/1490/1419 1417/1488/1417 1420/1491/1420
f 1397/1464/1397 1419/1490/1419 1420/1491/1420
f 1397/1464/1397 1396/1463/1396 1419/1490/1419
f 1421/1492/1421 1422/1493/1422 1423/1494/1423
f 1421/1492/1421 1424/1495/1424 1422/1493/1422
f 1424/1495/1424 1421/1492/1421 1425/1496/1425
f 1424/1495/1424 1425/1496/1425 1426/1497/1426
f 1427/1498/1427 1426/1497/1426 1425/1496/1425
f 1428/1499/1428 1429/1500/1429 1430/1501/1430
f 1430/1501/1430 1431/1502/1431 1428/1499/1428
f 1428/1499/1428 1431/1502/1431 1416/1503/1416
f 1417/1504/1417 1416/1503/1416 1431/1502/1431
f 1417/1504/1417 1431/1502/1431 1432/1505/1432
f 1417/1504/1417 1432/1505/1432 1422/1493/1422
f 1422/1493/1422 1432/1505/1432 1433/1506/1433
f 1422/1493/1422 1433/1506/1433 1423/1494/1423
f 1418/1507/1418 1423/1494/1423 1433/1506/1433
f 1418/1507/1418 1419/1508/1419 1423/1494/1423
f 1419/1508/1419 1421/1492/1421 1423/1494/1423
f 1419/1508/1419 1396/1509/1396 1421/1492/1421
f 1398/1510/1398 1421/1492/1421 1396/1509/1396
f 1398/1510/1398 1425/1496/1425 1421/1492/1421
f 1434/1511/1434 1425/1496/1425 1398/1510/1398
f 1427/1498/1427 1425/1496/1425 1434/1511/1434
f 1435/1512/1435 1427/1498/1427 1434/1511/1434
f 1435/1512/1435 1436/1513/1436 1427/1498/1427
f 1431/1502/1431 1433/1506/1433 1432/1505/1432
f 1431/1502/1431 1437/1514/1437 1433/1506/1433
f 1430/1501/1430 1437/1514/1437 1431/1502/1431
f 1415/1515/1415 1437/1514/1437 1430/1501/1430
f 1415/1515/1415 1430/1501/1430 1413/1516/1413
f 1411/1517/1411 1413/1516/1413 1430/1501/1430
f 1433/1506/1433 1415/1515/1415 1418/1507/1418
f 1433/1506/1433 1437/1514/1437 1415/1515/1415
f 48/1518/48 1438/1519/1438 41/1520/41
f 1438/1519/1438 40/1521/40 41/1520/41
f 1438/1519/1438 1403/1522/1403 40/1521/40
f 1438/1519/1438 1402/1523/1402 1403/1522/1403
f 1438/1519/1438 1435/1512/1435 1402/1523/1402
f 1400/1524/1400 1402/1523/1402 1435/1512/1435
f 1400/1524/1400 1435/1512/1435 1434/1511/1434
f 1434/1511/1434 1398/1510/1398 1400/1524/1400
f 1436/1513/1436 1435/1512/1435 1438/1519/1438
f 1436/1513/1436 1438/1519/1438 1439/1525/1439
f 48/1518/48 1439/1525/1439 1438/1519/1438
f 39/1526/39 1439/1525/1439 48/1518/48
f 39/1526/39 1404/1527/1404 1439/1525/1439
f 1401/1528/1401 1439/1525/1439 1404/1527/1404
f 1401/1528/1401 1436/1513/1436 1439/1525/1439
f 1427/1498/1427 1436/1513/1436 1401/1528/1401
f 1427/1498/1427 1401/1528/1401 1399/1529/1399
f 1427/1498/1427 1399/1529/1399 1395/1530/1395
f 1427/1498/1427 1395/1530/1395 1426/1497/1426
f 1426/1497/1426 1395/1530/1395 1397/1531/1397
f 1426/1497/1426 1397/1531/1397 1424/1495/1424
f 1424/1495/1424 1397/1531/1397 1420/1532/1420
f 1424/1495/1424 1420/1532/1420 1422/1493/1422
f 1417/1504/1417 1422/1493/1422 1420/1532/1420
f 1440/1533/1440 1441/1534/1441 1442/1535/1442
f 1442/1535/1442 1443/1536/1443 1440/1533/1440
f 1442/1535/1442 1444/1537/1444 1443/1536/1443
f 1443/1536/1443 1444/1537/1444 1429/1500/1429
f 1443/1536/1443 1429/1500/1429 1445/1538/1445
f 1428/1499/1428 1445/1538/1445 1429/1500/1429
f 1445/1538/1445 1428/1499/1428 1414/1539/1414
f 1428/1499/1428 1416/1503/1416 1414/1539/1414
f 1445/1538/1445 1414/1539/1414 1412/1540/1412
f 1443/1536/1443 1445/1538/1445 1412/1540/1412
f 1443/1536/1443 1412/1540/1412 1410/1541/1410
f 1443/1536/1443 1410/1541/1410 1407/1542/1407
f 1443/1536/1443 1407/1542/1407 1440/1533/1440
f 1407/1542/1407 1446/1543/1446 1440/1533/1440
f 1440/1533/1440 1446/1543/1446 1441/1534/1441
f 2/1544/2 1441/1534/1441 1446/1543/1446
f 2/1544/2 8/1545/8 1441/1534/1441
f 1441/1534/1441 8/1545/8 17/1546/17
f 1441/1534/1441 17/1546/17 1406/1547/1406
f 1441/1534/1441 1406/1547/1406 1408/1548/1408
f 1441/1534/1441 1408/1548/1408 1442/1535/1442
f 1409/1549/1409 1442/1535/1442 1408/1548/1408
f 1409/1549/1409 1444/1537/1444 1442/1535/1442
f 1444/1537/1444 1409/1549/1409 1411/1517/1411
f 1444/1537/1444 1411/1517/1411 1429/1500/1429
f 1411/1517/1411 1430/1501/1430 1429/1500/1429
f 1407/1542/1407 1405/1550/1405 1446/1543/1446
f 3/1551/3 1446/1543/1446 1405/1550/1405
f 3/1551/3 2/1544/2 1446/1543/1446
f 470/1552/470 461/1553/461 1447/1554/1447
f 1448/1555/1448 1449/1556/1449 470/1552/470
f 470/1552/470 1447/1554/1447 1448/1555/1448
f 1448/1555/1448 1447/1554/1447 1450/1557/1450
f 1448/1555/1448 1450/1557/1450 1451/1558/1451
f 1452/1559/1452 1451/1558/1451 1450/1557/1450
f 1452/1559/1452 1212/1560/1212 1451/1558/1451
f 1451/1558/1451 1212/1560/1212 1214/1561/1214
f 1451/1558/1451 1214/1561/1214 1453/1562/1453
f 1454/1563/1454 1453/1562/1453 1214/1561/1214
f 1454/1563/1454 1455/1564/1455 1453/1562/1453
f 1456/1565/1456 1455/1564/1455 1454/1563/1454
f 1456/1565/1456 1457/1566/1457 1455/1564/1455
f 1456/1565/1456 1458/1567/1458 1457/1566/1457
f 1459/1568/1459 1457/1566/1457 1458/1567/1458
f 1459/1568/1459 1458/1567/1458 1460/1569/1460
f 1461/1570/1461 1459/1568/1459 1460/1569/1460
f 1461/1570/1461 1460/1569/1460 1462/1571/1462
f 1463/1572/1463 1461/1570/1461 1462/1571/1462
f 1463/1572/1463 1459/1568/1459 1461/1570/1461
f 1459/1568/1459 1463/1572/1463 1464/1573/1464
f 1465/1574/1465 1464/1573/1464 1463/1572/1463
f 1464/1573/1464 1449/1556/1449 1466/1575/1466
f 1459/1568/1459 1464/1573/1464 1466/1575/1466
f 1457/1566/1457 1459/1568/1459 1466/1575/1466
f 1457/1566/1457 1466/1575/1466 1455/1564/1455
f 1455/1564/1455 1466/1575/1466 1449/1556/1449
f 1455/1564/1455 1449/1556/1449 1453/1562/1453
f 1453/1562/1453 1449/1556/1449 1448/1555/1448
f 1453/1562/1453 1448/1555/1448 1451/1558/1451
f 1208/1576/1208 1211/1577/1211 1456/1565/1456
f 1456/1565/1456 1211/1577/1211 1458/1567/1458
f 1214/1561/1214 1213/1578/1213 1467/1579/1467
f 1468/1580/1468 1467/1579/1467 1213/1578/1213
f 1467/1579/1467 1468/1580/1468 1469/1581/1469
f 1205/1582/1205 1469/1581/1469 1468/1580/1468
f 1205/1582/1205 1470/1583/1470 1469/1581/1469
f 1205/1582/1205 1202/1584/1202 1470/1583/1470
f 1470/1583/1470 1202/1584/1202 1208/1576/1208
f 1470/1583/1470 1208/1576/1208 1471/1585/1471
f 1208/1576/1208 1456/1565/1456 1471/1585/1471
f 1471/1585/1471 1456/1565/1456 1454/1563/1454
f 1471/1585/1471 1454/1563/1454 1472/1586/1472
f 1214/1561/1214 1472/1586/1472 1454/1563/1454
f 1214/1561/1214 1467/1579/1467 1472/1586/1472
f 1467/1579/1467 1469/1581/1469 1472/1586/1472
f 1472/1586/1472 1469/1581/1469 1470/1583/1470
f 1472/1586/1472 1470/1583/1470 1471/1585/1471
f 1205/1582/1205 1468/1580/1468 1207/1587/1207
f 1468/1580/1468 1213/1578/1213 1207/1587/1207
f 1473/1588/1473 1333/1589/1333 1474/1590/1474
f 1474/1590/1474 1475/1591/1475 1473/1588/1473
f 1333/1589/1333 1473/1588/1473 1475/1591/1475
f 1333/1589/1333 1475/1591/1475 1388/1592/1388
f 1388/1592/1388 1475/1591/1475 1476/1593/1476
f 1477/1594/1477 1388/1592/1388 1476/1593/1476
f 1478/1595/1478 1477/1594/1477 1476/1593/1476
f 1478/1595/1478 1476/1593/1476 1479/1596/1479
f 1480/1597/1480 1478/1595/1478 1479/1596/1479
f 1480/1597/1480 1479/1596/1479 1481/1598/1481
f 1482/1599/1482 1480/1597/1480 1481/1598/1481
f 1482/1599/1482 1481/1598/1481 1483/1600/1483
f 1465/1574/1465 1482/1599/1482 1483/1600/1483
f 1465/1574/1465 1483/1600/1483 1484/1601/1484
f 1464/1573/1464 1465/1574/1465 1484/1601/1484
f 1464/1573/1464 1484/1601/1484 1485/1602/1485
f 1449/1556/1449 1464/1573/1464 1485/1602/1485
f 470/1552/470 1449/1556/1449 1485/1602/1485
f 1474/1590/1474 1486/1603/1486 1475/1591/1475
f 1486/1603/1486 1476/1593/1476 1475/1591/1475
f 1486/1603/1486 1487/1604/1487 1476/1593/1476
f 1487/1604/1487 1479/1596/1479 1476/1593/1476
f 1487/1604/1487 1488/1605/1488 1479/1596/1479
f 1488/1605/1488 1481/1598/1481 1479/1596/1479
f 1488/1605/1488 1489/1606/1489 1481/1598/1481
f 1483/1600/1483 1481/1598/1481 1489/1606/1489
f 1483/1600/1483 1489/1606/1489 1490/1607/1490
f 1491/1608/1491 1483/1600/1483 1490/1607/1490
f 1491/1608/1491 1484/1601/1484 1483/1600/1483
f 1491/1608/1491 462/1609/462 1484/1601/1484
f 1484/1601/1484 462/1609/462 1485/1602/1485
f 470/1552/470 1485/1602/1485 462/1609/462
f 462/1609/462 1491/1608/1491 460/1610/460
f 1465/1574/1465 1463/1572/1463 1492/1611/1492
f 1482/1599/1482 1465/1574/1465 1492/1611/1492
f 1482/1599/1482 1492/1611/1492 1493/1612/1493
f 1480/1597/1480 1482/1599/1482 1493/1612/1493
f 1480/1597/1480 1493/1612/1493 1494/1613/1494
f 1478/1595/1478 1480/1597/1480 1494/1613/1494
f 1478/1595/1478 1494/1613/1494 1495/1614/1495
f 1477/1594/1477 1478/1595/1478 1495/1614/1495
f 1477/1594/1477 1495/1614/1495 1496/1615/1496
f 1477/1594/1477 1496/1615/1496 1382/1616/1382
f 1496/1615/1496 1497/1617/1497 1382/1616/1382
f 1382/1616/1382 1497/1617/1497 1498/1618/1498
f 1497/1617/1497 1499/1619/1499 1498/1618/1498
f 1499/1619/1499 1335/1620/1335 1498/1618/1498
f 1335/1620/1335 1499/1619/1499 1500/1621/1500
f 1332/1622/1332 1335/1620/1335 1500/1621/1500
f 1333/1589/1333 1332/1622/1332 1500/1621/1500
f 1333/1589/1333 1500/1621/1500 1474/1590/1474
f 1382/1616/1382 1498/1618/1498 1335/1620/1335
f 1477/1594/1477 1394/1623/1394 1388/1592/1388
f 1394/1623/1394 1477/1594/1477 1382/1616/1382
f 1463/1572/1463 1462/1571/1462 1501/1624/1501
f 1492/1611/1492 1463/1572/1463 1501/1624/1501
f 1492/1611/1492 1501/1624/1501 1502/1625/1502
f 1493/1612/1493 1492/1611/1492 1502/1625/1502
f 1493/1612/1493 1502/1625/1502 1503/1626/1503
f 1503/1626/1503 1494/1613/1494 1493/1612/1493
f 1503/1626/1503 1504/1627/1504 1494/1613/1494
f 1494/1613/1494 1504/1627/1504 1505/1628/1505
f 1494/1613/1494 1505/1628/1505 1495/1614/1495
f 1495/1614/1495 1505/1628/1505 1506/1629/1506
f 1495/1614/1495 1506/1629/1506 1496/1615/1496
f 1496/1615/1496 1506/1629/1506 1507/1630/1507
f 1496/1615/1496 1507/1630/1507 1497/1617/1497
f 1497/1617/1497 1507/1630/1507 1499/1619/1499
f 1211/1631/1211 1508/1632/1508 1509/1633/1509
f 1508/1632/1508 1211/1631/1211 1210/1634/1210
f 1508/1632/1508 1510/1635/1510 1511/1636/1511
f 1510/1635/1510 1508/1632/1508 1210/1634/1210
f 1510/1635/1510 1210/1634/1210 1196/1637/1196
f 1512/1638/1512 1510/1635/1510 1196/1637/1196
f 1512/1638/1512 1196/1637/1196 1194/1639/1194
f 1513/1640/1513 1512/1638/1512 1194/1639/1194
f 1513/1640/1513 1194/1639/1194 1195/1641/1195
f 1513/1640/1513 1195/1641/1195 1246/1642/1246
f 1513/1640/1513 1246/1642/1246 1514/1643/1514
f 1514/1643/1514 1246/1642/1246 1231/1644/1231
f 1514/1643/1514 1231/1644/1231 1515/1645/1515
f 1515/1645/1515 1231/1644/1231 1230/1646/1230
f 1515/1645/1515 1230/1646/1230 1516/1647/1516
f 1516/1647/1516 1230/1646/1230 1227/1648/1227
f 1227/1648/1227 1517/1649/1517 1516/1647/1516
f 1516/1647/1516 1517/1649/1517 1518/1650/1518
f 1519/1651/1519 1518/1650/1518 1517/1649/1517
f 1519/1651/1519 1517/1649/1517 1520/1652/1520
f 1516/1647/1516 1518/1650/1518 1515/1645/1515
f 1521/1653/1521 1522/1654/1522 1523/1655/1523
f 1521/1653/1521 1524/1656/1524 1522/1654/1522
f 1525/1657/1525 1524/1656/1524 1521/1653/1521
f 1525/1657/1525 1521/1653/1521 1526/1658/1526
f 1526/1658/1526 1527/1659/1527 1525/1657/1525
f 1526/1658/1526 1528/1660/1528 1527/1659/1527
f 1514/1643/1514 1527/1659/1527 1528/1660/1528
f 1514/1643/1514 1528/1660/1528 1513/1640/1513
f 1512/1638/1512 1513/1640/1513 1528/1660/1528
f 1512/1638/1512 1528/1660/1528 1529/1661/1529
f 1510/1635/1510 1512/1638/1512 1529/1661/1529
f 1510/1635/1510 1529/1661/1529 1511/1636/1511
f 1530/1662/1530 1511/1636/1511 1529/1661/1529
f 1530/1662/1530 1531/1663/1531 1511/1636/1511
f 1532/1664/1532 1531/1663/1531 1530/1662/1530
f 1532/1664/1532 1533/1665/1533 1531/1663/1531
f 1534/1666/1534 1533/1665/1533 1532/1664/1532
f 1534/1666/1534 1535/1667/1535 1533/1665/1533
f 1526/1658/1526 1529/1661/1529 1528/1660/1528
f 1526/1658/1526 1530/1662/1530 1529/1661/1529
f 1530/1662/1530 1526/1658/1526 1521/1653/1521
f 1530/1662/1530 1521/1653/1521 1532/1664/1532
f 1521/1653/1521 1534/1666/1534 1532/1664/1532
f 1521/1653/1521 1523/1655/1523 1534/1666/1534
f 1536/1668/1536 1534/1666/1534 1523/1655/1523
f 1536/1668/1536 1523/1655/1523 1522/1654/1522
f 1536/1668/1536 1522/1654/1522 1537/1669/1537
f 1538/1670/1538 1536/1668/1536 1537/1669/1537
f 1536/1668/1536 1539/1671/1539 1534/1666/1534
f 1539/1671/1539 1535/1667/1535 1534/1666/1534
f 1539/1671/1539 1540/1672/1540 1535/1667/1535
f 1541/1673/1541 1540/1672/1540 1539/1671/1539
f 1541/1673/1541 1539/1671/1539 1536/1668/1536
f 1541/1673/1541 1536/1668/1536 1542/1674/1542
f 1538/1670/1538 1542/1674/1542 1536/1668/1536
f 1538/1670/1538 1543/1675/1543 1542/1674/1542
f 1538/1670/1538 1544/1676/1544 1543/1675/1543
f 1543/1675/1543 1544/1676/1544 358/1677/358
f 1544/1676/1544 357/1678/357 358/1677/358
f 1541/1673/1541 1542/1674/1542 1543/1675/1543
f 1543/1675/1543 358/1677/358 1545/1679/1545
f 1543/1675/1543 1545/1679/1545 663/1680/663
f 1543/1675/1543 663/1680/663 1546/1681/1546
f 1541/1673/1541 1543/1675/1543 1546/1681/1546
f 1546/1681/1546 1547/1682/1547 1541/1673/1541
f 1541/1673/1541 1547/1682/1547 1540/1672/1540
f 1540/1672/1540 1547/1682/1547 1548/1683/1548
f 1540/1672/1540 1548/1683/1548 1549/1684/1549
f 1550/1685/1550 1540/1672/1540 1549/1684/1549
f 1550/1685/1550 1535/1667/1535 1540/1672/1540
f 1551/1686/1551 1535/1667/1535 1550/1685/1550
f 1533/1665/1533 1535/1667/1535 1551/1686/1551
f 1533/1665/1533 1551/1686/1551 1226/1687/1226
f 1212/1688/1212 1533/1665/1533 1226/1687/1226
f 1212/1688/1212 1531/1663/1531 1533/1665/1533
f 1452/1689/1452 1531/1663/1531 1212/1688/1212
f 1531/1663/1531 1452/1689/1452 1509/1633/1509
f 1531/1663/1531 1509/1633/1509 1511/1636/1511
f 1508/1632/1508 1511/1636/1511 1509/1633/1509
f 1548/1683/1548 1547/1682/1547 1552/1690/1552
f 1546/1681/1546 663/1680/663 661/1691/661
f 661/1691/661 1553/1692/1553 1546/1681/1546
f 661/1691/661 647/1693/647 1553/1692/1553
f 1546/1681/1546 1553/1692/1553 1547/1682/1547
f 1552/1690/1552 1547/1682/1547 1553/1692/1553
f 1552/1690/1552 1553/1692/1553 1554/1694/1554
f 1553/1692/1553 72/1695/72 1554/1694/1554
f 1553/1692/1553 647/1693/647 72/1695/72
f 633/1696/633 72/1695/72 647/1693/647
f 73/1697/73 72/1695/72 633/1696/633
f 73/1697/73 633/1696/633 780/1698/780
f 780/1698/780 61/1699/61 73/1697/73
f 780/1698/780 1555/1700/1555 61/1699/61
f 1555/1700/1555 62/1701/62 61/1699/61
f 1555/1700/1555 1556/1702/1556 62/1701/62
f 28/1703/28 62/1701/62 1556/1702/1556
f 28/1703/28 1556/1702/1556 1557/1704/1557
f 26/1705/26 28/1703/28 1557/1704/1557
f 26/1705/26 1557/1704/1557 1558/1706/1558
f 37/1707/37 26/1705/26 1558/1706/1558
f 782/1708/782 1558/1706/1558 1557/1704/1557
f 1557/1704/1557 763/1709/763 782/1708/782
f 1557/1704/1557 1556/1702/1556 763/1709/763
f 1555/1700/1555 763/1709/763 1556/1702/1556
f 780/1698/780 763/1709/763 1555/1700/1555
f 22/1710/22 355/1711/355 129/1712/129
f 22/1710/22 820/1713/820 355/1711/355
f 820/1713/820 22/1710/22 36/1714/36
f 820/1713/820 36/1714/36 1559/1715/1559
f 1559/1715/1559 36/1714/36 35/1716/35
f 1559/1715/1559 35/1716/35 1560/1717/1560
f 34/1718/34 1560/1717/1560 35/1716/35
f 34/1718/34 1561/1719/1561 1560/1717/1560
f 33/1720/33 1561/1719/1561 34/1718/34
f 33/1720/33 1562/1721/1562 1561/1719/1561
f 37/1707/37 1562/1721/1562 33/1720/33
f 37/1707/37 1563/1722/1563 1562/1721/1562
f 37/1707/37 1558/1706/1558 1563/1722/1563
f 1564/1723/1564 1563/1722/1563 1558/1706/1558
f 1564/1723/1564 1558/1706/1558 782/1708/782
f 662/1724/662 1564/1723/1564 782/1708/782
f 662/1724/662 1545/1679/1545 1564/1723/1564
f 663/1680/663 1545/1679/1545 662/1724/662
f 820/1713/820 1559/1715/1559 822/1725/822
f 1559/1715/1559 1560/1717/1560 822/1725/822
f 1561/1719/1561 822/1725/822 1560/1717/1560
f 1561/1719/1561 808/1726/808 822/1725/822
f 808/1726/808 1561/1719/1561 1562/1721/1562
f 1564/1723/1564 808/1726/808 1562/1721/1562
f 1564/1723/1564 1562/1721/1562 1563/1722/1563
f 358/1677/358 359/1727/359 1545/1679/1545
f 359/1727/359 1564/1723/1564 1545/1679/1545
f 359/1727/359 808/1726/808 1564/1723/1564
f 461/1728/461 1565/1729/1565 1447/1730/1447
f 1447/1730/1447 1565/1729/1565 1450/1731/1450
f 1509/1732/1509 1450/1731/1450 1565/1729/1565
f 1450/1731/1450 1509/1732/1509 1452/1733/1452
f 1211/1734/1211 1509/1732/1509 1458/1735/1458
f 1458/1735/1458 1509/1732/1509 1565/1729/1565
f 1566/1736/1566 1458/1735/1458 1565/1729/1565
f 461/1728/461 1566/1736/1566 1565/1729/1565
f 461/1728/461 1567/1737/1567 1566/1736/1566
f 461/1728/461 460/1738/460 1567/1737/1567
f 1491/1739/1491 1567/1737/1567 460/1738/460
f 1491/1739/1491 1568/1740/1568 1567/1737/1567
f 1490/1741/1490 1568/1740/1568 1491/1739/1491
f 1490/1741/1490 1569/1742/1569 1568/1740/1568
f 1489/1743/1489 1569/1742/1569 1490/1741/1490
f 1489/1743/1489 1570/1744/1570 1569/1742/1569
f 1488/1745/1488 1570/1744/1570 1489/1743/1489
f 1488/1745/1488 1571/1746/1571 1570/1744/1570
f 1487/1747/1487 1571/1746/1571 1488/1745/1488
f 1487/1747/1487 1572/1748/1572 1571/1746/1571
f 1486/1749/1486 1572/1748/1572 1487/1747/1487
f 1486/1749/1486 1573/1750/1573 1572/1748/1572
f 1573/1750/1573 1507/1751/1507 1506/1752/1506
f 1573/1750/1573 1506/1752/1506 1572/1748/1572
f 1572/1748/1572 1506/1752/1506 1505/1753/1505
f 1572/1748/1572 1505/1753/1505 1571/1746/1571
f 1571/1746/1571 1505/1753/1505 1504/1754/1504
f 1571/1746/1571 1504/1754/1504 1570/1744/1570
f 1570/1744/1570 1504/1754/1504 1503/1755/1503
f 1570/1744/1570 1503/1755/1503 1569/1742/1569
f 1569/1742/1569 1503/1755/1503 1502/1756/1502
f 1569/1742/1569 1502/1756/1502 1568/1740/1568
f 1568/1740/1568 1502/1756/1502 1501/1757/1501
f 1568/1740/1568 1501/1757/1501 1567/1737/1567
f 1567/1737/1567 1501/1757/1501 1460/1758/1460
f 1567/1737/1567 1460/1758/1460 1566/1736/1566
f 1566/1736/1566 1460/1758/1460 1458/1735/1458
f 1460/1758/1460 1501/1757/1501 1462/1759/1462
f 1474/1760/1474 1573/1750/1573 1486/1749/1486
f 1474/1760/1474 1500/1761/1500 1573/1750/1573
f 1500/1761/1500 1507/1751/1507 1573/1750/1573
f 1500/1761/1500 1499/1762/1499 1507/1751/1507
f 1574/1763/1574 1575/1764/1575 1576/1765/1576
f 307/1766/307 305/1767/305 1577/1768/1577
f 307/1766/307 1577/1768/1577 1015/1769/1015
f 1577/1768/1577 1576/1765/1576 1015/1769/1015
f 1576/1765/1576 1017/1770/1017 1015/1769/1015
f 1575/1764/1575 1017/1770/1017 1576/1765/1576
f 1575/1764/1575 1578/1771/1578 1017/1770/1017
f 1579/1772/1579 1580/1773/1580 1574/1763/1574
f 1579/1772/1579 1574/1763/1574 1581/1774/1581
f 1574/1763/1574 1576/1765/1576 1581/1774/1581
f 1576/1765/1576 1582/1775/1582 1581/1774/1581
f 1576/1765/1576 1577/1768/1577 1582/1775/1582
f 1583/1776/1583 1582/1775/1582 1577/1768/1577
f 1583/1776/1583 1577/1768/1577 305/1767/305
f 1583/1776/1583 305/1767/305 1584/1777/1584
f 305/1767/305 304/1778/304 1584/1777/1584
f 304/1778/304 1585/1779/1585 1584/1777/1584
f 304/1778/304 303/1780/303 1585/1779/1585
f 303/1780/303 1586/1781/1586 1585/1779/1585
f 303/1780/303 1587/1782/1587 1586/1781/1586
f 1587/1782/1587 1588/1783/1588 1586/1781/1586
f 1587/1782/1587 1589/1784/1589 1588/1783/1588
f 1589/1784/1589 1590/1785/1590 1588/1783/1588
f 1589/1784/1589 1591/1786/1591 1590/1785/1590
f 1592/1787/1592 1590/1785/1590 1591/1786/1591
f 885/1788/885 1585/1779/1585 1586/1781/1586
f 885/1788/885 916/1789/916 1585/1779/1585
f 916/1789/916 917/1790/917 1585/1779/1585
f 1585/1779/1585 917/1790/917 1584/1777/1584
f 1584/1777/1584 917/1790/917 915/1791/915
f 1586/1781/1586 1588/1783/1588 1593/1792/1593
f 1586/1781/1586 1593/1792/1593 1594/1793/1594
f 1594/1793/1594 885/1788/885 1586/1781/1586
f 1594/1793/1594 886/1794/886 885/1788/885
f 1595/1795/1595 886/1794/886 1594/1793/1594
f 888/1796/888 886/1794/886 1595/1795/1595
f 1595/1795/1595 915/1791/915 888/1796/888
f 1596/1797/1596 915/1791/915 1595/1795/1595
f 1584/1777/1584 915/1791/915 1596/1797/1596
f 1583/1776/1583 1584/1777/1584 1596/1797/1596
f 1597/1798/1597 1583/1776/1583 1596/1797/1596
f 1597/1798/1597 1582/1775/1582 1583/1776/1583
f 1597/1798/1597 1598/1799/1598 1582/1775/1582
f 1581/1774/1581 1582/1775/1582 1598/1799/1598
f 1581/1774/1581 1598/1799/1598 1579/1772/1579
f 1598/1799/1598 1599/1800/1599 1579/1772/1579
f 1598/1799/1598 1600/1801/1600 1599/1800/1599
f 1600/1801/1600 1601/1802/1601 1599/1800/1599
f 1595/1795/1595 1602/1803/1602 1603/1804/1603
f 1595/1795/1595 1594/1793/1594 1602/1803/1602
f 1594/1793/1594 1604/1805/1604 1602/1803/1602
f 1594/1793/1594 1593/1792/1593 1604/1805/1604
f 1600/1801/1600 1598/1799/1598 1597/1798/1597
f 1600/1801/1600 1597/1798/1597 1605/1806/1605
f 1597/1798/1597 1596/1797/1596 1605/1806/1605
f 1605/1806/1605 1596/1797/1596 1595/1795/1595
f 1605/1806/1605 1595/1795/1595 1603/1804/1603
f 1606/1807/1606 1605/1806/1605 1603/1804/1603
f 1602/1803/1602 1606/1807/1606 1603/1804/1603
f 1602/1803/1602 1607/1808/1607 1606/1807/1606
f 1604/1805/1604 1607/1808/1607 1602/1803/1602
f 1606/1807/1606 1600/1801/1600 1605/1806/1605
f 1600/1801/1600 1606/1807/1606 1601/1802/1601
f 1606/1807/1606 1608/1809/1608 1601/1802/1601
f 1606/1807/1606 1607/1808/1607 1608/1809/1608
f 1608/1809/1608 1607/1808/1607 1609/1810/1609
f 1604/1805/1604 1609/1810/1609 1607/1808/1607
f 1610/1811/1610 1609/1810/1609 1604/1805/1604
f 1593/1792/1593 1610/1811/1610 1604/1805/1604
f 1593/1792/1593 1611/1812/1611 1610/1811/1610
f 1612/1813/1612 1610/1811/1610 1611/1812/1611
f 1612/1813/1612 1611/1812/1611 1613/1814/1613
f 1612/1813/1612 1614/1815/1614 1610/1811/1610
f 1610/1811/1610 1614/1815/1614 1609/1810/1609
f 1615/1816/1615 1609/1810/1609 1614/1815/1614
f 1608/1809/1608 1609/1810/1609 1615/1816/1615
f 1616/1817/1616 1608/1809/1608 1615/1816/1615
f 1616/1817/1616 1617/1818/1617 1608/1809/1608
f 1617/1818/1617 1601/1802/1601 1608/1809/1608
f 1617/1818/1617 1618/1819/1618 1601/1802/1601
f 1618/1819/1618 1599/1800/1599 1601/1802/1601
f 1617/1818/1617 1616/1817/1616 1619/1820/1619
f 1618/1819/1618 1617/1818/1617 1620/1821/1620
f 1617/1818/1617 1619/1820/1619 1620/1821/1620
f 1621/1822/1621 1620/1821/1620 1619/1820/1619
f 1622/1823/1622 1621/1822/1621 1619/1820/1619
f 1616/1817/1616 1622/1823/1622 1619/1820/1619
f 1616/1817/1616 1623/1824/1623 1622/1823/1622
f 1623/1824/1623 1616/1817/1616 1615/1816/1615
f 1623/1824/1623 1615/1816/1615 1624/1825/1624
f 1615/1816/1615 1614/1815/1614 1624/1825/1624
f 1624/1825/1624 1614/1815/1614 1625/1826/1625
f 1612/1813/1612 1625/1826/1625 1614/1815/1614
f 1626/1827/1626 1625/1826/1625 1612/1813/1612
f 1626/1827/1626 1612/1813/1612 1613/1814/1613
f 1627/1828/1627 1626/1827/1626 1613/1814/1613
f 1613/1814/1613 1590/1785/1590 1627/1828/1627
f 1613/1814/1613 1611/1812/1611 1590/1785/1590
f 1588/1783/1588 1590/1785/1590 1611/1812/1611
f 1588/1783/1588 1611/1812/1611 1593/1792/1593
f 1627/1828/1627 1590/1785/1590 1592/1787/1592
f 1628/1829/1628 1627/1828/1627 1592/1787/1592
f 1627/1828/1627 1628/1829/1628 1626/1827/1626
f 1629/1830/1629 1626/1827/1626 1628/1829/1628
f 1625/1826/1625 1626/1827/1626 1629/1830/1629
f 1625/1826/1625 1629/1830/1629 1630/1831/1630
f 1624/1825/1624 1625/1826/1625 1630/1831/1630
f 1631/1832/1631 1624/1825/1624 1630/1831/1630
f 1631/1832/1631 1623/1824/1623 1624/1825/1624
f 1623/1824/1623 1631/1832/1631 1632/1833/1632
f 1623/1824/1623 1632/1833/1632 1622/1823/1622
f 1633/1834/1633 1622/1823/1622 1632/1833/1632
f 1622/1823/1622 1633/1834/1633 1621/1822/1621
f 1621/1822/1621 1633/1834/1633 1634/1835/1634
f 1635/1836/1635 1634/1835/1634 1633/1834/1633
f 1635/1836/1635 1633/1834/1633 1636/1837/1636
f 1636/1837/1636 1637/1838/1637 1635/1836/1635
f 1636/1837/1636 1638/1839/1638 1637/1838/1637
f 1631/1832/1631 1638/1839/1638 1636/1837/1636
f 1638/1839/1638 1631/1832/1631 1630/1831/1630
f 1631/1832/1631 1636/1837/1636 1632/1833/1632
f 1633/1834/1633 1632/1833/1632 1636/1837/1636
f 1629/1830/1629 1628/1829/1628 1639/1840/1639
f 1628/1829/1628 1640/1841/1640 1639/1840/1639
f 1628/1829/1628 1641/1842/1641 1640/1841/1640
f 1628/1829/1628 1592/1787/1592 1641/1842/1641
f 1638/1839/1638 1630/1831/1630 1629/1843/1629
f 1639/1844/1639 1638/1839/1638 1629/1843/1629
f 1639/1844/1639 1637/1838/1637 1638/1839/1638
f 1640/1845/1640 1637/1838/1637 1639/1844/1639
f 1640/1845/1640 1642/1846/1642 1637/1838/1637
f 1637/1838/1637 1642/1846/1642 1635/1836/1635
f 1643/1847/1643 1635/1836/1635 1642/1846/1642
f 1643/1847/1643 1634/1835/1634 1635/1836/1635
f 1644/1848/1644 1634/1835/1634 1643/1847/1643
f 1621/1822/1621 1634/1835/1634 1644/1848/1644
f 1644/1848/1644 1645/1849/1645 1621/1822/1621
f 1621/1822/1621 1645/1849/1645 1620/1821/1620
f 1645/1849/1645 1646/1850/1646 1620/1821/1620
f 1618/1819/1618 1620/1821/1620 1646/1850/1646
f 1647/1851/1647 1618/1819/1618 1646/1850/1646
f 1618/1819/1618 1647/1851/1647 1599/1800/1599
f 1599/1800/1599 1647/1851/1647 1580/1773/1580
f 1599/1800/1599 1580/1773/1580 1579/1772/1579
f 1644/1848/1644 1643/1847/1643 1648/1852/1648
f 1648/1852/1648 1649/1853/1649 1644/1848/1644
f 1644/1848/1644 1649/1853/1649 1645/1849/1645
f 1649/1853/1649 1650/1854/1650 1645/1849/1645
f 1645/1849/1645 1650/1854/1650 1646/1850/1646
f 1650/1854/1650 1651/1855/1651 1646/1850/1646
f 1647/1851/1647 1646/1850/1646 1651/1855/1651
f 1652/1856/1652 1647/1851/1647 1651/1855/1651
f 1652/1856/1652 1580/1773/1580 1647/1851/1647
f 1574/1763/1574 1580/1773/1580 1652/1856/1652
f 1574/1763/1574 1652/1856/1652 1653/1857/1653
f 1575/1764/1575 1574/1763/1574 1653/1857/1653
f 1575/1764/1575 1653/1857/1653 1654/1858/1654
f 1654/1858/1654 1578/1771/1578 1575/1764/1575
f 1654/1858/1654 1655/1859/1655 1578/1771/1578
f 1656/1860/1656 1655/1859/1655 1654/1858/1654
f 1656/1860/1656 1657/1861/1657 1655/1859/1655
f 1658/1862/1658 1657/1861/1657 1656/1860/1656
f 1651/1855/1651 1653/1857/1653 1652/1856/1652
f 1651/1855/1651 1659/1863/1659 1653/1857/1653
f 1659/1863/1659 1654/1858/1654 1653/1857/1653
f 1659/1863/1659 1656/1860/1656 1654/1858/1654
f 1650/1854/1650 1656/1860/1656 1659/1863/1659
f 1650/1854/1650 1658/1862/1658 1656/1860/1656
f 1649/1853/1649 1658/1862/1658 1650/1854/1650
f 1650/1854/1650 1659/1863/1659 1651/1855/1651
f 1658/1862/1658 1660/1864/1660 1657/1861/1657
f 1649/1853/1649 1660/1864/1660 1658/1862/1658
f 1649/1853/1649 1661/1865/1661 1660/1864/1660
f 1648/1852/1648 1661/1865/1661 1649/1853/1649
f 1662/1866/1662 1663/1867/1663 1664/1868/1664
f 1663/1867/1663 1665/1869/1665 1664/1868/1664
f 1663/1867/1663 1662/1866/1662 1666/1870/1666
f 1663/1867/1663 1666/1870/1666 1667/1871/1667
f 1663/1867/1663 1667/1871/1667 1668/1872/1668
f 1663/1867/1663 1668/1872/1668 142/1873/142
f 1663/1867/1663 142/1873/142 145/1874/145
f 1663/1867/1663 145/1874/145 156/1875/156
f 1663/1867/1663 156/1875/156 155/1876/155
f 1663/1867/1663 155/1876/155 1665/1869/1665
f 1665/1869/1665 155/1876/155 1669/1877/1669
f 155/1876/155 153/1878/153 1669/1877/1669
f 1670/1879/1670 1669/1877/1669 153/1878/153
f 1670/1879/1670 153/1878/153 150/1880/150
f 1670/1879/1670 150/1880/150 143/1881/143
f 1671/1882/1671 1665/1869/1665 1672/1883/1672
f 1665/1869/1665 1669/1877/1669 1672/1883/1672
f 1672/1883/1672 1669/1877/1669 1673/1884/1673
f 1669/1877/1669 1670/1879/1670 1673/1884/1673
f 1670/1879/1670 1674/1885/1674 1673/1884/1673
f 1670/1879/1670 143/1881/143 1674/1885/1674
f 143/1881/143 1675/1886/1675 1674/1885/1674
f 139/1887/139 1675/1886/1675 143/1881/143
f 1675/1886/1675 139/1887/139 1676/1888/1676
f 139/1887/139 140/1889/140 1676/1888/1676
f 140/1889/140 1671/1882/1671 1676/1888/1676
f 1677/1890/1677 1671/1882/1671 140/1889/140
f 1671/1882/1671 1677/1890/1677 1665/1869/1665
f 1665/1869/1665 1677/1890/1677 1678/1891/1678
f 1665/1869/1665 1678/1891/1678 1664/1868/1664
f 1679/1892/1679 1664/1868/1664 1678/1891/1678
f 1662/1866/1662 1664/1868/1664 1679/1892/1679
f 1666/1870/1666 1662/1866/1662 1679/1892/1679
f 1675/1886/1675 1673/1884/1673 1674/1885/1674
f 1675/1886/1675 1676/1888/1676 1673/1884/1673
f 1676/1888/1676 1671/1882/1671 1673/1884/1673
f 1671/1882/1671 1672/1883/1672 1673/1884/1673
f 1666/1870/1666 1679/1892/1679 1680/1893/1680
f 1679/1892/1679 1678/1891/1678 1680/1893/1680
f 140/1889/140 141/1894/141 1677/1890/1677
f 1677/1890/1677 141/1894/141 1678/1891/1678
f 141/1894/141 1668/1895/1668 1678/1891/1678
f 1678/1891/1678 1668/1895/1668 1667/1896/1667
f 1680/1893/1680 1678/1891/1678 1667/1896/1667
f 1666/1897/1666 1680/1893/1680 1667/1896/1667
f 1668/1895/1668 141/1894/141 142/1898/142
f 1681/1899/1681 1682/1900/1682 1683/1901/1683
f 1684/1902/1684 1685/1903/1685 1681/1899/1681
f 1685/1903/1685 1682/1900/1682 1681/1899/1681
f 1685/1903/1685 137/1904/137 1682/1900/1682
f 1683/1901/1683 1682/1900/1682 137/1904/137
f 1683/1901/1683 137/1904/137 146/1905/146
f 1686/1906/1686 1683/1901/1683 146/1905/146
f 1686/1906/1686 146/1905/146 147/1907/147
f 1687/1908/1687 1686/1906/1686 147/1907/147
f 1687/1908/1687 147/1907/147 229/1909/229
f 1687/1908/1687 229/1909/229 228/1910/228
f 1688/1911/1688 1687/1908/1687 228/1910/228
f 227/1912/227 1688/1911/1688 228/1910/228
f 227/1912/227 1689/1913/1689 1688/1911/1688
f 227/1912/227 1684/1902/1684 1689/1913/1689
f 1689/1913/1689 1684/1902/1684 1681/1899/1681
f 1689/1913/1689 1681/1899/1681 1690/1914/1690
f 1681/1899/1681 1683/1901/1683 1690/1914/1690
f 1683/1901/1683 1691/1915/1691 1690/1914/1690
f 1683/1901/1683 1686/1906/1686 1691/1915/1691
f 1686/1906/1686 1687/1908/1687 1691/1915/1691
f 1687/1908/1687 1688/1911/1688 1691/1915/1691
f 1688/1911/1688 1690/1914/1690 1691/1915/1691
f 1688/1911/1688 1689/1913/1689 1690/1914/1690
f 1692/1916/1692 1684/1902/1684 226/1917/226
f 1684/1902/1684 227/1912/227 226/1917/226
f 1684/1902/1684 1692/1916/1692 1685/1903/1685
f 1685/1903/1685 1692/1916/1692 1693/1918/1693
f 1693/1918/1693 1692/1916/1692 226/1917/226
f 133/1919/133 1693/1918/1693 226/1917/226
f 133/1919/133 1694/1920/1694 1693/1918/1693
f 133/1919/133 1695/1921/1695 1694/1920/1694
f 1695/1921/1695 1696/1922/1696 1694/1920/1694
f 1696/1922/1696 1697/1923/1697 1694/1920/1694
f 1696/1922/1696 1698/1924/1698 1697/1923/1697
f 1697/1923/1697 1698/1924/1698 1693/1918/1693
f 1685/1903/1685 1693/1918/1693 1698/1924/1698
f 137/1904/137 1685/1903/1685 1698/1924/1698
f 136/1925/136 137/1904/137 1698/1924/1698
f 1696/1922/1696 136/1925/136 1698/1924/1698
f 1696/1922/1696 133/1926/133 136/1925/136
f 1696/1922/1696 1695/1927/1695 133/1926/133
f 1697/1923/1697 1693/1918/1693 1694/1920/1694
f 1699/1928/1699 1700/1929/1700 1701/1930/1701
f 1702/1931/1702 1703/1932/1703 1704/1933/1704
f 1705/1934/1705 1703/1932/1703 1702/1931/1702
f 1705/1934/1705 1706/1935/1706 1703/1932/1703
f 1707/1936/1707 1706/1935/1706 1705/1934/1705
f 1707/1936/1707 1708/1937/1708 1706/1935/1706
f 1709/1938/1709 1708/1937/1708 1707/1936/1707
f 1709/1938/1709 1710/1939/1710 1708/1937/1708
f 1711/1940/1711 1710/1939/1710 1709/1938/1709
f 1711/1940/1711 1712/1941/1712 1710/1939/1710
f 1713/1942/1713 1712/1941/1712 1711/1940/1711
f 1713/1942/1713 1701/1930/1701 1712/1941/1712
f 1714/1943/1714 1701/1930/1701 1713/1942/1713
f 1714/1943/1714 1699/1928/1699 1701/1930/1701
f 1715/1944/1715 1699/1928/1699 1714/1943/1714
f 1715/1944/1715 1716/1945/1716 1699/1928/1699
f 1716/1945/1716 1715/1944/1715 1517/1946/1517
f 1227/1947/1227 1716/1945/1716 1517/1946/1517
f 316/1948/316 1714/1943/1714 1713/1942/1713
f 316/1948/316 1715/1944/1715 1714/1943/1714
f 316/1948/316 1717/1949/1717 1715/1944/1715
f 1717/1949/1717 1718/1950/1718 1715/1944/1715
f 1715/1944/1715 1718/1950/1718 1517/1946/1517
f 1718/1950/1718 1520/1951/1520 1517/1946/1517
f 316/1948/316 1713/1942/1713 317/1952/317
f 1719/1953/1719 317/1952/317 1713/1942/1713
f 1719/1953/1719 1713/1942/1713 1711/1940/1711
f 1720/1954/1720 1719/1953/1719 1711/1940/1711
f 1720/1954/1720 1711/1940/1711 1709/1938/1709
f 1721/1955/1721 1720/1954/1720 1709/1938/1709
f 1721/1955/1721 1709/1938/1709 1707/1936/1707
f 1722/1956/1722 1721/1955/1721 1707/1936/1707
f 1722/1956/1722 1707/1936/1707 1705/1934/1705
f 1723/1957/1723 1722/1956/1722 1705/1934/1705
f 1723/1957/1723 1705/1934/1705 1702/1931/1702
f 1724/1958/1724 1723/1957/1723 1702/1931/1702
f 1724/1958/1724 1702/1931/1702 1725/1959/1725
f 1726/1960/1726 1724/1958/1724 1725/1959/1725
f 1726/1960/1726 1725/1959/1725 1727/1961/1727
f 1725/1959/1725 1728/1962/1728 1727/1961/1727
f 1725/1959/1725 1704/1933/1704 1728/1962/1728
f 1702/1931/1702 1704/1933/1704 1725/1959/1725
f 1729/1963/1729 1730/1964/1730 1731/1965/1731
f 1731/1965/1731 1730/1964/1730 1732/1966/1732
f 1730/1964/1730 1733/1967/1733 1732/1966/1732
f 1734/1968/1734 1732/1966/1732 1733/1967/1733
f 1734/1968/1734 1735/1969/1735 1732/1966/1732
f 1735/1969/1735 1731/1965/1731 1732/1966/1732
f 1736/1970/1736 1737/1971/1737 1729/1963/1729
f 1729/1963/1729 1731/1965/1731 1736/1970/1736
f 1738/1972/1738 1736/1970/1736 1731/1965/1731
f 1735/1969/1735 1738/1972/1738 1731/1965/1731
f 1739/1973/1739 1738/1972/1738 1735/1969/1735
f 1740/1974/1740 1739/1973/1739 1735/1969/1735
f 1741/1975/1741 1739/1973/1739 1740/1974/1740
f 1741/1975/1741 1740/1974/1740 1742/1976/1742
f 1742/1976/1742 1743/1977/1743 1741/1975/1741
f 1742/1976/1742 1744/1978/1744 1743/1977/1743
f 1745/1979/1745 1743/1977/1743 1744/1978/1744
f 1746/1980/1746 1745/1979/1745 1744/1978/1744
f 1745/1979/1745 1746/1980/1746 1747/1981/1747
f 1748/1982/1748 1747/1981/1747 1746/1980/1746
f 1747/1981/1747 1748/1982/1748 1749/1983/1749
f 1749/1983/1749 1748/1982/1748 1750/1984/1750
f 1748/1982/1748 1751/1985/1751 1750/1984/1750
f 1750/1984/1750 1751/1985/1751 1752/1986/1752
f 1742/1976/1742 1753/1987/1753 1744/1978/1744
f 1746/1980/1746 1744/1978/1744 1753/1987/1753
f 1754/1988/1754 1740/1974/1740 1755/1989/1755
f 1756/1990/1756 1755/1989/1755 1740/1974/1740
f 1756/1990/1756 1740/1974/1740 1735/1969/1735
f 1757/1991/1757 1746/1980/1746 1753/1987/1753
f 1757/1991/1757 1753/1987/1753 1758/1992/1758
f 1742/1976/1742 1758/1992/1758 1753/1987/1753
f 1740/1974/1740 1758/1992/1758 1742/1976/1742
f 1740/1974/1740 1759/1993/1759 1758/1992/1758
f 1759/1993/1759 1740/1974/1740 1754/1988/1754
f 1760/1994/1760 1759/1993/1759 1754/1988/1754
f 1760/1994/1760 1754/1988/1754 1755/1989/1755
f 1760/1994/1760 1755/1989/1755 1761/1995/1761
f 1755/1989/1755 1756/1990/1756 1761/1995/1761
f 1761/1995/1761 1756/1990/1756 1762/1996/1762
f 1762/1996/1762 1756/1990/1756 1735/1969/1735
f 1762/1996/1762 1735/1969/1735 1763/1997/1763
f 1735/1969/1735 1734/1968/1734 1763/1997/1763
f 1734/1968/1734 1764/1998/1764 1763/1997/1763
f 1296/1999/1296 1764/1998/1764 1734/1968/1734
f 1296/1999/1296 1765/2000/1765 1764/1998/1764
f 1296/1999/1296 1294/2001/1294 1765/2000/1765
f 1294/2001/1294 1766/2002/1766 1765/2000/1765
f 1294/2001/1294 1767/2003/1767 1766/2002/1766
f 1768/2004/1768 1766/2002/1766 1767/2003/1767
f 1760/1994/1760 1768/2004/1768 1767/2003/1767
f 1768/2004/1768 1760/1994/1760 1761/1995/1761
f 1769/2005/1769 1768/2004/1768 1761/1995/1761
f 1769/2005/1769 1761/1995/1761 1762/1996/1762
f 1769/2005/1769 1762/1996/1762 1763/1997/1763
f 1769/2005/1769 1763/1997/1763 1764/1998/1764
f 1765/2000/1765 1769/2005/1769 1764/1998/1764
f 1765/2000/1765 1766/2002/1766 1769/2005/1769
f 1768/2004/1768 1769/2005/1769 1766/2002/1766
f 1760/1994/1760 1767/2003/1767 1770/2006/1770
f 1294/2001/1294 1293/2007/1293 1767/2003/1767
f 1293/2007/1293 1770/2006/1770 1767/2003/1767
f 1293/2007/1293 1290/2008/1290 1770/2006/1770
f 1290/2008/1290 1287/2009/1287 1770/2006/1770
f 1760/1994/1760 1771/2010/1771 1759/1993/1759
f 1770/2006/1770 1771/2010/1771 1760/1994/1760
f 1770/2006/1770 1772/2011/1772 1771/2010/1771
f 1770/2006/1770 1287/2009/1287 1772/2011/1772
f 1772/2011/1772 1287/2009/1287 1286/2012/1286
f 1772/2011/1772 1286/2012/1286 1279/2013/1279
f 1276/2014/1276 1773/2015/1773 1278/2016/1278
f 1773/2015/1773 1279/2013/1279 1278/2016/1278
f 1773/2015/1773 1772/2011/1772 1279/2013/1279
f 1774/2017/1774 1772/2011/1772 1773/2015/1773
f 1774/2017/1774 1771/2010/1771 1772/2011/1772
f 1775/2018/1775 1771/2010/1771 1774/2017/1774
f 1775/2018/1775 1759/1993/1759 1771/2010/1771
f 1776/2019/1776 1759/1993/1759 1775/2018/1775
f 1776/2019/1776 1758/1992/1758 1759/1993/1759
f 1757/1991/1757 1758/1992/1758 1776/2019/1776
f 1777/2020/1777 1276/2014/1276 1267/2021/1267
f 1276/2014/1276 1777/2020/1777 1773/2015/1773
f 1773/2015/1773 1777/2020/1777 1778/2022/1778
f 1773/2015/1773 1778/2022/1778 1774/2017/1774
f 1774/2017/1774 1778/2022/1778 1779/2023/1779
f 1774/2017/1774 1779/2023/1779 1775/2018/1775
f 1775/2018/1775 1779/2023/1779 937/2024/937
f 1775/2018/1775 937/2024/937 951/2025/951
f 949/2026/949 1775/2018/1775 951/2025/951
f 949/2026/949 1776/2019/1776 1775/2018/1775
f 1780/2027/1780 1776/2019/1776 949/2026/949
f 1780/2027/1780 1757/1991/1757 1776/2019/1776
f 1780/2027/1780 1781/2028/1781 1757/1991/1757
f 1781/2028/1781 1782/2029/1782 1757/1991/1757
f 1781/2028/1781 1751/1985/1751 1782/2029/1782
f 1748/1982/1748 1782/2029/1782 1751/1985/1751
f 1748/1982/1748 1746/1980/1746 1782/2029/1782
f 1757/1991/1757 1782/2029/1782 1746/1980/1746
f 1780/2027/1780 949/2026/949 938/2030/938
f 937/2024/937 1780/2027/1780 938/2030/938
f 937/2024/937 1779/2023/1779 1780/2027/1780
f 1777/2020/1777 1783/2031/1783 1778/2022/1778
f 1783/2031/1783 1779/2023/1779 1778/2022/1778
f 1783/2031/1783 1784/2032/1784 1779/2023/1779
f 1779/2023/1779 1784/2032/1784 1785/2033/1785
f 1779/2023/1779 1785/2033/1785 1780/2027/1780
f 1785/2033/1785 1781/2028/1781 1780/2027/1780
f 1752/1986/1752 1751/1985/1751 1781/2028/1781
f 1752/1986/1752 1781/2028/1781 1786/2034/1786
f 1785/2033/1785 1786/2034/1786 1781/2028/1781
f 1786/2034/1786 1785/2033/1785 1787/2035/1787
f 1787/2035/1787 1785/2033/1785 1784/2032/1784
f 1787/2035/1787 1784/2032/1784 1788/2036/1788
f 1784/2032/1784 1789/2037/1789 1788/2036/1788
f 1784/2032/1784 1783/2031/1783 1789/2037/1789
f 1789/2037/1789 1783/2031/1783 1790/2038/1790
f 1777/2020/1777 1790/2038/1790 1783/2031/1783
f 1791/2039/1791 1790/2038/1790 1777/2020/1777
f 1777/2020/1777 1267/2021/1267 1791/2039/1791
f 1792/2040/1792 1791/2039/1791 1267/2021/1267
f 1792/2040/1792 1267/2021/1267 1263/2041/1263
f 1792/2040/1792 1263/2041/1263 1262/2042/1262
f 1792/2040/1792 1262/2042/1262 1793/2043/1793
f 1262/2042/1262 1265/2044/1265 1793/2043/1793
f 1265/2044/1265 1273/2045/1273 1793/2043/1793
f 1794/2046/1794 1791/2039/1791 1792/2040/1792
f 1795/2047/1795 1752/1986/1752 1786/2034/1786
f 1786/2034/1786 1787/2035/1787 1795/2047/1795
f 1791/2039/1791 1796/2048/1796 1790/2038/1790
f 1797/2049/1797 1796/2048/1796 1791/2039/1791
f 1794/2046/1794 1797/2049/1797 1791/2039/1791
f 1794/2046/1794 1798/2050/1798 1797/2049/1797
f 1794/2046/1794 1799/2051/1799 1798/2050/1798
f 1799/2051/1799 1794/2046/1794 1800/2052/1800
f 1792/2040/1792 1800/2052/1800 1794/2046/1794
f 1792/2040/1792 1793/2043/1793 1800/2052/1800
f 1800/2052/1800 1793/2043/1793 1801/2053/1801
f 1800/2052/1800 1801/2053/1801 1802/2054/1802
f 1803/2055/1803 1802/2054/1802 1801/2053/1801
f 1803/2055/1803 1804/2056/1804 1802/2054/1802
f 1793/2043/1793 1273/2045/1273 1801/2053/1801
f 1801/2053/1801 1273/2045/1273 1284/2057/1284
f 1801/2053/1801 1284/2057/1284 1298/2058/1298
f 1801/2053/1801 1298/2058/1298 1803/2055/1803
f 1298/2058/1298 289/2059/289 1803/2055/1803
f 288/2060/288 1803/2055/1803 289/2059/289
f 288/2060/288 1804/2056/1804 1803/2055/1803
f 288/2060/288 1805/2061/1805 1804/2056/1804
f 1805/2061/1805 1802/2054/1802 1804/2056/1804
f 1805/2061/1805 1806/2062/1806 1802/2054/1802
f 1800/2052/1800 1802/2054/1802 1806/2062/1806
f 1800/2052/1800 1806/2062/1806 1807/2063/1807
f 1799/2051/1799 1800/2052/1800 1807/2063/1807
f 1799/2051/1799 1807/2063/1807 1808/2064/1808
f 1799/2051/1799 1808/2064/1808 1809/2065/1809
f 1799/2051/1799 1809/2065/1809 1810/2066/1810
f 1799/2051/1799 1810/2066/1810 1811/2067/1811
f 1799/2051/1799 1811/2067/1811 1798/2050/1798
f 1807/2063/1807 1812/2068/1812 1808/2064/1808
f 1807/2063/1807 1806/2062/1806 1812/2068/1812
f 1806/2062/1806 1813/2069/1813 1812/2068/1812
f 1806/2062/1806 1814/2070/1814 1813/2069/1813
f 1806/2062/1806 1805/2061/1805 1814/2070/1814
f 1814/2070/1814 1805/2061/1805 276/2071/276
f 288/2060/288 276/2071/276 1805/2061/1805
f 1815/2072/1815 1798/2050/1798 1811/2067/1811
f 1815/2072/1815 1811/2067/1811 1816/2073/1816
f 1816/2073/1816 1817/2074/1817 1815/2072/1815
f 1816/2073/1816 1818/2075/1818 1817/2074/1817
f 1818/2075/1818 1819/2076/1819 1817/2074/1817
f 1819/2076/1819 1818/2075/1818 1820/2077/1820
f 1819/2076/1819 1820/2077/1820 1821/2078/1821
f 1819/2076/1819 1821/2078/1821 1822/2079/1822
f 1823/2080/1823 1819/2076/1819 1822/2079/1822
f 1824/2081/1824 1823/2080/1823 1822/2079/1822
f 1825/2082/1825 1823/2080/1823 1824/2081/1824
f 1825/2082/1825 1826/2083/1826 1823/2080/1823
f 279/2084/279 1826/2083/1826 1825/2082/1825
f 279/2084/279 1827/2085/1827 1826/2083/1826
f 279/2084/279 280/2086/280 1827/2085/1827
f 1828/2087/1828 1826/2083/1826 1827/2085/1827
f 1828/2087/1828 1823/2080/1823 1826/2083/1826
f 1823/2080/1823 1828/2087/1828 1829/2088/1829
f 1823/2080/1823 1829/2088/1829 1819/2076/1819
f 1830/2089/1830 1819/2076/1819 1829/2088/1829
f 1830/2089/1830 1817/2074/1817 1819/2076/1819
f 1817/2074/1817 1830/2089/1830 1831/2090/1831
f 1817/2074/1817 1831/2090/1831 1815/2072/1815
f 1832/2091/1832 1833/2092/1833 1834/2093/1834
f 1835/2094/1835 1832/2091/1832 1834/2093/1834
f 1835/2094/1835 1834/2093/1834 1836/2095/1836
f 1836/2095/1836 1837/2096/1837 1835/2094/1835
f 1836/2095/1836 1838/2097/1838 1837/2096/1837
f 278/2098/278 1837/2096/1837 1838/2097/1838
f 278/2098/278 1838/2097/1838 284/2099/284
f 285/2100/285 284/2099/284 1838/2097/1838
f 280/2086/280 285/2100/285 1838/2097/1838
f 280/2086/280 1838/2097/1838 1836/2095/1836
f 1827/2085/1827 280/2086/280 1836/2095/1836
f 1827/2085/1827 1836/2095/1836 1834/2093/1834
f 1827/2085/1827 1834/2093/1834 1833/2092/1833
f 1827/2085/1827 1833/2092/1833 1828/2087/1828
f 1828/2087/1828 1833/2092/1833 1839/2101/1839
f 1828/2087/1828 1839/2101/1839 1829/2088/1829
f 1840/2102/1840 1829/2088/1829 1839/2101/1839
f 1840/2102/1840 1830/2089/1830 1829/2088/1829
f 1840/2102/1840 1100/2103/1100 1841/2104/1841
f 1840/2102/1840 1099/2105/1099 1100/2103/1100
f 1098/2106/1098 1099/2105/1099 1840/2102/1840
f 1833/2092/1833 1842/2107/1842 1839/2101/1839
f 1843/2108/1843 1839/2101/1839 1842/2107/1842
f 1843/2108/1843 1840/2102/1840 1839/2101/1839
f 1098/2106/1098 1840/2102/1840 1843/2108/1843
f 1844/2109/1844 1098/2106/1098 1843/2108/1843
f 1844/2109/1844 1097/2110/1097 1098/2106/1098
f 1100/2103/1100 1097/2110/1097 1844/2109/1844
f 1100/2103/1100 1844/2109/1844 1841/2104/1841
f 1841/2104/1841 1844/2109/1844 1845/2111/1845
f 1841/2104/1841 1845/2111/1845 1846/2112/1846
f 1847/2113/1847 1846/2112/1846 1845/2111/1845
f 1847/2113/1847 1848/2114/1848 1846/2112/1846
f 1849/2115/1849 1848/2114/1848 1847/2113/1847
f 1850/2116/1850 1848/2114/1848 1849/2115/1849
f 1851/2117/1851 1850/2116/1850 1849/2115/1849
f 1851/2117/1851 1852/2118/1852 1850/2116/1850
f 1853/2119/1853 1852/2118/1852 1851/2117/1851
f 1853/2119/1853 1854/2120/1854 1852/2118/1852
f 1846/2112/1846 1848/2114/1848 1855/2121/1855
f 1850/2116/1850 1855/2121/1855 1848/2114/1848
f 1856/2122/1856 1851/2117/1851 1849/2115/1849
f 1849/2115/1849 1847/2113/1847 1856/2122/1856
f 1856/2122/1856 1847/2113/1847 1857/2123/1857
f 1858/2124/1858 1857/2123/1857 1847/2113/1847
f 1858/2124/1858 1847/2113/1847 1845/2111/1845
f 1859/2125/1859 1843/2108/1843 1842/2107/1842
f 1844/2109/1844 1843/2108/1843 1859/2125/1859
f 1844/2109/1844 1859/2125/1859 1860/2126/1860
f 1845/2111/1845 1844/2109/1844 1860/2126/1860
f 1845/2111/1845 1860/2126/1860 1858/2124/1858
f 1861/2127/1861 1858/2124/1858 1860/2126/1860
f 1857/2123/1857 1858/2124/1858 1861/2127/1861
f 1857/2123/1857 1861/2127/1861 1862/2128/1862
f 1856/2122/1856 1857/2123/1857 1862/2128/1862
f 1862/2128/1862 1863/2129/1863 1856/2122/1856
f 1856/2122/1856 1863/2129/1863 1851/2117/1851
f 1863/2129/1863 1853/2119/1853 1851/2117/1851
f 1861/2127/1861 1860/2126/1860 1864/2130/1864
f 1860/2126/1860 1865/2131/1865 1864/2130/1864
f 1860/2126/1860 1859/2125/1859 1865/2131/1865
f 1853/2119/1853 1866/2132/1866 1867/2133/1867
f 1853/2119/1853 1868/2134/1868 1866/2132/1866
f 1863/2129/1863 1868/2134/1868 1853/2119/1853
f 1868/2134/1868 1863/2129/1863 1869/2135/1869
f 1862/2128/1862 1869/2135/1869 1863/2129/1863
f 1870/2136/1870 1869/2135/1869 1862/2128/1862
f 1870/2136/1870 1862/2128/1862 1861/2127/1861
f 1871/2137/1871 1870/2136/1870 1861/2127/1861
f 1871/2137/1871 1861/2127/1861 1864/2130/1864
f 1872/2138/1872 1871/2137/1871 1864/2130/1864
f 1872/2138/1872 1864/2130/1864 1865/2131/1865
f 1872/2138/1872 1865/2131/1865 1873/2139/1873
f 1859/2125/1859 1873/2139/1873 1865/2131/1865
f 1859/2125/1859 1874/2140/1874 1873/2139/1873
f 1859/2125/1859 1842/2107/1842 1874/2140/1874
f 1875/2141/1875 1874/2140/1874 1842/2107/1842
f 1833/2092/1833 1875/2141/1875 1842/2107/1842
f 1832/2091/1832 1875/2141/1875 1833/2092/1833
f 1872/2138/1872 1873/2139/1873 1876/2142/1876
f 1876/2142/1876 1877/2143/1877 1872/2138/1872
f 1877/2143/1877 1871/2137/1871 1872/2138/1872
f 1877/2143/1877 1878/2144/1878 1871/2137/1871
f 1870/2136/1870 1871/2137/1871 1878/2144/1878
f 1870/2136/1870 1878/2144/1878 1879/2145/1879
f 1879/2145/1879 1869/2135/1869 1870/2136/1870
f 1879/2145/1879 1880/2146/1880 1869/2135/1869
f 1876/2142/1876 1881/2147/1881 1877/2143/1877
f 1882/2148/1882 1883/2149/1883 1881/2147/1881
f 1883/2149/1883 1877/2143/1877 1881/2147/1881
f 1883/2149/1883 1884/2150/1884 1877/2143/1877
f 1884/2150/1884 1878/2144/1878 1877/2143/1877
f 1868/2134/1868 1869/2135/1869 1880/2146/1880
f 1868/2134/1868 1880/2146/1880 1885/2151/1885
f 1885/2151/1885 1880/2146/1880 1879/2145/1879
f 1885/2151/1885 1879/2145/1879 1886/2152/1886
f 1878/2144/1878 1886/2152/1886 1879/2145/1879
f 1878/2144/1878 1887/2153/1887 1886/2152/1886
f 1884/2150/1884 1887/2153/1887 1878/2144/1878
f 1255/2154/1255 1887/2153/1887 1884/2150/1884
f 1255/2154/1255 1884/2150/1884 1883/2149/1883
f 1255/2154/1255 1883/2149/1883 1254/2155/1254
f 1883/2149/1883 1260/2156/1260 1254/2155/1254
f 1883/2149/1883 1882/2148/1882 1260/2156/1260
f 268/2157/268 1260/2156/1260 1882/2148/1882
f 268/2157/268 1882/2148/1882 1888/2158/1888
f 1888/2158/1888 269/2159/269 268/2157/268
f 1888/2158/1888 278/2098/278 269/2159/269
f 1837/2096/1837 278/2098/278 1888/2158/1888
f 1837/2096/1837 1888/2158/1888 1889/2160/1889
f 1255/2154/1255 1256/2161/1256 1887/2153/1887
f 1887/2153/1887 1256/2161/1256 1257/2162/1257
f 1887/2153/1887 1257/2162/1257 1886/2152/1886
f 1258/2163/1258 1886/2152/1886 1257/2162/1257
f 1258/2163/1258 1885/2151/1885 1886/2152/1886
f 1258/2163/1258 1866/2132/1866 1885/2151/1885
f 1868/2134/1868 1885/2151/1885 1866/2132/1866
f 1258/2163/1258 1259/2164/1259 1866/2132/1866
f 1835/2094/1835 1837/2096/1837 1889/2160/1889
f 1835/2094/1835 1889/2160/1889 1890/2165/1890
f 1832/2091/1832 1835/2094/1835 1890/2165/1890
f 1832/2091/1832 1890/2165/1890 1891/2166/1891
f 1875/2141/1875 1832/2091/1832 1891/2166/1891
f 1875/2141/1875 1891/2166/1891 1892/2167/1892
f 1875/2141/1875 1892/2167/1892 1874/2140/1874
f 1873/2139/1873 1874/2140/1874 1892/2167/1892
f 1873/2139/1873 1892/2167/1892 1893/2168/1893
f 1893/2168/1893 1876/2142/1876 1873/2139/1873
f 1893/2168/1893 1894/2169/1894 1876/2142/1876
f 1881/2147/1881 1876/2142/1876 1894/2169/1894
f 1881/2147/1881 1894/2169/1894 1895/2170/1895
f 1882/2148/1882 1881/2147/1881 1895/2170/1895
f 1888/2158/1888 1882/2148/1882 1895/2170/1895
f 1888/2158/1888 1895/2170/1895 1889/2160/1889
f 1894/2169/1894 1889/2160/1889 1895/2170/1895
f 1894/2169/1894 1890/2165/1890 1889/2160/1889
f 1890/2165/1890 1894/2169/1894 1893/2168/1893
f 1893/2168/1893 1891/2166/1891 1890/2165/1890
f 1893/2168/1893 1892/2167/1892 1891/2166/1891
f 1896/2171/1896 1897/2172/1897 1898/2173/1898
f 1899/2174/1899 1896/2171/1896 1898/2173/1898
f 1900/2175/1900 1899/2174/1899 1898/2173/1898
f 1900/2175/1900 1901/2176/1901 1899/2174/1899
f 1902/2177/1902 1901/2176/1901 1900/2175/1900
f 1902/2177/1902 1903/2178/1903 1901/2176/1901
f 1903/2178/1903 1902/2177/1902 1904/2179/1904
f 1903/2178/1903 1904/2179/1904 1905/2180/1905
f 1905/2180/1905 1904/2179/1904 1906/2181/1906
f 1905/2180/1905 1906/2181/1906 1907/2182/1907
f 1908/2183/1908 1907/2182/1907 1906/2181/1906
f 1908/2183/1908 1909/2184/1909 1907/2182/1907
f 1908/2183/1908 1910/2185/1910 1909/2184/1909
f 1247/2186/1247 1909/2184/1909 1910/2185/1910
f 1247/2186/1247 1910/2185/1910 1911/2187/1911
f 1259/2164/1259 1247/2186/1247 1911/2187/1911
f 1259/2164/1259 1911/2187/1911 1867/2133/1867
f 1866/2132/1866 1259/2164/1259 1867/2133/1867
f 1900/2175/1900 1898/2173/1898 1897/2172/1897
f 1900/2175/1900 1897/2172/1897 1912/2188/1912
f 1912/2188/1912 1902/2177/1902 1900/2175/1900
f 1912/2188/1912 1913/2189/1913 1902/2177/1902
f 1902/2177/1902 1913/2189/1913 1914/2190/1914
f 1902/2177/1902 1914/2190/1914 1904/2179/1904
f 1915/2191/1915 1904/2179/1904 1914/2190/1914
f 1906/2181/1906 1904/2179/1904 1915/2191/1915
f 1867/2133/1867 1854/2120/1854 1853/2119/1853
f 1867/2133/1867 1911/2187/1911 1854/2120/1854
f 1911/2187/1911 1916/2192/1916 1854/2120/1854
f 1911/2187/1911 1910/2185/1910 1916/2192/1916
f 1908/2183/1908 1916/2192/1916 1910/2185/1910
f 1917/2193/1917 1916/2192/1916 1908/2183/1908
f 1917/2193/1917 1908/2183/1908 1906/2181/1906
f 1917/2193/1917 1906/2181/1906 1918/2194/1918
f 1906/2181/1906 1915/2191/1915 1918/2194/1918
f 1919/2195/1919 1918/2194/1918 1915/2191/1915
f 1914/2190/1914 1919/2195/1919 1915/2191/1915
f 1914/2190/1914 1920/2196/1920 1919/2195/1919
f 1913/2189/1913 1920/2196/1920 1914/2190/1914
f 1913/2189/1913 1921/2197/1921 1920/2196/1920
f 1922/2198/1922 1921/2197/1921 1913/2189/1913
f 1922/2198/1922 1913/2189/1913 1912/2188/1912
f 1923/2199/1923 1922/2198/1922 1912/2188/1912
f 1923/2199/1923 1912/2188/1912 1897/2172/1897
f 1919/2195/1919 1924/2200/1924 1918/2194/1918
f 1924/2200/1924 1917/2193/1917 1918/2194/1918
f 1924/2200/1924 1925/2201/1925 1917/2193/1917
f 1926/2202/1926 1841/2104/1841 1846/2112/1846
f 1846/2112/1846 1855/2121/1855 1926/2202/1926
f 1855/2121/1855 1927/2203/1927 1926/2202/1926
f 1855/2121/1855 1928/2204/1928 1927/2203/1927
f 1928/2204/1928 1855/2121/1855 1850/2116/1850
f 1928/2204/1928 1850/2116/1850 1929/2205/1929
f 1852/2118/1852 1929/2205/1929 1850/2116/1850
f 1852/2118/1852 1930/2206/1930 1929/2205/1929
f 1930/2206/1930 1852/2118/1852 1854/2120/1854
f 1916/2192/1916 1930/2206/1930 1854/2120/1854
f 1916/2192/1916 1931/2207/1931 1930/2206/1930
f 1917/2193/1917 1931/2207/1931 1916/2192/1916
f 1932/2208/1932 1931/2207/1931 1917/2193/1917
f 1932/2208/1932 1917/2193/1917 1925/2201/1925
f 1933/2209/1933 1932/2208/1932 1925/2201/1925
f 1933/2209/1933 1925/2201/1925 1924/2200/1924
f 1933/2209/1933 1924/2200/1924 1934/2210/1934
f 1924/2200/1924 1935/2211/1935 1934/2210/1934
f 1924/2200/1924 1919/2195/1919 1935/2211/1935
f 1935/2211/1935 1919/2195/1919 1920/2196/1920
f 1933/2209/1933 1936/2212/1936 1932/2208/1932
f 1934/2210/1934 1937/2213/1937 1933/2209/1933
f 1936/2212/1936 1933/2209/1933 1937/2213/1937
f 1936/2212/1936 1937/2213/1937 1938/2214/1938
f 1927/2203/1927 1936/2212/1936 1938/2214/1938
f 1927/2203/1927 1928/2204/1928 1936/2212/1936
f 1932/2208/1932 1936/2212/1936 1928/2204/1928
f 1932/2208/1932 1928/2204/1928 1929/2205/1929
f 1929/2205/1929 1931/2207/1931 1932/2208/1932
f 1929/2205/1929 1930/2206/1930 1931/2207/1931
f 1830/2089/1830 1840/2102/1840 1841/2104/1841
f 1830/2089/1830 1841/2104/1841 1831/2090/1831
f 1926/2202/1926 1831/2090/1831 1841/2104/1841
f 1815/2072/1815 1831/2090/1831 1926/2202/1926
f 1815/2072/1815 1926/2202/1926 1927/2203/1927
f 1798/2050/1798 1815/2072/1815 1927/2203/1927
f 1798/2050/1798 1927/2203/1927 1938/2214/1938
f 1797/2049/1797 1798/2050/1798 1938/2214/1938
f 1797/2049/1797 1938/2214/1938 1937/2213/1937
f 1797/2049/1797 1937/2213/1937 1796/2048/1796
f 1934/2210/1934 1796/2048/1796 1937/2213/1937
f 1790/2038/1790 1796/2048/1796 1934/2210/1934
f 1790/2038/1790 1934/2210/1934 1935/2211/1935
f 1789/2037/1789 1790/2038/1790 1935/2211/1935
f 1935/2211/1935 1920/2196/1920 1789/2037/1789
f 1920/2196/1920 1788/2036/1788 1789/2037/1789
f 1920/2196/1920 1921/2197/1921 1788/2036/1788
f 1921/2197/1921 1787/2035/1787 1788/2036/1788
f 1921/2197/1921 1922/2198/1922 1787/2035/1787
f 1922/2198/1922 1795/2047/1795 1787/2035/1787
f 1922/2198/1922 1923/2199/1923 1795/2047/1795
f 1795/2047/1795 1923/2199/1923 1752/1986/1752
f 1939/2215/1939 1752/1986/1752 1923/2199/1923
f 1750/1984/1750 1752/1986/1752 1939/2215/1939
f 1939/2215/1939 1940/2216/1940 1750/1984/1750
f 1749/1983/1749 1750/1984/1750 1940/2216/1940
f 1941/2217/1941 1749/1983/1749 1940/2216/1940
f 1942/2218/1942 1749/1983/1749 1941/2217/1941
f 1219/2219/1219 1942/2218/1942 1941/2217/1941
f 1219/2219/1219 1218/2220/1218 1942/2218/1942
f 1942/2218/1942 1218/2220/1218 1224/2221/1224
f 1942/2218/1942 1224/2221/1224 1943/2222/1943
f 876/2223/876 1943/2222/1943 1224/2221/1224
f 876/2223/876 1737/1971/1737 1943/2222/1943
f 1737/1971/1737 876/2223/876 1944/2224/1944
f 1737/1971/1737 1944/2224/1944 1729/1963/1729
f 1939/2215/1939 1923/2199/1923 1897/2172/1897
f 1896/2171/1896 1939/2215/1939 1897/2172/1897
f 1939/2215/1939 1896/2171/1896 1940/2216/1940
f 1940/2216/1940 1896/2171/1896 1945/2225/1945
f 1940/2216/1940 1945/2225/1945 1946/2226/1946
f 1946/2226/1946 1945/2225/1945 1221/2227/1221
f 1946/2226/1946 1221/2227/1221 1220/2228/1220
f 1219/2219/1219 1946/2226/1946 1220/2228/1220
f 1219/2219/1219 1941/2217/1941 1946/2226/1946
f 1941/2217/1941 1940/2216/1940 1946/2226/1946
f 1222/2229/1222 1221/2227/1221 1945/2225/1945
f 1247/2186/1247 1188/2230/1188 1909/2184/1909
f 1187/2231/1187 1909/2184/1909 1188/2230/1188
f 1187/2231/1187 1907/2182/1907 1909/2184/1909
f 1187/2231/1187 1905/2180/1905 1907/2182/1907
f 1223/2232/1223 1905/2180/1905 1187/2231/1187
f 1223/2232/1223 1903/2178/1903 1905/2180/1905
f 1901/2176/1901 1903/2178/1903 1223/2232/1223
f 1222/2229/1222 1901/2176/1901 1223/2232/1223
f 1222/2229/1222 1899/2174/1899 1901/2176/1901
f 1222/2229/1222 1945/2225/1945 1899/2174/1899
f 1899/2174/1899 1945/2225/1945 1896/2171/1896
f 1021/2233/1021 1578/2234/1578 1655/2235/1655
f 1578/2234/1578 1021/2233/1021 1017/2236/1017
f 1648/2237/1648 1551/2238/1551 1550/2239/1550
f 1661/2240/1661 1648/2237/1648 1550/2239/1550
f 1661/2240/1661 1550/2239/1550 1549/2241/1549
f 1660/2242/1660 1661/2240/1661 1549/2241/1549
f 1660/2242/1660 1549/2241/1549 1548/2243/1548
f 1552/2244/1552 1660/2242/1660 1548/2243/1548
f 1552/2244/1552 1657/2245/1657 1660/2242/1660
f 1655/2235/1655 1657/2245/1657 1552/2244/1552
f 1655/2235/1655 1552/2244/1552 1554/2246/1554
f 1021/2233/1021 1655/2235/1655 1554/2246/1554
f 71/2247/71 1021/2233/1021 1554/2246/1554
f 71/2247/71 1554/2246/1554 72/2248/72
f 1947/2249/1947 1948/2250/1948 1591/2251/1591
f 1592/2252/1592 1591/2251/1591 1948/2250/1948
f 1592/2252/1592 1948/2250/1948 1949/2253/1949
f 1950/2254/1950 1592/2252/1592 1949/2253/1949
f 1950/2254/1950 1949/2253/1949 882/2255/882
f 1950/2254/1950 882/2255/882 881/2256/881
f 880/2257/880 1950/2254/1950 881/2256/881
f 1950/2254/1950 880/2257/880 879/2258/879
f 1950/2254/1950 879/2258/879 848/2259/848
f 1950/2254/1950 848/2259/848 1951/2260/1951
f 848/2259/848 850/2261/850 1951/2260/1951
f 1951/2260/1951 850/2261/850 865/2262/865
f 1951/2260/1951 865/2262/865 1225/2263/1225
f 1642/2264/1642 1951/2260/1951 1225/2263/1225
f 1642/2264/1642 1225/2263/1225 1226/2265/1226
f 1551/2238/1551 1642/2264/1642 1226/2265/1226
f 1551/2238/1551 1643/2266/1643 1642/2264/1642
f 1648/2237/1648 1643/2266/1643 1551/2238/1551
f 1950/2254/1950 1641/2267/1641 1592/2252/1592
f 1950/2254/1950 1640/2268/1640 1641/2267/1641
f 1950/2254/1950 1951/2260/1951 1640/2268/1640
f 1642/2264/1642 1640/2268/1640 1951/2260/1951
f 1949/2253/1949 883/2269/883 882/2255/882
f 1949/2253/1949 875/2270/875 883/2269/883
f 875/2270/875 1944/2271/1944 876/2272/876
f 875/2270/875 1952/2273/1952 1944/2271/1944
f 1949/2253/1949 1952/2273/1952 875/2270/875
f 1949/2253/1949 1953/2274/1953 1952/2273/1952
f 1949/2253/1949 1948/2250/1948 1953/2274/1953
f 1953/2274/1953 1948/2250/1948 1947/2249/1947
f 1952/2273/1952 1729/2275/1729 1944/2271/1944
f 1954/2276/1954 1955/2277/1955 1947/2249/1947
f 1953/2274/1953 1947/2249/1947 1955/2277/1955
f 1956/2278/1956 1953/2274/1953 1955/2277/1955
f 1953/2274/1953 1956/2278/1956 1957/2279/1957
f 1953/2274/1953 1957/2279/1957 1952/2273/1952
f 1957/2279/1957 1958/2280/1958 1952/2273/1952
f 1957/2279/1957 1959/2281/1959 1958/2280/1958
f 1952/2273/1952 1958/2280/1958 1729/2275/1729
f 1729/2275/1729 1958/2280/1958 1959/2281/1959
f 1729/2275/1729 1959/2281/1959 1730/2282/1730
f 1733/2283/1733 1730/2282/1730 1959/2281/1959
f 1960/2284/1960 1733/2283/1733 1959/2281/1959
f 1960/2284/1960 1959/2281/1959 1957/2279/1957
f 1957/2279/1957 295/297/295 1960/2284/1960
f 1957/2279/1957 1956/2278/1956 295/297/295
f 295/297/295 1956/2278/1956 297/299/297
f 1956/2278/1956 1955/2277/1955 297/299/297
f 297/299/297 1955/2277/1955 299/301/299
f 1954/2276/1954 299/301/299 1955/2277/1955
f 301/303/301 299/301/299 1954/2276/1954
f 1954/2276/1954 303/305/303 301/303/301
f 1954/2276/1954 1587/2285/1587 303/305/303
f 1947/2249/1947 1587/2285/1587 1954/2276/1954
f 1947/2249/1947 1589/2286/1589 1587/2285/1587
f 1947/2249/1947 1591/2251/1591 1589/2286/1589
f 1734/2287/1734 1733/2283/1733 1960/2284/1960
f 1734/2287/1734 1960/2284/1960 1961/2288/1961
f 289/291/289 1296/2289/1296 291/293/291
f 291/293/291 1296/2289/1296 1734/2287/1734
f 291/293/291 1734/2287/1734 1961/2288/1961
f 293/295/293 291/293/291 1961/2288/1961
f 1960/2284/1960 293/295/293 1961/2288/1961
f 1960/2284/1960 295/297/295 293/295/293
f 442/2290/442 1717/2291/1717 316/2292/316
f 442/2290/442 1962/2293/1962 1717/2291/1717
f 1962/2293/1962 1718/2294/1718 1717/2291/1717
f 1962/2293/1962 1963/2295/1963 1718/2294/1718
f 1520/2296/1520 1718/2294/1718 1963/2295/1963
f 1520/2296/1520 1963/2295/1963 1248/2297/1248
f 1963/2295/1963 1249/2298/1249 1248/2297/1248
f 1963/2295/1963 1964/2299/1964 1249/2298/1249
f 1964/2299/1964 1963/2295/1963 1962/2293/1962
f 1964/2299/1964 1962/2293/1962 1965/2300/1965
f 1962/2293/1962 442/2290/442 1965/2300/1965
f 442/2290/442 1966/2301/1966 1965/2300/1965
f 442/2290/442 441/2302/441 1966/2301/1966
f 441/2302/441 317/2303/317 1719/2304/1719
f 1719/2304/1719 1967/2305/1967 441/2302/441
f 1967/2305/1967 1966/2301/1966 441/2302/441
f 1968/2306/1968 1966/2301/1966 1967/2305/1967
f 1965/2300/1965 1966/2301/1966 1968/2306/1968
f 1968/2306/1968 1969/2307/1969 1965/2300/1965
f 1970/2308/1970 1965/2300/1965 1969/2307/1969
f 1970/2308/1970 1964/2299/1964 1965/2300/1965
f 1971/2309/1971 1964/2299/1964 1970/2308/1970
f 1971/2309/1971 1249/2298/1249 1964/2299/1964
f 1249/2298/1249 1971/2309/1971 1972/2310/1972
f 1249/2298/1249 1972/2310/1972 1973/2311/1973
f 1973/2311/1973 1972/2310/1972 1974/2312/1974
f 1973/2311/1973 1974/2312/1974 1975/2313/1975
f 1249/2298/1249 1973/2311/1973 1250/2314/1250
f 1975/2313/1975 1250/2314/1250 1973/2311/1973
f 1975/2313/1975 1238/2315/1238 1250/2314/1250
f 1236/2316/1236 1238/2315/1238 1975/2313/1975
f 1236/2316/1236 1975/2313/1975 1974/2312/1974
f 1236/2316/1236 1974/2312/1974 1976/2317/1976
f 1972/2310/1972 1976/2317/1976 1974/2312/1974
f 1972/2310/1972 1977/2318/1977 1976/2317/1976
f 1977/2318/1977 1972/2310/1972 1971/2309/1971
f 1977/2318/1977 1971/2309/1971 1978/2319/1978
f 1978/2319/1978 1971/2309/1971 1970/2308/1970
f 1978/2319/1978 1970/2308/1970 1979/2320/1979
f 1979/2320/1979 1970/2308/1970 1969/2307/1969
f 1979/2320/1979 1969/2307/1969 1980/2321/1980
f 1980/2321/1980 1969/2307/1969 1968/2306/1968
f 1980/2321/1980 1968/2306/1968 1981/2322/1981
f 1982/2323/1982 1981/2322/1981 1968/2306/1968
f 1982/2323/1982 1983/2324/1983 1981/2322/1981
f 1981/2322/1981 1984/2325/1984 1980/2321/1980
f 1229/2326/1229 1977/2318/1977 1978/2319/1978
f 1976/2317/1976 1977/2318/1977 1229/2326/1229
f 1976/2317/1976 1229/2326/1229 1235/2327/1235
f 1236/2316/1236 1976/2317/1976 1235/2327/1235
f 1985/2328/1985 1703/2329/1703 1706/2330/1706
f 1986/2331/1986 1985/2328/1985 1706/2330/1706
f 1986/2331/1986 1706/2330/1706 1708/2332/1708
f 1710/2333/1710 1986/2331/1986 1708/2332/1708
f 1710/2333/1710 1987/2334/1987 1986/2331/1986
f 1987/2334/1987 1710/2333/1710 1712/2335/1712
f 1987/2334/1987 1712/2335/1712 1983/2324/1983
f 1983/2324/1983 1712/2335/1712 1701/2336/1701
f 1983/2324/1983 1701/2336/1701 1981/2322/1981
f 1981/2322/1981 1701/2336/1701 1700/2337/1700
f 1981/2322/1981 1700/2337/1700 1984/2325/1984
f 1984/2325/1984 1700/2337/1700 1699/2338/1699
f 1984/2325/1984 1699/2338/1699 1980/2321/1980
f 1980/2321/1980 1699/2338/1699 1716/2339/1716
f 1980/2321/1980 1716/2339/1716 1979/2320/1979
f 1978/2319/1978 1979/2320/1979 1716/2339/1716
f 1978/2319/1978 1716/2339/1716 1227/2340/1227
f 1229/2326/1229 1978/2319/1978 1227/2340/1227
f 1988/2341/1988 1983/2324/1983 1982/2323/1982
f 1988/2341/1988 1987/2334/1987 1983/2324/1983
f 1989/2342/1989 1987/2334/1987 1988/2341/1988
f 1989/2342/1989 1986/2331/1986 1987/2334/1987
f 1990/2343/1990 1986/2331/1986 1989/2342/1989
f 1990/2343/1990 1985/2328/1985 1986/2331/1986
f 1991/2344/1991 1985/2328/1985 1990/2343/1990
f 1991/2344/1991 1992/2345/1992 1985/2328/1985
f 1992/2345/1992 1991/2344/1991 1342/2346/1342
f 1993/2347/1993 1992/2345/1992 1342/2346/1342
f 1304/2348/1304 1993/2347/1993 1342/2346/1342
f 1304/2348/1304 1994/2349/1994 1993/2347/1993
f 1728/2350/1728 1994/2349/1994 1304/2348/1304
f 1993/2347/1993 1994/2349/1994 1728/2350/1728
f 1993/2347/1993 1728/2350/1728 1704/2351/1704
f 1992/2345/1992 1993/2347/1993 1704/2351/1704
f 1992/2345/1992 1704/2351/1704 1703/2329/1703
f 1985/2328/1985 1992/2345/1992 1703/2329/1703
f 1991/2344/1991 1341/2352/1341 1342/2346/1342
f 1341/2352/1341 1991/2344/1991 1343/2353/1343
f 1991/2344/1991 1995/2354/1995 1343/2353/1343
f 1990/2343/1990 1995/2354/1995 1991/2344/1991
f 1990/2343/1990 1996/2355/1996 1995/2354/1995
f 1989/2342/1989 1996/2355/1996 1990/2343/1990
f 1989/2342/1989 1997/2356/1997 1996/2355/1996
f 1988/2341/1988 1997/2356/1997 1989/2342/1989
f 1988/2341/1988 1998/2357/1998 1997/2356/1997
f 1982/2323/1982 1998/2357/1998 1988/2341/1988
f 1982/2323/1982 1967/2305/1967 1998/2357/1998
f 1968/2306/1968 1967/2305/1967 1982/2323/1982
f 1343/2353/1343 1999/2358/1999 2000/2359/2000
f 1995/2354/1995 1999/2358/1999 1343/2353/1343
f 1343/2353/1343 2000/2359/2000 1320/2360/1320
f 2000/2359/2000 1726/2361/1726 1320/2360/1320
f 1726/2361/1726 2000/2359/2000 1999/2358/1999
f 1726/2361/1726 1999/2358/1999 1724/2362/1724
f 1724/2362/1724 1999/2358/1999 1995/2354/1995
f 1724/2362/1724 1995/2354/1995 1723/2363/1723
f 1723/2363/1723 1995/2354/1995 1996/2355/1996
f 1723/2363/1723 1996/2355/1996 1722/2364/1722
f 1722/2364/1722 1996/2355/1996 1997/2356/1997
f 1722/2364/1722 1997/2356/1997 1721/2365/1721
f 1998/2357/1998 1721/2365/1721 1997/2356/1997
f 1998/2357/1998 1720/2366/1720 1721/2365/1721
f 1719/2304/1719 1720/2366/1720 1998/2357/1998
f 1719/2304/1719 1998/2357/1998 1967/2305/1967
f 1726/2361/1726 1727/2367/1727 1320/2360/1320
f 1727/2367/1727 1303/2368/1303 1320/2360/1320
f 1727/2367/1727 1304/2348/1304 1303/2368/1303
f 1727/2367/1727 1728/2350/1728 1304/2348/1304
f 1520/1652/1520 1248/2369/1248 1519/1651/1519
f 1248/2369/1248 2001/2370/2001 1519/1651/1519
f 1248/2369/1248 245/2371/245 2001/2370/2001
f 2001/2370/2001 245/2371/245 243/2372/243
f 2001/2370/2001 243/2372/243 2002/2373/2002
f 243/2372/243 241/2374/241 2002/2373/2002
f 241/2374/241 2003/2375/2003 2002/2373/2002
f 241/2374/241 239/2376/239 2003/2375/2003
f 2003/2375/2003 239/2376/239 238/2377/238
f 2003/2375/2003 238/2377/238 2004/2378/2004
f 238/2377/238 235/2379/235 2004/2378/2004
f 235/2379/235 2005/2380/2005 2004/2378/2004
f 235/2379/235 234/2381/234 2005/2380/2005
f 2005/2380/2005 234/2381/234 129/1712/129
f 1515/1645/1515 1527/1659/1527 1514/1643/1514
f 1515/1645/1515 1518/1650/1518 1527/1659/1527
f 1525/1657/1525 1527/1659/1527 1518/1650/1518
f 1525/1657/1525 1518/1650/1518 1519/1651/1519
f 1524/1656/1524 1525/1657/1525 1519/1651/1519
f 1524/1656/1524 1519/1651/1519 2001/2370/2001
f 1522/1654/1522 1524/1656/1524 2001/2370/2001
f 1522/1654/1522 2001/2370/2001 2002/2373/2002
f 1537/1669/1537 1522/1654/1522 2002/2373/2002
f 1537/1669/1537 2002/2373/2002 2003/2375/2003
f 1538/1670/1538 1537/1669/1537 2003/2375/2003
f 1538/1670/1538 2003/2375/2003 2004/2378/2004
f 1544/1676/1544 1538/1670/1538 2004/2378/2004
f 1544/1676/1544 2004/2378/2004 2005/2380/2005
f 357/1678/357 1544/1676/1544 2005/2380/2005
f 357/1678/357 2005/2380/2005 356/2382/356
f 2005/2380/2005 129/1712/129 356/2382/356
f 355/1711/355 356/2382/356 129/1712/129
f 2006/2383/2006 1809/2384/1809 2007/2385/2007
f 2006/2383/2006 1810/2386/1810 1809/2384/1809
f 2007/2385/2007 2008/2387/2008 2006/2383/2006
f 2008/2387/2008 2007/2385/2007 2009/2388/2009
f 2008/2387/2008 2009/2388/2009 2010/2389/2010
f 2009/2388/2009 2011/2390/2011 2010/2389/2010
f 2009/2388/2009 2007/2385/2007 2011/2390/2011
f 2011/2390/2011 2007/2385/2007 2012/2391/2012
f 1809/2384/1809 2012/2391/2012 2007/2385/2007
f 1809/2384/1809 1808/2392/1808 2012/2391/2012
f 2013/2393/2013 2011/2390/2011 2012/2391/2012
f 1821/2394/1821 2011/2390/2011 2013/2393/2013
f 2010/2389/2010 2011/2390/2011 1821/2394/1821
f 2010/2389/2010 1821/2394/1821 1820/2395/1820
f 1818/2396/1818 2010/2389/2010 1820/2395/1820
f 2008/2387/2008 2010/2389/2010 1818/2396/1818
f 2008/2387/2008 1818/2396/1818 2014/2397/2014
f 2006/2383/2006 2008/2387/2008 2014/2397/2014
f 2006/2383/2006 2014/2397/2014 2015/2398/2015
f 2006/2383/2006 2015/2398/2015 1810/2386/1810
f 2015/2398/2015 1811/2399/1811 1810/2386/1810
f 2015/2398/2015 2016/2400/2016 1811/2399/1811
f 2016/2400/2016 1816/2401/1816 1811/2399/1811
f 2016/2400/2016 2017/2402/2017 1816/2401/1816
f 2017/2402/2017 1818/2396/1818 1816/2401/1816
f 2017/2402/2017 2014/2397/2014 1818/2396/1818
f 2015/2398/2015 2014/2397/2014 2017/2402/2017
f 2015/2398/2015 2017/2402/2017 2016/2400/2016
f 1813/2403/1813 1814/2404/1814 2018/2405/2018
f 1814/2404/1814 2019/2406/2019 2018/2405/2018
f 276/2407/276 2019/2406/2019 1814/2404/1814
f 276/2407/276 2020/2408/2020 2019/2406/2019
f 276/2407/276 279/2409/279 2020/2408/2020
f 1825/2410/1825 2020/2408/2020 279/2409/279
f 2020/2408/2020 1825/2410/1825 2021/2411/2021
f 2022/2412/2022 2021/2411/2021 1825/2410/1825
f 2022/2412/2022 2018/2405/2018 2021/2411/2021
f 2022/2412/2022 2023/2413/2023 2018/2405/2018
f 1813/2403/1813 2018/2405/2018 2023/2413/2023
f 2023/2413/2023 2024/2414/2024 1813/2403/1813
f 2024/2414/2024 1812/2415/1812 1813/2403/1813
f 2024/2414/2024 2025/2416/2025 1812/2415/1812
f 2025/2416/2025 1808/2392/1808 1812/2415/1812
f 2025/2416/2025 2026/2417/2026 1808/2392/1808
f 2026/2417/2026 2012/2391/2012 1808/2392/1808
f 2013/2393/2013 2012/2391/2012 2026/2417/2026
f 2019/2406/2019 2021/2411/2021 2018/2405/2018
f 2019/2406/2019 2020/2408/2020 2021/2411/2021
f 1822/2418/1822 1821/2394/1821 2013/2393/2013
f 1822/2418/1822 2013/2393/2013 2027/2419/2027
f 2027/2419/2027 2013/2393/2013 2026/2417/2026
f 2027/2419/2027 2026/2417/2026 2025/2416/2025
f 2027/2419/2027 2025/2416/2025 2024/2414/2024
f 2028/2420/2028 2027/2419/2027 2024/2414/2024
f 2023/2413/2023 2028/2420/2028 2024/2414/2024
f 2023/2413/2023 2022/2412/2022 2028/2420/2028
f 2022/2412/2022 1824/2421/1824 2028/2420/2028
f 2022/2412/2022 1825/2410/1825 1824/2421/1824
f 1824/2421/1824 1822/2418/1822 2027/2419/2027
f 1824/2421/1824 2027/2419/2027 2028/2420/2028
f 264/1784/264 2029/1785/2029 262/1786/262
f 253/1787/253 262/1786/262 2029/1785/2029
f 2030/1826/2030 2031/1831/2031 2032/1830/2032
f 2030/1826/2030 2032/1830/2032 2033/1827/2033
f 2033/1827/2033 2034/1813/2034 2030/1826/2030
f 2033/1827/2033 2035/1814/2035 2034/1813/2034
f 2034/1813/2034 2035/1814/2035 2036/1812/2036
f 2035/1814/2035 2029/1785/2029 2036/1812/2036
f 2037/1783/2037 2036/1812/2036 2029/1785/2029
f 264/1784/264 2037/1783/2037 2029/1785/2029
f 116/1782/116 2037/1783/2037 264/1784/264
f 2032/1830/2032 2038/1829/2038 2033/1827/2033
f 2032/1830/2032 2039/1840/2039 2038/1829/2038
f 2038/1829/2038 2039/1840/2039 250/1841/250
f 2038/1829/2038 250/1841/250 252/1842/252
f 2038/1829/2038 252/1842/252 253/1787/253
f 2038/1829/2038 253/1787/253 2040/1828/2040
f 2040/1828/2040 253/1787/253 2029/1785/2029
f 2035/1814/2035 2040/1828/2040 2029/1785/2029
f 2040/1828/2040 2035/1814/2035 2033/1827/2033
f 2040/1828/2040 2033/1827/2033 2038/1829/2038
f 2041/1792/2041 2042/1811/2042 2036/1812/2036
f 2034/1813/2034 2036/1812/2036 2042/1811/2042
f 2034/1813/2034 2042/1811/2042 2043/1815/2043
f 2034/1813/2034 2043/1815/2043 2030/1826/2030
f 2044/1825/2044 2030/1826/2030 2043/1815/2043
f 2044/1825/2044 2031/1831/2031 2030/1826/2030
f 2045/1832/2045 2031/1831/2031 2044/1825/2044
f 2046/1839/2046 2031/1831/2031 2045/1832/2045
f 2046/1839/2046 2032/1843/2032 2031/1831/2031
f 2039/1844/2039 2032/1843/2032 2046/1839/2046
f 2039/1844/2039 2046/1839/2046 2047/1838/2047
f 250/1845/250 2039/1844/2039 2047/1838/2047
f 250/1845/250 2047/1838/2047 246/1846/246
f 2047/1838/2047 2048/1836/2048 246/1846/246
f 244/1847/244 246/1846/246 2048/1836/2048
f 2045/1832/2045 2049/1837/2049 2046/1839/2046
f 2049/1837/2049 2047/1838/2047 2046/1839/2046
f 2049/1837/2049 2048/1836/2048 2047/1838/2047
f 2050/1853/2050 237/1864/237 240/1865/240
f 242/1852/242 2050/1853/2050 240/1865/240
f 242/1852/242 2051/1848/2051 2050/1853/2050
f 2051/1848/2051 242/1852/242 244/1847/244
f 2051/1848/2051 244/1847/244 2052/1835/2052
f 244/1847/244 2048/1836/2048 2052/1835/2052
f 2048/1836/2048 2053/1834/2053 2052/1835/2052
f 2048/1836/2048 2049/1837/2049 2053/1834/2053
f 2053/1834/2053 2049/1837/2049 2054/1833/2054
f 2045/1832/2045 2054/1833/2054 2049/1837/2049
f 2055/1824/2055 2054/1833/2054 2045/1832/2045
f 2045/1832/2045 2044/1825/2044 2055/1824/2055
f 2055/1824/2055 2044/1825/2044 2056/1816/2056
f 2056/1816/2056 2044/1825/2044 2043/1815/2043
f 2056/1816/2056 2043/1815/2043 2057/1810/2057
f 2042/1811/2042 2057/1810/2057 2043/1815/2043
f 2042/1811/2042 2058/1805/2058 2057/1810/2057
f 2041/1792/2041 2058/1805/2058 2042/1811/2042
f 2059/1809/2059 2056/1816/2056 2057/1810/2057
f 2060/1817/2060 2056/1816/2056 2059/1809/2059
f 2055/1824/2055 2056/1816/2056 2060/1817/2060
f 2060/1817/2060 2061/1823/2061 2055/1824/2055
f 2055/1824/2055 2061/1823/2061 2054/1833/2054
f 2053/1834/2053 2054/1833/2054 2061/1823/2061
f 2061/1823/2061 2062/1822/2062 2053/1834/2053
f 2062/1822/2062 2052/1835/2052 2053/1834/2053
f 2062/1822/2062 2051/1848/2051 2052/1835/2052
f 2051/1848/2051 2062/1822/2062 2063/1849/2063
f 2051/1848/2051 2063/1849/2063 2050/1853/2050
f 2050/1853/2050 2063/1849/2063 2064/1854/2064
f 2050/1853/2050 2064/1854/2064 2065/1862/2065
f 2064/1854/2064 2066/1860/2066 2065/1862/2065
f 2064/1854/2064 2067/1863/2067 2066/1860/2066
f 2067/1863/2067 2068/1858/2068 2066/1860/2066
f 2067/1863/2067 2069/1857/2069 2068/1858/2068
f 2070/1764/2070 2068/1858/2068 2069/1857/2069
f 2071/1807/2071 2059/1809/2059 2072/1808/2072
f 2070/1764/2070 2069/1857/2069 2073/1763/2073
f 2073/1763/2073 2069/1857/2069 2074/1856/2074
f 2073/1763/2073 2074/1856/2074 2075/1773/2075
f 2074/1856/2074 2076/1851/2076 2075/1773/2075
f 2077/1800/2077 2075/1773/2075 2076/1851/2076
f 2078/1819/2078 2077/1800/2077 2076/1851/2076
f 2078/1819/2078 2079/1802/2079 2077/1800/2077
f 2080/1818/2080 2079/1802/2079 2078/1819/2078
f 2080/1818/2080 2059/1809/2059 2079/1802/2079
f 2060/1817/2060 2059/1809/2059 2080/1818/2080
f 2080/1818/2080 2081/1820/2081 2060/1817/2060
f 2060/1817/2060 2081/1820/2081 2061/1823/2061
f 2061/1823/2061 2081/1820/2081 2062/1822/2062
f 2062/1822/2062 2081/1820/2081 2082/1821/2082
f 2062/1822/2062 2082/1821/2082 2063/1849/2063
f 2063/1849/2063 2082/1821/2082 2083/1850/2083
f 2063/1849/2063 2083/1850/2083 2064/1854/2064
f 2064/1854/2064 2083/1850/2083 2084/1855/2084
f 2064/1854/2064 2084/1855/2084 2067/1863/2067
f 2084/1855/2084 2069/1857/2069 2067/1863/2067
f 2084/1855/2084 2074/1856/2074 2069/1857/2069
f 2074/1856/2074 2084/1855/2084 2076/1851/2076
f 2076/1851/2076 2084/1855/2084 2083/1850/2083
f 2076/1851/2076 2083/1850/2083 2078/1819/2078
f 2078/1819/2078 2083/1850/2083 2082/1821/2082
f 2078/1819/2078 2082/1821/2082 2080/1818/2080
f 2080/1818/2080 2082/1821/2082 2081/1820/2081
f 2077/1800/2077 2085/1772/2085 2075/1773/2075
f 2085/1772/2085 2073/1763/2073 2075/1773/2075
f 2071/1807/2071 2079/1802/2079 2059/1809/2059
f 2086/1801/2086 2079/1802/2079 2071/1807/2071
f 2086/1801/2086 2077/1800/2077 2079/1802/2079
f 2087/1799/2087 2077/1800/2077 2086/1801/2086
f 2087/1799/2087 2085/1772/2085 2077/1800/2077
f 2088/1774/2088 2085/1772/2085 2087/1799/2087
f 2085/1772/2085 2088/1774/2088 2073/1763/2073
f 2073/1763/2073 2088/1774/2088 2089/1765/2089
f 2073/1763/2073 2089/1765/2089 2070/1764/2070
f 2070/1764/2070 2089/1765/2089 231/1770/231
f 2070/1764/2070 231/1770/231 230/1771/230
f 2068/1858/2068 2070/1764/2070 230/1771/230
f 2068/1858/2068 230/1771/230 233/1859/233
f 2066/1860/2066 2068/1858/2068 233/1859/233
f 2066/1860/2066 233/1859/233 236/1861/236
f 2065/1862/2065 2066/1860/2066 236/1861/236
f 2065/1862/2065 236/1861/236 237/1864/237
f 2050/1853/2050 2065/1862/2065 237/1864/237
f 118/1766/118 2090/1768/2090 119/1767/119
f 118/1766/118 1127/2422/1127 2090/1768/2090
f 1127/2422/1127 2089/1765/2089 2090/1768/2090
f 1127/2422/1127 231/1770/231 2089/1765/2089
f 2071/1807/2071 2091/1806/2091 2086/1801/2086
f 2086/1801/2086 2091/1806/2091 2092/1798/2092
f 2086/1801/2086 2092/1798/2092 2087/1799/2087
f 2092/1798/2092 2093/1775/2093 2087/1799/2087
f 2088/1774/2088 2087/1799/2087 2093/1775/2093
f 2089/1765/2089 2088/1774/2088 2093/1775/2093
f 2089/1765/2089 2093/1775/2093 2090/1768/2090
f 2094/1776/2094 2090/1768/2090 2093/1775/2093
f 2094/1776/2094 119/1767/119 2090/1768/2090
f 2094/1776/2094 2095/1777/2095 119/1767/119
f 119/1767/119 2095/1777/2095 121/1778/121
f 121/1778/121 2095/1777/2095 2096/1779/2096
f 121/1778/121 2096/1779/2096 115/1780/115
f 115/1780/115 2096/1779/2096 2097/1781/2097
f 115/1780/115 2097/1781/2097 116/1782/116
f 116/1782/116 2097/1781/2097 2037/1783/2037
f 2097/1781/2097 2041/1792/2041 2037/1783/2037
f 2037/1783/2037 2041/1792/2041 2036/1812/2036
f 2092/1798/2092 2094/1776/2094 2093/1775/2093
f 2094/1776/2094 2098/1797/2098 2095/1777/2095
f 2092/1798/2092 2098/1797/2098 2094/1776/2094
f 2092/1798/2092 2091/1806/2091 2098/1797/2098
f 2099/1793/2099 2058/1805/2058 2041/1792/2041
f 2097/1781/2097 2099/1793/2099 2041/1792/2041
f 2099/1793/2099 2097/1781/2097 1136/1788/1136
f 1136/1788/1136 2097/1781/2097 2096/1779/2096
f 1136/1788/1136 2096/1779/2096 1150/1789/1150
f 1150/1789/1150 2096/1779/2096 1152/1790/1152
f 2096/1779/2096 2095/1777/2095 1152/1790/1152
f 2095/1777/2095 1153/1791/1153 1152/1790/1152
f 2095/1777/2095 2098/1797/2098 1153/1791/1153
f 2098/1797/2098 2100/1795/2100 1153/1791/1153
f 2091/1806/2091 2100/1795/2100 2098/1797/2098
f 2091/1806/2091 2101/1804/2101 2100/1795/2100
f 2071/1807/2071 2101/1804/2101 2091/1806/2091
f 2102/1803/2102 2101/1804/2101 2071/1807/2071
f 2102/1803/2102 2071/1807/2071 2072/1808/2072
f 2058/1805/2058 2102/1803/2102 2072/1808/2072
f 2058/1805/2058 2072/1808/2072 2057/1810/2057
f 2059/1809/2059 2057/1810/2057 2072/1808/2072
f 2099/1793/2099 2102/1803/2102 2058/1805/2058
f 2100/1795/2100 2102/1803/2102 2099/1793/2099
f 2100/1795/2100 2101/1804/2101 2102/1803/2102
f 2099/1793/2099 1136/1788/1136 1135/1794/1135
f 2100/1795/2100 2099/1793/2099 1135/1794/1135
f 1146/1796/1146 2100/1795/2100 1135/1794/1135
f 2100/1795/2100 1146/1796/1146 1153/1791/1153
f 329/621/329 328/623/328 429/622/429
f 329/621/329 429/622/429 2103/624/2103
f 429/622/429 2104/643/2104 2103/624/2103
f 429/622/429 2105/641/2105 2104/643/2104
f 429/622/429 428/642/428 2105/641/2105
f 311/627/311 417/626/417 418/628/418
f 311/627/311 329/621/329 417/626/417
f 329/621/329 416/625/416 417/626/417
f 329/621/329 2103/624/2103 416/625/416
f 2103/624/2103 415/644/415 416/625/416
f 2103/624/2103 2104/643/2104 415/644/415
f 415/644/415 2104/643/2104 799/647/799
f 799/647/799 2104/643/2104 2105/641/2105
f 799/647/799 2105/641/2105 806/638/806
f 2105/641/2105 2106/640/2106 806/638/806
f 2106/640/2106 2105/641/2105 428/642/428
f 2106/640/2106 428/642/428 2107/657/2107
f 2107/657/2107 428/642/428 313/667/313
f 312/656/312 2107/657/2107 313/667/313
f 784/639/784 787/634/787 806/638/806
f 2106/640/2106 784/639/784 806/638/806
f 397/660/397 784/639/784 2106/640/2106
f 397/660/397 2106/640/2106 398/659/398
f 2106/640/2106 420/658/420 398/659/398
f 2106/640/2106 2107/657/2107 420/658/420
f 2107/657/2107 419/654/419 420/658/420
f 2107/657/2107 312/656/312 419/654/419
f 311/653/311 419/654/419 312/656/312
f 311/653/311 418/655/418 419/654/419
f 1747/1981/1747 1749/1983/1749 2108/2423/2108
f 1942/2218/1942 2108/2423/2108 1749/1983/1749
f 1943/2222/1943 2108/2423/2108 1942/2218/1942
f 1943/2222/1943 2109/2424/2109 2108/2423/2108
f 1737/1971/1737 2109/2424/2109 1943/2222/1943
f 1737/1971/1737 2110/2425/2110 2109/2424/2109
f 1736/1970/1736 2110/2425/2110 1737/1971/1737
f 2111/2426/2111 2110/2425/2110 1736/1970/1736
f 1738/1972/1738 2111/2426/2111 1736/1970/1736
f 2111/2426/2111 1738/1972/1738 1739/1973/1739
f 2111/2426/2111 1739/1973/1739 1741/1975/1741
f 1741/1975/1741 2112/2427/2112 2111/2426/2111
f 1741/1975/1741 1743/1977/1743 2112/2427/2112
f 1745/1979/1745 2112/2427/2112 1743/1977/1743
f 2112/2427/2112 1745/1979/1745 2113/2428/2113
f 1745/1979/1745 1747/1981/1747 2113/2428/2113
f 2108/2423/2108 2113/2428/2113 1747/1981/1747
f 2108/2423/2108 2109/2424/2109 2113/2428/2113
f 2113/2428/2113 2109/2424/2109 2110/2425/2110
f 2113/2428/2113 2110/2425/2110 2112/2427/2112
f 2111/2426/2111 2112/2427/2112 2110/2425/2110
f 529/2429/529 532/2430/532 531/2431/531
f 529/2429/529 530/2432/530 532/2430/532
f 530/2432/530 533/2433/533 532/2430/532
f 530/2432/530 527/2434/527 533/2433/533
f 527/2434/527 552/2435/552 533/2433/533
f 527/2434/527 528/2436/528 552/2435/552
f 552/2435/552 528/2436/528 536/2437/536
f 552/2435/552 536/2437/536 551/2438/551
f 536/2437/536 550/2439/550 551/2438/551
f 536/2437/536 538/2440/538 550/2439/550
f 550/2439/550 538/2440/538 539/2441/539
f 550/2439/550 539/2441/539 553/2442/553
f 553/2442/553 539/2441/539 554/2443/554
f 553/2442/553 554/2443/554 547/2444/547
f 547/2444/547 554/2443/554 556/2445/556
f 547/2444/547 556/2445/556 545/2446/545
f 545/2446/545 556/2445/556 557/2447/557
f 545/2446/545 557/2447/557 546/2448/546
f 546/2448/546 557/2447/557 585/2449/585
f 546/2448/546 585/2449/585 559/2450/559
f 584/2451/584 559/2450/559 585/2449/585
f 584/2451/584 561/2452/561 559/2450/559
f 583/2453/583 561/2452/561 584/2451/584
f 583/2453/583 563/2454/563 561/2452/561
f 565/2455/565 563/2454/563 583/2453/583
f 565/2455/565 583/2453/583 582/2456/582
f 565/2455/565 582/2456/582 581/2457/581
f 565/2455/565 581/2457/581 567/2458/567
f 567/2458/567 581/2457/581 580/2459/580
f 567/2458/567 580/2459/580 568/2460/568
f 568/2460/568 580/2459/580 590/2461/590
f 568/2460/568 590/2461/590 579/2462/579
f 590/2461/590 577/2463/577 579/2462/579
f 590/2461/590 592/2464/592 577/2463/577
f 591/2465/591 577/2463/577 592/2464/592
f 591/2465/591 578/2466/578 577/2463/577
f 485/2467/485 493/2468/493 486/2469/486
f 485/2467/485 510/2470/510 493/2468/493
f 510/2470/510 485/2467/485 484/2471/484
f 510/2470/510 484/2471/484 511/2472/511
f 512/2473/512 511/2472/511 484/2471/484
f 512/2473/512 484/2471/484 492/2474/492
f 512/2473/512 492/2474/492 499/2475/499
f 512/2473/512 499/2475/499 513/2476/513
f 500/2477/500 513/2476/513 499/2475/499
f 500/2477/500 514/2478/514 513/2476/513
f 501/2479/501 514/2478/514 500/2477/500
f 501/2479/501 515/2480/515 514/2478/514
f 519/2481/519 515/2480/515 501/2479/501
f 519/2481/519 517/2482/517 515/2480/515
f 520/2483/520 517/2482/517 519/2481/519
f 520/2483/520 518/2484/518 517/2482/517
f 520/2483/520 531/2431/531 518/2484/518
f 520/2483/520 529/2429/529 531/2431/531
