# File generated by ImageToStl.com - Free Image and 3D model conversion tools

mtllib major rank insignia.mtl

o obj1
v -0.8656413 2.4000001 0.96564519
v -0.74830979 2.4000001 0.8857969
v -0.28344962 2.4000001 0.87367904
v -0.63111401 2.4000001 0.80574954
v -0.27508467 2.4000001 0.83245236
v -0.51405495 2.4000001 0.72550249
v -0.26672471 2.4000001 0.79122508
v -0.25882223 2.4000001 0.75223041
v -0.2872023 2.4000001 0.69620073
v -0.25092444 2.4000001 0.7132352
v -0.39713353 2.4000001 0.64505494
v -0.36030716 2.4000001 0.66211092
v -0.32351041 2.4000001 0.67923075
v -0.25092444 0 0.7132352
v -0.39713353 0 0.64505494
v -0.8656413 0 0.96564519
v -4.36753702 2.7656939 2.5751102
v -2.51495314 2.9000001 2.53031063
v -2.94394016 2.83133435 1.89114714
v -1.98749447 2.9000001 1.84958994
v -1.48583102 2.9000001 1.19487536
v -5.75906467 2.7028985 3.24724936
v -3.64211917 2.9000001 3.96028543
v -3.06692266 2.9000001 3.23466635
v -7.12096548 2.64276862 3.90804958
v -4.85705614 2.9000001 5.46582842
v -4.23925829 2.9000001 4.70479679
v -5.49422836 2.9000001 6.24100924
v -8.45568275 2.58512402 4.55799627
v -6.14949131 2.9000001 7.02796841
v -9.76565933 2.52978492 5.19757366
v -6.82155991 2.9000001 7.82433367
v -11.053339 2.4765718 5.82726717
v -7.50915098 2.9000001 8.62773418
v -8.21097946 2.9000001 9.43579769
v -12.32116318 2.42530417 6.44756126
v -8.92576218 2.9000001 10.24615383
v -13.57157516 2.37580276 7.05894184
v -10.38905334 2.9000001 11.86425686
v -14.80887318 2.32782507 7.66280842
v -16.06465912 2.28025961 8.27399254
v -11.1349926 2.9000001 12.66726112
v -17.34280205 2.23304915 8.89354134
v -11.89367485 2.9000001 13.46833515
v -17.63898659 2.25 9.4627676
v -12.66902542 2.9000001 14.27032089
v -18.49995804 2.25 10.34149361
v -13.45936298 2.9000001 15.06988144
v -19.9308567 2.14124084 10.13679886
v -19.37231255 2.25 11.20942593
v -21.22311211 2.09741616 10.75004101
v -20.25427437 2.25 12.06302738
v -22.5024147 2.05549359 11.35071278
v -21.14406586 2.25 12.8987608
v -22.89123917 2.05565381 11.71290302
v -23.06869125 2.05680084 11.89184761
v -23.23440742 2.05866957 12.06925678
v -22.03991318 2.25 13.71308613
v -15.90344334 2.9000001 17.42061234
v -16.73687744 2.9000001 18.17707062
v -17.57687187 2.9000001 18.91440392
v -22.94003677 2.25 14.5024662
v -18.4217453 2.9000001 19.62926865
v -23.84266281 2.25 15.26336384
v -19.2755661 2.9000001 20.32292938
v -24.74601364 2.25 15.99223995
v -20.14979362 2.9000001 21.00138092
v -25.40153885 2.22522259 16.17445374
v -25.62922478 2.26719427 16.89359474
v -23.38806343 2.06126833 12.24505138
v -23.52934265 2.06460452 12.41915607
v -23.65791893 2.06868649 12.59149265
v -23.77347183 2.07352185 12.76198483
v -24.15764809 2.09658647 13.41955376
v -24.5145607 2.1231451 14.08973312
v -24.84218979 2.15334177 14.77237511
v -25.13852119 2.18731976 15.46733093
v -21.04137802 2.9000001 21.65791702
v -25.81956482 2.31337833 17.62460518
v -25.97053909 2.3639183 18.36733818
v -21.94659805 2.9000001 22.28526115
v -26.07984734 2.41876531 19.11915779
v -26.14549446 2.47738671 19.8723278
v -22.86172676 2.9000001 22.87614059
v -26.16727829 2.53971004 20.62630272
v -23.32184219 2.9000001 23.15563393
v -26.14509201 2.60570192 21.38108635
v -23.78303719 2.9000001 23.42328262
v -26.07885361 2.67530847 22.13646889
v -24.24484634 2.9000001 23.67817688
v -25.96963882 2.74783254 22.88588905
v -24.70680428 2.9000001 23.9194088
v -25.8192482 2.82279682 23.62618065
v -25.16844559 2.9000001 24.14606857
v -25.62930489 2.9000001 24.3572464
v -15.07825565 2.9000001 16.64836884
v -14.26300144 2.9000001 15.86367798
v -22.86457825 2.02831388 11.68681812
v -23.20430374 1.99971545 12.03610611
v -23.51085281 1.96984255 12.3955183
v -23.64832497 1.95447373 12.57806206
v -23.77347183 1.93884063 12.76198483
v -23.78234291 0 12.77654362
v -24.01347923 0 13.16596413
v -23.78234291 1.9375912 12.77654362
v -24.23283958 0 13.55543613
v -24.44042015 0 13.94496059
v -24.63622284 0 14.33453655
v -24.82024574 0 14.72416496
v -24.99249077 0 15.11384583
v -25.15295792 0 15.50357819
v -25.30164719 0 15.893363
v -25.43855667 0 16.28319931
v -25.56368828 0 16.67308807
v -25.6770401 0 17.06303024
v -25.77861595 0 17.453022
v -25.86841202 0 17.84306717
v -25.94643021 0 18.23316383
v -26.01266861 0 18.6233139
v -26.06712914 0 19.01351547
v -26.10981178 0 19.40376854
v -26.14071465 0 19.7940731
v -26.15984154 0 20.18443108
v -26.16718864 0 20.57484055
v -26.16275597 0 20.96530151
v -26.14654541 0 21.35581398
v -26.11855888 0 21.74637985
v -26.07879066 0 22.13699722
v -26.02724648 0 22.527668
v -25.9639225 0 22.91839027
v -25.88882065 0 23.30916405
v -25.80193901 0 23.69998932
v -25.7032795 0 24.090868
v -25.5928421 0 24.48179817
v -25.4902916 2.9000001 24.81233025
v -25.47062683 0 24.87277985
v -25.33663177 2.9000001 25.26381302
v -25.33663177 0 25.26381302
v -0.28344962 0 0.87367904
v -25.31095505 2.9000001 25.33973694
v -24.5752182 2.9000001 25.5571022
v -23.83071327 2.9000001 25.76336479
v -23.37503052 2.9000001 25.53814697
v -22.92207146 2.9000001 25.30107689
v -22.02659416 2.9000001 24.79574966
v -21.14883232 2.9000001 24.25612831
v -20.29333496 2.9000001 23.69096375
v -19.46465302 2.9000001 23.10900116
v -18.66586304 2.9000001 22.51786613
v -17.87481308 2.9000001 21.90494919
v -17.08352661 2.9000001 21.26592445
v -16.29311562 2.9000001 20.6030407
v -15.50469685 2.9000001 19.91854858
v -14.71938324 2.9000001 19.21469879
v -13.93828964 2.9000001 18.4937439
v -13.16252899 2.9000001 17.75793457
v -12.39321613 2.9000001 17.00951958
v -11.63146591 2.9000001 16.25074959
v -10.87839222 2.9000001 15.48387814
v -9.40273094 2.9000001 13.93482494
v -8.68237209 2.9000001 13.15714645
v -7.97514582 2.9000001 12.38036728
v -7.28216791 2.9000001 11.60673809
v -6.60455179 2.9000001 10.83850861
v -5.94341183 2.9000001 10.07793236
v -5.29986191 2.9000001 9.32725716
v -4.67501688 2.9000001 8.58873463
v -4.06999016 2.9000001 7.86461544
v -3.48589683 2.9000001 7.15715122
v -2.92385077 2.9000001 6.46859121
v -2.38496614 2.9000001 5.80118704
v -1.87035716 2.9000001 5.15718889
v -1.38113821 2.9000001 4.53884792
v -0.91842341 2.9000001 3.94841433
v -1.06043363 2.9000001 4.62383556
v 1.21193326 2.9000001 4.35195208
v 1.94311285 2.9000001 1.85503352
v 1.78816116 2.9000001 1.58114326
v 1.32263672 2.9000001 4.98648453
v -1.21171236 2.9000001 5.3389554
v 1.42114866 2.9000001 5.60788202
v -1.37183332 2.9000001 6.09107208
v 1.50786865 2.9000001 6.20552158
v 1.58319628 2.9000001 6.76878166
v -1.54036975 2.9000001 6.87748384
v 1.61671281 2.9000001 7.03419971
v 1.64753115 2.9000001 7.28703976
v 1.67570126 2.9000001 7.52597332
v -1.71689534 2.9000001 7.69548845
v 1.70127308 2.9000001 7.74967384
v 1.79110229 2.9000001 8.5920496
v -1.90098357 2.9000001 8.5423851
v 1.8725884 2.9000001 9.44744015
v -2.09220791 2.9000001 9.41547203
v 1.94606316 2.9000001 10.31495762
v -2.29014158 2.9000001 10.31204605
v -2.49435854 2.9000001 11.22940731
v 2.06960273 2.9000001 12.07656956
v -2.70443201 2.9000001 12.16485214
v 2.16297078 2.9000001 13.85726833
v -2.91993546 2.9000001 13.11568069
v -3.14044237 2.9000001 14.0791893
v 2.22741628 2.9000001 15.63744068
v -3.59476113 2.9000001 16.03344345
v 2.264189 2.9000001 17.39747047
v -4.06397581 2.9000001 18.00600052
v 2.27258873 2.9000001 18.26380348
v 2.27453828 2.9000001 19.11867714
v -4.54467392 2.9000001 19.97524643
v 2.25931883 2.9000001 20.81078529
v 2.24207759 2.9000001 21.64609146
v -5.0334444 2.9000001 21.91956711
v 2.21835995 2.9000001 22.47179031
v 2.1881249 2.9000001 23.28604698
v -5.2797904 2.9000001 22.87562561
v 2.15133095 2.9000001 24.08703041
v 2.10793638 2.9000001 24.87290382
v -5.52687454 2.9000001 23.81734848
v 2.05790043 2.9000001 25.64183807
v -5.77427101 2.9000001 24.742033
v 2.00118113 2.9000001 26.39199638
v -6.02155256 2.9000001 25.64697647
v 1.93773758 2.9000001 27.12154961
v 1.8675282 2.9000001 27.82866287
v -6.2682929 2.9000001 26.52947807
v 1.79051149 2.9000001 28.51150131
v -6.51406574 2.9000001 27.38683701
v 1.70664632 2.9000001 29.16823578
v 1.6158911 2.9000001 29.7970295
v -6.75844479 2.9000001 28.21634865
v 1.51820469 2.9000001 30.39605141
v 1.41354549 2.9000001 30.96346664
v -7.00100279 2.9000001 29.01531601
v -1.87932062 2.9000001 34.22044373
v -2.28547192 2.9000001 34.29643631
v -2.6960566 2.9000001 34.34602737
v -3.11026359 2.9000001 34.37094116
v -3.52531004 2.9000001 34.37245178
v -3.93840003 2.9000001 34.3518219
v -7.24131393 2.9000001 29.78103256
v -4.34673691 2.9000001 34.31032944
v -4.74752474 2.9000001 34.24924088
v -5.13796759 2.9000001 34.16982269
v -7.47895145 2.9000001 30.51079941
v -5.51525497 2.9000001 34.073349
v -5.87653208 2.9000001 33.96109009
v -6.21898937 2.9000001 33.83432388
v -7.71348858 2.9000001 31.20191193
v -6.5398221 2.9000001 33.69432068
v -6.83622599 2.9000001 33.54234695
v -7.10787153 2.9000001 33.37805176
v -7.36685133 2.9000001 33.18980408
v -7.6021862 2.9000001 32.97572708
v -7.94449949 2.9000001 31.85167122
v -7.7063303 2.9000001 32.85890579
v -7.80021048 2.9000001 32.73321152
v -7.88033724 2.9000001 32.59869766
v -7.94266462 2.9000001 32.45608139
v -7.98296452 2.9000001 32.30714798
v -7.99374723 2.9000001 32.2306366
v -7.98465443 2.9000001 32.00030899
v -7.99464798 2.9000001 32.07620621
v -7.99771881 2.9000001 32.15310287
v -1.47947669 2.9000001 34.11601639
v -1.08944488 2.9000001 33.98126984
v 1.31734824 2.9000001 31.36408997
v -0.71273011 2.9000001 33.81432724
v 1.18607259 2.9000001 31.75406456
v -0.35322791 2.9000001 33.61354065
v -0.0182419 2.9000001 33.38007736
v 1.01730847 2.9000001 32.12965012
v 0.28899562 2.9000001 33.11402512
v 0.81099796 2.9000001 32.48419189
v 0.56653541 2.9000001 32.81484985
v 1.59098852 2.9000001 5.01855087
v 3.01249194 2.9000001 3.74251533
v 2.8183527 2.9000001 3.4007802
v 2.63038564 2.9000001 3.06939793
v 3.21266031 2.9000001 4.09422112
v 1.99217868 2.9000001 5.72125292
v 3.63050914 2.9000001 4.82601786
v 2.414464 2.9000001 6.4573102
v 4.07075119 2.9000001 5.59311438
v 2.85680461 2.9000001 7.22397661
v 4.53223753 2.9000001 6.39245605
v 3.31816125 2.9000001 8.0185051
v 5.01382065 2.9000001 7.22098732
v 3.7974937 2.9000001 8.83814716
v 5.51435137 2.9000001 8.07565308
v 4.29376221 2.9000001 9.68015575
v 6.03268194 2.9000001 8.95339775
v 4.80592728 2.9000001 10.54178524
v 6.56766367 2.9000001 9.85116673
v 5.33294916 2.9000001 11.42028713
v 7.1181488 2.9000001 10.76590443
v 5.87378836 2.9000001 12.31291485
v 7.68298817 2.9000001 11.69455528
v 6.4274044 2.9000001 13.21692085
v 8.26103401 2.9000001 12.63406467
v 6.9920125 2.9000001 14.12836456
v 8.85113811 2.9000001 13.58137608
v 7.55824375 2.9000001 15.03137684
v 9.4521513 2.9000001 14.53343582
v 8.12332821 2.9000001 15.92109585
v 8.68697834 2.9000001 16.79668427
v 10.68231392 2.9000001 16.4395771
v 9.24890709 2.9000001 17.65730476
v 9.80882835 2.9000001 18.50212097
v 11.94393444 2.9000001 18.33039856
v 10.36645412 2.9000001 19.33029366
v 10.92149639 2.9000001 20.1409874
v 12.60163593 2.9000001 19.2882309
v 11.47367001 2.9000001 20.93336296
v 13.28348732 2.9000001 20.25952911
v 12.022686 2.9000001 21.70658302
v 13.98602009 2.9000001 21.23573875
v 12.56825733 2.9000001 22.45981026
v 13.11009789 2.9000001 23.19220734
v 14.70576477 2.9000001 22.20830917
v 13.64791965 2.9000001 23.90293694
v 15.43925285 2.9000001 23.16868782
v 14.18143559 2.9000001 24.59116173
v 16.18301582 2.9000001 24.10832024
v 14.71035767 2.9000001 25.25604439
v 15.23440075 2.9000001 25.89674759
v 16.93358421 2.9000001 25.01865578
v 15.75327587 2.9000001 26.5124321
v 17.68749237 2.9000001 25.8911438
v 16.26669693 2.9000001 27.1022625
v 18.06461143 2.9000001 26.31052017
v 16.77437592 2.9000001 27.66539955
v 18.44126701 2.9000001 26.71722794
v 17.27602577 2.9000001 28.20100784
v 18.81702042 2.9000001 27.11019897
v 18.88195992 2.9000001 28.13669586
v 18.93370819 2.9000001 28.0288372
v 17.7713604 2.9000001 28.70824814
v 18.22980881 2.9000001 28.64100838
v 18.68740082 2.9000001 28.5607872
v 18.72750664 2.9000001 28.47668457
v 18.76335907 2.9000001 28.39151764
v 18.79639816 2.9000001 28.31824303
v 18.76465797 2.9000001 28.39277458
v 18.76433182 2.9000001 28.39245987
v 18.76400757 2.9000001 28.39214706
v 18.76368332 2.9000001 28.39183235
v 18.83606148 2.9000001 28.23323441
v 18.99091721 2.9000001 27.90986824
v 19.05319977 2.9000001 27.77999306
v 19.19144058 2.9000001 27.48835945
v 2.44873476 2.9000001 2.74875021
v 2.27354312 2.9000001 2.439219
v 2.10495472 2.9000001 2.141186
v 1.64024305 2.9000001 1.31989717
v 1.49950218 2.9000001 1.07167709
v 1.36608195 2.9000001 0.83686495
v 1.24012613 2.9000001 0.6158427
v 1.2533232 2.9000001 0.62044644
v 1.30647421 2.9000001 0.62841141
v 0.80570704 2.9000001 -1.1041019
v -2.47816229 2.9000001 -0.96234787
v -2.76041555 2.9000001 1.16346908
v -3.723104 2.9000001 -0.98048478
v -4.04408216 2.9000001 1.14811349
v -4.97516155 2.9000001 -0.98424977
v -5.33535528 2.9000001 1.1481483
v -6.2330761 2.9000001 -0.97421789
v -6.63276052 2.9000001 1.16291285
v -7.49558878 2.9000001 -0.95096427
v -7.93482161 2.9000001 1.19174683
v -8.76143932 2.9000001 -0.9150641
v -9.24006367 2.9000001 1.23398983
v -10.02936935 2.9000001 -0.86709243
v -10.54701138 2.9000001 1.2889812
v -12.566432 2.9000001 -0.73723507
v -11.85418987 2.9000001 1.3560605
v -14.46333694 2.9000001 1.52384138
v -15.09670258 2.9000001 -0.56599307
v -17.05570221 2.9000001 1.73204863
v -17.61010742 2.9000001 -0.35796744
v -18.34190369 2.9000001 1.84966111
v -20.09657478 2.9000001 -0.11775903
v -19.61948586 2.9000001 1.97539878
v -20.88696861 2.9000001 2.10860109
v -21.32655907 2.9000001 0.01297594
v -22.14287949 2.9000001 2.24860764
v -22.54600525 2.9000001 0.15002714
v -23.3799324 2.9000001 2.3938992
v -23.7459259 2.9000001 0.29164952
v -24.59162903 2.9000001 2.54302764
v -24.91977882 2.9000001 0.43642548
v -25.77721596 2.9000001 2.69537234
v -26.06744003 2.9000001 0.58389264
v -26.9359436 2.9000001 2.85031319
v -27.18878746 2.9000001 0.73358858
v -28.28369713 2.9000001 0.88505095
v 1.26650608 2.9000001 0.62509066
v 1.27967477 2.9000001 0.62977523
v 2.90399265 2.9000001 -0.70784009
v 1.64784622 2.9000001 0.7422877
v 1.99781549 2.9000001 0.8687228
v 2.35546589 2.9000001 1.00686574
v 2.71988153 2.9000001 1.15586555
v 3.80559039 2.9000001 1.10789788
v 3.9071722 2.9000001 -0.75150353
v 4.90587616 2.9000001 1.06332016
v 4.95106459 2.9000001 -0.79352838
v 6.03263998 2.9000001 -0.83336747
v 7.14163876 2.9000001 0.98514038
v 7.14886999 2.9000001 -0.87047368
v 8.29672527 2.9000001 -0.9042998
v 9.41008949 2.9000001 0.92293942
v 9.47317791 2.9000001 -0.93429875
v 10.67519855 2.9000001 -0.95992333
v 11.69414616 2.9000001 0.87833023
v 11.89975834 2.9000001 -0.9806264
v 13.14382744 2.9000001 -0.99586076
v 13.97672844 2.9000001 0.85292608
v 14.40437794 2.9000001 -1.00507927
v 15.67838097 2.9000001 -1.00773478
v 16.24075699 2.9000001 0.84834003
v 16.9628067 2.9000001 -1.00328028
v 17.36047554 2.9000001 0.8543579
v 18.46915054 2.9000001 0.86618519
v 19.55081367 2.9000001 -0.97085202
v 20.661623 2.9000001 0.90818924
v 22.14299774 2.9000001 -0.90346193
v 22.87085915 2.9000001 0.97763264
v 23.40453339 2.9000001 -0.85657692
v 24.62137032 2.9000001 -0.80161488
v 25.08216476 2.9000001 1.07890141
v 25.79435349 2.9000001 -0.73866415
v 26.18135262 2.9000001 1.14284825
v 26.92432976 2.9000001 -0.667813
v 27.27236938 2.9000001 1.21640468
v 28.01214027 2.9000001 -0.58914977
v 28.35231972 2.9000001 1.30012202
v 29.0586338 2.9000001 -0.50276273
v 29.41830444 2.9000001 1.39455128
v 30.0646534 2.9000001 -0.40874013
v 30.46743011 2.9000001 1.50024354
v 31.03104591 2.9000001 -0.30717033
v 31.49679947 2.9000001 1.61775005
v 31.9586525 2.9000001 -0.19814159
v 32.50351715 2.9000001 1.74762189
v 32.84832382 2.9000001 -0.08174222
v 33.48468781 2.9000001 1.89041007
v 33.70089722 2.9000001 0.04193949
v 34.51722336 2.9000001 0.17281525
v 34.43741226 2.9000001 2.04666591
v 35.29814911 2.9000001 0.31079677
v 35.35879517 2.9000001 2.21694016
v 36.0445137 2.9000001 0.45579571
v 36.24594116 2.9000001 2.40178442
v 36.757164 2.9000001 0.60772383
v 37.0959549 2.9000001 2.60174942
v 37.43695068 2.9000001 0.76649284
v 38.19204712 2.9000001 1.64661443
v 37.93715668 2.9000001 0.92526138
v 38.41541672 2.9000001 2.38370991
v 38.1600647 2.9000001 2.93950272
v 38.45521927 2.9000001 2.50593495
v 38.4187088 2.9000001 2.3847537
v 38.41788483 2.9000001 2.38449287
v 38.41706085 2.9000001 2.38423181
v 38.41624069 2.9000001 2.38397074
v 3.75179124 2.9000001 -1.43809891
v 1.92562234 2.9000001 -2.32144856
v 1.46498883 2.9000001 -1.93218851
v 0.90862536 2.9000001 -1.32915986
v 1.00937879 2.9000001 -1.55601394
v 4.61015749 2.9000001 -2.20322132
v 2.85993099 2.9000001 -3.13617277
v 2.3907721 2.9000001 -2.72303104
v 3.80824709 2.9000001 -3.99408078
v 5.47644472 2.9000001 -2.99907494
v 4.76651287 2.9000001 -4.88906717
v 6.34800673 2.9000001 -3.82152653
v 5.73066998 2.9000001 -5.81502676
v 7.2221961 2.9000001 -4.66644335
v 6.69666147 2.9000001 -6.7658534
v 8.09636688 2.9000001 -5.52969313
v 7.660429 2.9000001 -7.73544168
v 9.83406448 2.9000001 -7.29465866
v 8.61791515 2.9000001 -8.71768665
v 9.56506157 2.9000001 -9.70648193
v 11.53992748 2.9000001 -9.08336067
v 10.49781036 2.9000001 -10.69572163
v 12.37430382 2.9000001 -9.97628117
v 11.41210461 2.9000001 -11.67930222
v 13.19349861 2.9000001 -10.86352921
v 12.30388546 2.9000001 -12.65111542
v 14.01237297 2.9000001 -11.76052952
v 13.16909599 2.9000001 -13.60505772
v 14.83695316 2.9000001 -12.67349529
v 14.00367832 2.9000001 -14.53502274
v 15.66615391 2.9000001 -13.6008625
v 14.40821552 2.9000001 -14.98910618
v 14.80386639 2.9000001 -15.43523693
v 16.49888802 2.9000001 -14.54106808
v 15.5924139 2.9000001 -16.33030319
v 18.17060852 2.9000001 -16.45373917
v 17.18025017 2.9000001 -18.15530586
v 19.84342194 2.9000001 -18.39900017
v 18.77557755 2.9000001 -20.01727104
v 21.50863647 2.9000001 -20.36433983
v 20.37019539 2.9000001 -21.90475464
v 23.15755844 2.9000001 -22.33724976
v 21.95590591 2.9000001 -23.80631447
v 24.78149414 2.9000001 -24.30522156
v 23.52450943 2.9000001 -25.71050835
v 26.37174988 2.9000001 -26.25574493
v 25.06780624 2.9000001 -27.60589409
v 27.15153313 2.9000001 -27.22055626
v 26.57759857 2.9000001 -29.4810276
v 27.91963577 2.9000001 -28.17631149
v 28.67497253 2.9000001 -29.12145233
v 29.41645622 2.9000001 -30.05441093
v 29.20319557 2.9000001 -30.52868462
v 27.31736755 2.9000001 -30.40742493
v 28.97572517 2.9000001 -30.99850845
v 28.97544479 2.9000001 -30.99815369
v 28.94503403 2.9000001 -31.0591011
v 28.04568672 2.9000001 -31.32446861
v -1.03239894 2.9000001 -2.5592804
v 0.81971872 2.9000001 -1.71933198
v 0.82963985 2.9000001 -2.35208583
v 0.83563709 2.9000001 -3.00109315
v -1.0277667 2.9000001 -3.17790294
v 0.83787709 2.9000001 -3.66508389
v -1.0265429 2.9000001 -3.81358552
v 0.83652645 2.9000001 -4.34278822
v -1.02862644 2.9000001 -4.4655571
v 0.83175182 2.9000001 -5.03293514
v -1.03391588 2.9000001 -5.13304806
v -1.04231012 2.9000001 -5.81528664
v 0.8125971 2.9000001 -6.44547939
v -1.05370772 2.9000001 -6.51150322
v -1.06800759 2.9000001 -7.22092724
v 0.78174597 2.9000001 -7.89255524
v -1.08510828 2.9000001 -7.94278765
v 0.7405315 2.9000001 -9.36400223
v -1.1273073 2.9000001 -9.42073631
v -1.1794945 2.9000001 -10.9391861
v 0.63234484 2.9000001 -12.33936405
v -1.24085999 2.9000001 -12.49197102
v 0.56803882 2.9000001 -13.82295799
v -1.31059337 2.9000001 -14.07292843
v 0.49870169 2.9000001 -15.29027939
v -1.38788438 2.9000001 -15.67589283
v 0.42566654 2.9000001 -16.73116684
v -1.47192311 2.9000001 -17.29470062
v 0.35019538 2.9000001 -18.1367569
v -1.65700257 2.9000001 -20.55518913
v 0.18877256 2.9000001 -20.93871689
v -1.85935009 2.9000001 -23.80508041
v 0.01278617 2.9000001 -23.76407814
v -1.96497393 2.9000001 -25.41064262
v -0.17605785 2.9000001 -26.60813713
v -2.07248425 2.9000001 -26.99505997
v -2.18107104 2.9000001 -28.55217171
v -0.37605348 2.9000001 -29.46618843
v -2.28992391 2.9000001 -30.07581329
v -2.3982327 2.9000001 -31.55982018
v -2.45192981 2.9000001 -32.28503418
v -0.80267566 2.9000001 -35.20544815
v -2.50518727 2.9000001 -32.9980278
v -2.55790353 2.9000001 -33.69802856
v -2.60997725 2.9000001 -34.38426971
v -2.66130757 2.9000001 -35.05598068
v -2.71179295 2.9000001 -35.71238708
v -0.91308743 2.9000001 -36.63463974
v -2.76133204 2.9000001 -36.35271835
v -2.80982351 2.9000001 -36.97620773
v -0.96717596 2.9000001 -37.32862091
v -2.85716653 2.9000001 -37.58208466
v -1.0199573 2.9000001 -38.00255966
v -2.90325952 2.9000001 -38.16957855
v -1.07114327 2.9000001 -38.6534729
v -2.94800115 2.9000001 -38.73791504
v -1.12044585 2.9000001 -39.27838898
v -2.99129009 2.9000001 -39.28632355
v -1.16757715 2.9000001 -39.87433243
v -3.03302526 2.9000001 -39.81403732
v -1.21224904 2.9000001 -40.43832016
v -3.07310557 2.9000001 -40.3202858
v -1.2541734 2.9000001 -40.96738434
v -3.11142921 2.9000001 -40.80429459
v -3.14789534 2.9000001 -41.26529694
v -1.29306221 2.9000001 -41.45854187
v -3.18240261 2.9000001 -41.70252228
v -1.32862747 2.9000001 -41.90881729
v -3.21484971 2.9000001 -42.11520004
v -1.36077511 2.9000001 -42.31770706
v -1.36953282 2.9000001 -42.42956161
v -3.24513507 2.9000001 -42.50255585
v -1.37922049 2.9000001 -42.55357742
v -1.4007479 2.9000001 -42.83042145
v -3.27315784 2.9000001 -42.86381912
v -1.4479444 2.9000001 -43.44553757
v -3.29881072 2.9000001 -43.19814682
v -3.32170177 2.9000001 -43.50086594
v -1.47106135 2.9000001 -43.75307465
v -3.34172487 2.9000001 -43.77078247
v -1.49215627 2.9000001 -44.04009628
v -2.93682623 2.9000001 -44.70176697
v -1.51088893 2.9000001 -44.30450439
v -2.47758317 2.9000001 -44.99165344
v -1.53035414 2.9000001 -44.59848785
v -2.47525239 2.9000001 -44.99308014
v -2.47292113 2.9000001 -44.99450302
v -2.47058988 2.9000001 -44.99592972
v -2.46825838 2.9000001 -44.9973526
v -3.38573933 2.9000001 -44.4002533
v -3.37362838 2.9000001 -44.21881866
v -3.3589952 2.9000001 -44.00954819
v -3.27094841 2.9000001 -1.94054019
v -1.83274317 2.9000001 -3.53767753
v -4.09009027 2.9000001 -2.91607428
v -2.65774298 2.9000001 -4.51274109
v -4.93280983 2.9000001 -3.8875699
v -3.50484753 2.9000001 -5.48323488
v -5.79632854 2.9000001 -4.85364723
v -4.37150526 2.9000001 -6.44792366
v -6.67786741 2.9000001 -5.81292677
v -5.25516558 2.9000001 -7.40557098
v -7.57464838 2.9000001 -6.7640276
v -6.1532774 2.9000001 -8.35494137
v -8.48389339 2.9000001 -7.70557022
v -7.06328964 2.9000001 -9.2947979
v -9.40282345 2.9000001 -8.63617516
v -7.98265123 2.9000001 -10.22390652
v -10.32866096 2.9000001 -9.55446148
v -8.90881062 2.9000001 -11.14102936
v -11.25862598 2.9000001 -10.45904922
v -9.83921719 2.9000001 -12.04493237
v -12.18994141 2.9000001 -11.34855938
v -10.77132034 2.9000001 -12.93437767
v -13.11982727 2.9000001 -12.22161198
v -11.70256805 2.9000001 -13.80813026
v -12.63041019 2.9000001 -14.66495514
v -14.04550743 2.9000001 -13.0768261
v -13.55229473 2.9000001 -15.50361538
v -14.96420193 2.9000001 -13.91282177
v -14.46567154 2.9000001 -16.32287598
v -15.87313175 2.9000001 -14.72821999
v -15.37121582 2.9000001 -17.12430382
v -16.77273178 2.9000001 -15.52443886
v -17.21128654 2.9000001 -18.72171021
v -18.59983826 2.9000001 -17.11058998
v -19.09015656 2.9000001 -20.31381989
v -20.46540451 2.9000001 -18.69131851
v -20.99832916 2.9000001 -21.89448929
v -22.36001778 2.9000001 -20.26055336
v -22.9263134 2.9000001 -23.45757866
v -24.27425575 2.9000001 -21.81222725
v -24.8646183 2.9000001 -24.99694824
v -26.19870567 2.9000001 -23.34026527
v -26.80374718 2.9000001 -26.50645447
v -28.12394905 2.9000001 -24.83859825
v -28.73421097 2.9000001 -27.97995758
v -30.04056931 2.9000001 -26.30115509
v -29.69322586 2.9000001 -28.70128632
v -30.99270439 2.9000001 -27.01712036
v -31.73023033 2.9000001 -28.42731667
v -31.78248215 2.9000001 -28.27139854
v -30.64651489 2.9000001 -29.41131401
v -31.63363075 2.9000001 -28.70108414
v -31.68048286 2.9000001 -28.57061577
v -31.42599869 2.9000001 -29.22050476
v -31.45985413 2.9000001 -29.14600945
v -31.49113846 2.9000001 -29.07179832
v -31.55008698 2.9000001 -28.92258263
v -31.55020905 2.9000001 -28.92267227
v -31.59007454 2.9000001 -28.81850815
v -31.83683777 2.9000001 -28.10307884
v -31.89290237 2.9000001 -27.92256927
v -31.93914986 2.9000001 -27.7218647
v -31.95027924 2.9000001 -27.73008347
v -28.06706429 2.9000001 3.00723004
v -29.35204887 2.9000001 1.03781736
v -29.16982269 2.9000001 3.16550231
v -30.39371872 2.9000001 1.19142544
v -30.24347115 2.9000001 3.32450962
v -31.40858269 2.9000001 1.34541273
v -31.28726006 2.9000001 3.48363185
v -32.39651871 2.9000001 1.49931693
v -32.30043793 2.9000001 3.64224887
v -33.35740662 2.9000001 1.65267563
v -33.28225327 2.9000001 3.79974008
v -34.29112244 2.9000001 1.80502653
v -34.23195648 2.9000001 3.95548511
v -35.1975441 2.9000001 1.95590699
v -35.14879608 2.9000001 4.10886383
v -36.07654572 2.9000001 2.10485482
v -36.03202438 2.9000001 4.25925589
v -36.92800903 2.9000001 2.25140786
v -36.88088608 2.9000001 4.40604115
v -37.75180817 2.9000001 2.39510322
v -37.6946373 2.9000001 4.54859877
v -38.75839233 2.9000001 2.89126801
v -38.94573593 2.9000001 3.2122159
v -38.54782104 2.9000001 2.53547883
v -38.86453247 2.9000001 4.22071695
v -39.0304451 2.9000001 3.35864949
v -39.10904694 2.9000001 3.49520254
v -39.18143463 2.9000001 3.62148571
v -39.24401855 2.9000001 3.74165225
v -39.24489212 2.9000001 3.74051642
v -39.24576569 2.9000001 3.7393806
v -39.24663544 2.9000001 3.73824453
v -39.247509 2.9000001 3.73710871
v -38.47251892 2.9000001 4.68630934
v -24.42749405 0 12.61924267
v -24.82040215 1.97428513 12.51814651
v -25.06219482 0 12.45387554
v -25.85305786 2.01389027 12.23226547
v -25.68644714 0 12.28044033
v -26.30024719 0 12.09893799
v -26.87817192 2.05647039 11.91756916
v -26.90359879 0 11.90936947
v -27.49650002 0 11.71173286
v -27.89360046 2.10208845 11.57273197
v -28.07895279 0 11.50603008
v -28.6509552 0 11.29226017
v -28.89720154 2.15080786 11.19642353
v -29.21250534 0 11.07042313
v -29.88683891 2.20269179 10.78731728
v -29.76360893 0 10.840518
v -30.30426025 0 10.60254669
v -30.86036682 2.25780392 10.34408379
v -30.83446312 0 10.35650826
v -31.35421371 0 10.10240269
v -31.81564713 2.31620717 9.86539459
v -31.86351585 0 9.84022999
v -32.36236954 0 9.56999016
v -32.75053787 2.37796521 9.34992218
v -32.85077286 0 9.2916832
v -33.32872391 0 9.00531006
v -33.6628952 2.44314122 8.79633808
v -33.7962265 0 8.71086884
v -34.10995102 2.47703004 8.50484467
v -34.25328064 0 8.40836048
v -34.54960632 2.51171589 8.20400906
v -34.69988251 0 8.09778595
v -34.98103333 2.54714751 7.89418745
v -35.13603592 0 7.77914333
v -35.40410995 2.58332753 7.57528877
v -35.56173706 0 7.45243406
v -35.8187027 2.62025785 7.24722004
v -35.97698975 0 7.11765766
v -36.22468185 2.65794158 6.90989113
v -36.38179398 0 6.77481413
v -36.62192535 2.69638085 6.56320906
v -36.77614594 0 6.42390394
v -37.01029587 2.73557854 6.2070837
v -37.16004944 0 6.06492615
v -37.38967133 2.77553654 5.84142208
v -37.53350449 0 5.6978817
v -37.75991821 2.81625795 5.46613359
v -37.89650726 0 5.32276964
v -38.12091064 2.85774493 5.08112669
v -38.24905777 0 4.93959093
v -38.59116364 0 4.54834509
v -38.92281723 0 4.14903212
v -39.24401855 0 3.74165225
v -5.90478945 2.01518416 23.84629822
v -5.43669748 2.00907016 23.47563553
v -7.27694845 2.25 21.68610764
v -5.1370616 2.06543708 22.3235054
v -5.93758535 2.25 20.33262253
v -4.53571844 2.1802783 19.93810272
v -4.83650541 2.12256742 21.14294815
v -4.23539066 2.23838639 18.71310997
v -4.63805008 2.25 18.97355652
v -3.93621206 2.29670882 17.47210693
v -3.63887262 2.35506177 16.21923447
v -3.05247092 2.47112846 13.6944418
v -2.48170543 2.58512068 11.17184639
v -2.20391107 2.6408813 9.92172241
v -1.93209577 2.69557357 8.68456554
v -1.66694939 2.74901485 7.46451759
v -1.40916193 2.80102181 6.26571655
v -1.15942323 2.85141134 5.09230232
v -6.38785028 2.02326131 24.19741631
v -8.65252781 2.25 23.02454948
v -10.06201649 2.25 24.33872986
v -9.35303593 2.25 23.6852417
v -7.92768908 2.0594821 25.1301403
v -7.39954472 2.04539847 24.83984566
v -10.77947998 2.25 24.98386955
v -11.50544071 2.25 25.619524
v -12.23990917 2.25 26.24455261
v -12.46381855 2.23479772 26.64061737
v -13.05964088 2.26353574 26.73384285
v -13.65853691 2.29347277 26.80748367
v -14.25994396 2.32451725 26.86227798
v -14.86329842 2.3565774 26.89896774
v -15.4680357 2.38956165 26.91829872
v -16.07359314 2.42337799 26.92100716
v -16.67940712 2.45793486 26.90784073
v -17.28491402 2.49314046 26.87953758
v -17.88955116 2.52890301 26.83684158
v -18.49275398 2.56513095 26.78049278
v -19.09395981 2.60173202 26.71123505
v -19.69260406 2.63861489 26.62981033
v -20.28812981 2.67568827 26.53695869
v -21.47489166 2.75044823 26.3184433
v -22.65692329 2.82552195 26.05915642
v -11.87163353 2.20735097 26.52706146
v -11.28449535 2.18131709 26.39265251
v -10.70470047 2.15683317 26.2372818
v -10.13262749 2.13395286 26.06050682
v -9.56858158 2.11272669 25.86186409
v -9.01287174 2.09320569 25.64089584
v -8.46580505 2.07544065 25.3971405
v -6.88604641 2.03332496 24.52869606
v -5.43669748 0 23.47563553
v -5.8800869 0 23.82750702
v -6.33493948 0 24.16043663
v -6.80125523 0 24.47442055
v -7.27903461 0 24.76946259
v -7.76827717 0 25.04556274
v -8.26898289 0 25.30271912
v -8.78115177 0 25.5409317
v -9.30478477 0 25.7602005
v -9.83987999 0 25.96052742
v -10.38643932 0 26.14191055
v -10.94446182 0 26.30435181
v -11.51394749 0 26.44784737
v -12.09489632 0 26.57240295
v -12.68730927 0 26.67801285
v -13.29118443 0 26.76468086
v -13.9065237 0 26.83240509
v -14.5333252 0 26.88118744
v -15.17159081 0 26.911026
v -15.82131958 0 26.92192078
v -16.48251152 0 26.91387367
v -17.15516663 0 26.88688278
v -17.8392868 0 26.8409481
v -18.53486824 0 26.77607155
v -19.24191284 0 26.69225121
v -19.96042252 0 26.58948708
v -20.69039345 0 26.46778107
v -21.43182945 0 26.32713127
v -22.18472672 0 26.1675396
v -22.94908905 0 25.98900414
v -23.72491455 0 25.79152489
v -24.51220322 0 25.57510185
v -25.31095505 0 25.33973694
v -5.75700188 0 24.67803764
v -6.07722187 0 25.84786415
v -6.39642382 0 26.97920227
v -6.55535126 0 27.52859116
v -6.71367455 0 28.06614304
v -6.87127686 0 28.59111404
v -7.02804089 0 29.10276985
v -7.18385077 0 29.60037041
v -7.33858919 0 30.08317566
v -7.49214029 0 30.55044746
v -7.64438677 0 31.00144768
v -7.79521179 0 31.43543434
v -7.94449949 0 31.85167122
v 25.88603401 0 -9.59888458
v 38.41541672 0 2.38370991
v -38.22715378 0 2.00380015
v -37.99484634 0 1.62620628
v 10.26875782 0 -28.20230865
v -13.26361275 0 -27.76220512
v -28.36930847 0 -8.45228958
v -28.68096733 0 -8.90902805
v -37.20253754 0 0.38518986
v -36.90852356 0 -0.0572541
v -36.60050201 0 -0.51043081
v 20.05086136 0 11.91063404
v 27.06419182 0 11.86315727
v 27.65749168 0 11.68720722
v 28.24570465 0 11.48429394
v 28.82883072 0 11.25441742
v 29.40686989 0 10.99757862
v 29.97982216 0 10.71377563
v 30.54768753 0 10.40300941
v 31.110466 0 10.06527996
v 31.66815758 0 9.70058823
v 32.22076035 0 9.3089323
v 32.76827621 0 8.8903141
v 33.31070709 0 8.44473171
v 33.84804916 0 7.97218657
v 34.38030624 0 7.47267818
v 34.90747452 0 6.94620657
v 35.4295578 0 6.39277172
v 35.94655228 0 5.81237364
v 36.45845795 0 5.20501232
v 36.96527863 0 4.57068777
v 37.46701431 0 3.90939999
v -39.247509 0 3.73710871
v -39.1247406 0 3.52254725
v -38.98230362 0 3.27533388
v 37.96366119 0 3.22114921
v -38.82075882 0 2.99766064
v -38.64067459 0 2.69171929
v -38.44261932 0 2.35970187
v 38.4187088 0 2.3847537
v 38.45521927 0 2.50593495
v -37.74626541 0 1.22911191
v -37.48197174 0 0.81470919
v -36.27902985 0 -0.9721483
v -35.94468307 0 -1.44021463
v -35.59801865 0 -1.91243804
v -35.23960876 0 -2.38662648
v -34.48981476 0 -3.33213091
v -34.09955978 0 -3.79906321
v -33.69982147 0 -4.25919294
v -33.2911644 0 -4.71032763
v -32.87415695 0 -5.15027666
v -32.44936752 0 -5.57684708
v -32.01735687 0 -5.98784685
v -31.57869148 0 -6.38108492
v -31.13393974 0 -6.75436878
v -30.68366814 0 -7.1055069
v -30.22844315 0 -7.43230677
v -29.76882744 0 -7.73257685
v -29.3053894 0 -8.0041256
v -28.83869362 0 -8.24476051
v -28.97862625 0 -9.36448383
v -29.26255989 0 -9.81850815
v -29.533041 0 -10.27095222
v -29.79034805 0 -10.7216692
v -30.0347538 0 -11.17051029
v -30.26653481 0 -11.61732674
v -30.48596382 0 -12.06197071
v -30.69331932 0 -12.5042944
v -30.88887215 0 -12.94414997
v -31.07290268 0 -13.38138771
v -31.24567986 0 -13.81586075
v -31.55858803 0 -14.67591953
v -31.82979584 0 -15.52313995
v -32.06150436 0 -16.35633659
v -32.25591278 0 -17.17432213
v -32.41522217 0 -17.975914
v -32.54163742 0 -18.75992584
v -32.63735199 0 -19.52517128
v -32.70457077 0 -20.27046585
v -32.74549484 0 -20.99462318
v -32.76232147 0 -21.69645882
v -32.75725555 0 -22.37478828
v -32.73249435 0 -23.02842331
v -32.69023895 0 -23.65617943
v -32.63268661 0 -24.25687027
v -32.56204605 0 -24.82931328
v -32.48051071 0 -25.37232208
v -32.39028549 0 -25.8847084
v -32.29356766 0 -26.36528969
v -32.19255829 0 -26.81287956
v -32.08946228 0 -27.22629356
v -31.98647308 0 -27.60434532
v -13.63303661 0 -27.99495888
v -14.03126431 0 -28.24681473
v -14.43967342 0 -28.4848938
v -14.85826302 0 -28.70919609
v -15.28703308 0 -28.91971779
v -31.8857975 0 -27.94584846
v -31.78963089 0 -28.24961662
v -31.70017815 0 -28.51446915
v -31.61963654 0 -28.73921585
v -31.55008698 0 -28.92258263
v -31.55020905 0 -28.92267227
v -31.51445198 0 -29.01403046
v -30.71216774 0 -29.3957653
v -30.00851631 0 -29.55724907
v -29.3150444 0 -29.70495224
v -31.48189354 0 -29.0941658
v -31.45240784 0 -29.16299248
v -31.42599869 0 -29.22050476
v -28.63175583 0 -29.83887863
v -27.95864677 0 -29.95902824
v -27.29571724 0 -30.06539726
v -26.64297104 0 -30.1579895
v -26.00040436 0 -30.23680496
v -25.3680172 0 -30.30184174
v -24.74581146 0 -30.35309982
v -24.13378716 0 -30.39058113
v -23.53194427 0 -30.41428375
v -22.94028091 0 -30.42420769
v -22.35879898 0 -30.42035484
v -21.78749847 0 -30.40272331
v -21.22637749 0 -30.3713131
v -20.67543793 0 -30.3261261
v -20.13467979 0 -30.26716042
v -19.60410118 0 -30.19441795
v -19.08370399 0 -30.1078968
v -18.57348633 0 -30.00759697
v -18.073452 0 -29.89352036
v -17.58359718 0 -29.76566505
v -17.10392189 0 -29.62403107
v -16.63442802 0 -29.4686203
v -16.17511559 0 -29.29943085
v -15.72598457 0 -29.11646461
v -13.08143902 0 -28.52780724
v -12.88927174 0 -29.27875137
v -12.68711185 0 -30.01503944
v -12.47495937 0 -30.73667145
v -12.25281429 0 -31.44364548
v -12.02067566 0 -32.13596344
v -11.77854443 0 -32.81362152
v 10.19138718 0 -29.63955688
v 10.24205112 0 -28.92739105
v 10.11676693 0 -30.33880234
v -11.52641964 0 -33.47662735
v 10.01819038 0 -31.02512932
v 9.89565849 0 -31.69853783
v -11.26430321 0 -34.1249733
v 9.7491684 0 -32.35902786
v 9.57872295 0 -33.00659943
v -10.99219322 0 -34.75866318
v 9.38432121 0 -33.64125443
v 9.16596222 0 -34.26298904
v 8.92364788 0 -34.87180328
v -10.71009064 0 -35.37769699
v 8.65737629 0 -35.46770096
v 8.3671484 0 -36.05067825
v -10.4179945 0 -35.98207092
v 8.05296421 0 -36.62073898
v 7.71482325 0 -37.17787933
v -10.11590672 0 -36.5717926
v 7.35272646 0 -37.72210312
v 6.9666729 0 -38.25341034
v -9.80382538 0 -37.1468544
v 6.55666256 0 -38.77179337
v -9.48175144 0 -37.70726013
v 6.1226964 0 -39.27725983
v 5.66477346 0 -39.76980972
v -9.14968395 0 -38.25300598
v 5.18289423 0 -40.24943924
v -8.80762386 0 -38.78409958
v 4.6770587 0 -40.71615219
v -8.45557117 0 -39.30053329
v 4.14726639 0 -41.16994476
v -8.09352589 0 -39.80231094
v 3.59351778 0 -41.61082077
v -7.72148752 0 -40.28943253
v 3.01581287 0 -42.0387764
v -7.33945608 0 -40.76189804
v 2.41415143 0 -42.45381165
v -6.94743204 0 -41.21970749
v -6.54541492 0 -41.66285706
v 1.78853369 0 -42.85593033
v -6.13340521 0 -42.09135056
v 1.13895941 0 -43.24513245
v -5.71140242 0 -42.50518799
v -5.27940655 0 -42.90436554
v 0.46542865 0 -43.62141418
v -4.83741808 0 -43.28889084
v -0.23205847 0 -43.98477554
v -4.38543701 0 -43.65875626
v -3.92346287 0 -44.01396561
v -0.953502 0 -44.33522034
v -3.45149589 0 -44.35451889
v -1.69890201 0 -44.67274475
v -2.96953583 0 -44.68041611
v -2.47758317 0 -44.99165344
v -2.46825838 0 -44.9973526
v 10.66480541 0 -28.6098423
v 30.17603874 0 -27.93223381
v 30.34129906 0 -27.30665016
v 30.4816227 0 -26.67695618
v 11.07295609 0 -28.99684143
v 11.49320889 0 -29.36330986
v 11.92556286 0 -29.70924568
v 12.37001991 0 -30.03464699
v 12.82658005 0 -30.33951569
v 13.29524136 0 -30.62385178
v 13.77600574 0 -30.88765717
v 29.98584557 0 -28.55370903
v 29.77071762 0 -29.17107391
v 29.53065491 0 -29.78432846
v 29.26565742 0 -30.39347458
v 28.97544479 0 -30.99815369
v 28.97572517 0 -30.99850845
v 14.26887226 0 -31.13092804
v 14.7738409 0 -31.3536644
v 15.29091167 0 -31.55587006
v 15.82008457 0 -31.73754311
v 16.36136055 0 -31.89868164
v 16.9147377 0 -32.03928757
v 17.48021889 0 -32.15936279
v 18.05780029 0 -32.2589035
v 18.64748573 0 -32.33791351
v 19.2492733 0 -32.39638901
v 19.86316109 0 -32.43432999
v 20.48915291 0 -32.45174026
v 21.12724686 0 -32.44861984
v 21.77744293 0 -32.42496109
v 22.43974304 0 -32.38077545
v 23.11414337 0 -32.31605148
v 23.80064583 0 -32.23079681
v 24.49925232 0 -32.12501144
v 25.20995903 0 -31.99869156
v 25.93276978 0 -31.85183907
v 26.66768265 0 -31.68445396
v 27.41469765 0 -31.49653625
v 28.17381477 0 -31.28808594
v 28.94503403 0 -31.0591011
v 30.59701347 0 -26.04315186
v 30.68746948 0 -25.4052372
v 30.75299072 0 -24.76321411
v 30.79357719 0 -24.11707878
v 30.8092308 0 -23.46683502
v 30.79994774 0 -22.81248093
v 30.76573181 0 -22.1540184
v 30.70657921 0 -21.49144554
v 30.62249374 0 -20.82476234
v 30.51347351 0 -20.15396881
v 30.37952042 0 -19.47906494
v 30.22063065 0 -18.80005264
v 30.03680611 0 -18.11693001
v 29.82804871 0 -17.42969704
v 29.59435654 0 -16.73835373
v 29.3357296 0 -16.04290199
v 29.05216789 0 -15.34333897
v 28.74367142 0 -14.63966656
v 28.41024017 0 -13.93188477
v 28.05187607 0 -13.21999264
v 27.66857719 0 -12.50399017
v 27.26034164 0 -11.78387928
v 26.82717323 0 -11.0596571
v 26.36907005 0 -10.33132553
v 26.51353645 0 -9.3756094
v 27.12581635 0 -9.14258099
v 27.72287369 0 -8.89979935
v 28.30470657 0 -8.64726353
v 28.87131691 0 -8.38497448
v 29.42270279 0 -8.11293125
v 29.95886803 0 -7.8311348
v 30.4798069 0 -7.53958416
v 30.98552513 0 -7.23828077
v 31.47601891 0 -6.92722321
v 38.25983429 0 1.85807252
v 31.95129013 0 -6.60641193
v 32.41133881 0 -6.27584743
v 32.85616302 0 -5.93552876
v 33.28576279 0 -5.58545685
v 33.70014191 0 -5.22563124
v 34.09929657 0 -4.85605192
v 34.48322678 0 -4.47671938
v 38.0890274 0 1.34218884
v 34.85193634 0 -4.08763266
v 37.90299606 0 0.83605868
v 35.20542145 0 -3.68879271
v 37.70174408 0 0.33968219
v 35.5436821 0 -3.28019881
v 37.48526764 0 -0.14694065
v 35.86672211 0 -2.86185145
v 37.25356674 0 -0.62380987
v 36.17453766 0 -2.43375039
v 37.0066452 0 -1.09092546
v 36.46712875 0 -1.99589562
v 36.74449921 0 -1.54828739
v 26.46580315 0 12.01214314
v 20.20214272 0 12.01903343
v 25.86232948 0 12.13416672
v 20.85140038 0 12.13967896
v 25.25376701 0 12.22922707
v 21.49557114 0 12.23336124
v 24.64011955 0 12.29732418
v 22.134655 0 12.3000803
v 24.02138329 0 12.33845806
v 22.76865196 0 12.33983612
v 23.39756203 0 12.35262871
v 2.16841483 0 23.73291016
v 20.35716248 0 12.63018894
v 20.62018013 0 13.34778309
v 20.84200478 0 14.06229115
v 21.02473068 0 14.77259064
v 21.17045021 0 15.47755909
v 21.28125572 0 16.17607307
v 21.35924149 0 16.8670063
v 21.40649796 0 17.54924011
v 21.42511749 0 18.22164726
v 21.41719627 0 18.88310623
v 21.38482475 0 19.53249359
v 21.33009529 0 20.16868401
v 21.25510216 0 20.79055786
v 21.16193581 0 21.39698792
v 21.05269241 0 21.98685265
v 20.92946243 0 22.55903053
v 20.79433823 0 23.11239433
v 20.64941406 0 23.64582443
v 2.70329022 0 24.12125778
v 3.23696208 0 24.49428368
v 3.76943016 0 24.85198975
v 4.30069447 0 25.19437408
v 4.83075523 0 25.52143669
v 5.35961246 0 25.83317947
v 5.88726568 0 26.12960052
v 6.41371536 0 26.41069984
v 6.93896151 0 26.67647934
v 7.46300364 0 26.9269371
v 7.9858427 0 27.16207314
v 8.50747776 0 27.38188934
v 9.02790833 0 27.58638382
v 9.54713631 0 27.77555847
v 10.0651598 0 27.94941139
v 10.58197975 0 28.10794258
v 11.09759712 0 28.25115395
v 11.61200905 0 28.37904358
v 12.12521839 0 28.49161148
v 12.6372242 0 28.58885956
v 13.14802551 0 28.6707859
v 20.4967823 0 24.15819359
v 13.65762329 0 28.73739052
v 20.33853531 0 24.64838219
v 14.16601849 0 28.78867531
v 20.17676544 0 25.11526489
v 14.67320919 0 28.82463837
v 20.01356506 0 25.55771828
v 15.1791954 0 28.8452816
v 19.85103035 0 25.97461891
v 15.68397903 0 28.8506031
v 19.69124985 0 26.36484337
v 16.18755913 0 28.84060287
v 19.53631973 0 26.72727013
v 16.68993378 0 28.81528091
v 19.38833046 0 27.06077385
v 17.1911068 0 28.77463913
v 19.24937439 0 27.36423111
v 19.12154579 0 27.63652039
v 17.69107437 0 28.71867752
v 19.00693703 0 27.87651825
v 18.18984032 0 28.64739227
v 18.90764236 0 28.08309746
v 18.82575035 0 28.2551384
v 18.76335907 0 28.39151764
v 18.72126579 0 28.49033737
v 18.68740082 0 28.5607872
v 18.76465797 0 28.39277458
v 2.1141963 0 24.76589584
v 2.04866934 0 25.77011871
v 1.9717536 0 26.74151039
v 1.88336933 0 27.67599487
v 1.7834363 0 28.56950569
v 1.72911417 0 28.99962234
v 1.67187476 0 29.41796684
v 1.61170816 0 29.82403374
v 1.54860449 0 30.21731186
v 1.48255348 0 30.59729195
v 1.41354549 0 30.96346664
v 1.35647237 0 31.21855736
v 1.28809345 0 31.46216202
v 1.20881891 0 31.69446564
v 1.11905861 0 31.91565323
v 1.01922286 0 32.1259079
v 0.90972179 0 32.32542038
v 0.79096544 0 32.51436996
v 0.66336399 0 32.69294739
v 0.52732748 0 32.86133194
v 0.38326612 0 33.01971436
v 0.23158997 0 33.16827774
v 0.07270918 0 33.3072052
v -0.26502588 0 33.55690384
v -0.62665814 0 33.77029037
v -1.0089066 0 33.94884872
v -1.4084903 0 34.09405518
v -1.8221283 0 34.20740128
v -2.24653959 0 34.2903595
v -2.67844343 0 34.34442139
v -3.1145587 0 34.37105942
v -3.55160427 0 34.37176514
v -3.98629951 0 34.34801483
v -4.41536331 0 34.30129242
v -4.83551455 0 34.23308182
v -5.24347305 0 34.14485931
v -5.63595676 0 34.03811264
v -6.00968504 0 33.91432571
v -6.36137724 0 33.77497482
v -6.68775272 0 33.62154388
v -6.9855299 0 33.45551682
v -7.25142765 0 33.27837372
v -7.48216581 0 33.09159851
v -7.6744628 0 32.89667511
v -7.82503748 0 32.69508362
v -7.88365412 0 32.59224701
v -7.9306097 0 32.48830414
v -7.96549463 0 32.38343048
v -7.98789787 0 32.27782059
v -7.9974103 0 32.17165375
v -7.97612143 0 31.9583931
v -7.99362135 0 32.06511688
v 18.28845215 1.86630428 10.44248295
v 17.69123268 2.25 6.88175106
v 16.8406086 1.95085049 9.64515686
v 16.14469337 2.25 6.87172985
v 15.07477188 2.08154488 8.43127251
v 14.61060715 2.25 6.87250328
v 13.27510643 2.21321678 7.22237825
v 19.242342 2.25 6.90360069
v 19.7189579 1.78415418 11.22835636
v 20.05086136 1.71130657 11.91063404
v 20.20214272 1.6999954 12.01903343
v 20.78609467 1.68980122 12.1287241
v 20.79014587 2.25 6.93831205
v 21.37071609 1.68212247 12.21725559
v 21.95587349 1.67702985 12.28408146
v 22.32676315 2.25 6.98691893
v 22.54143715 1.6745944 12.32865143
v 23.12727356 1.67488706 12.35042
v 23.71325684 1.67797875 12.34883785
v 23.84431648 2.25 7.05045509
v 25.33483315 2.25 7.12995148
v 26.06716728 2.25 7.17589998
v 26.05600166 1.71975505 12.09805202
v 26.63617325 1.73775625 11.97259426
v 24.29925156 1.68394053 12.32335758
v 24.88512993 1.6928432 12.27343178
v 25.47076035 1.70475781 12.19851208
v 26.78926849 2.25 7.22599888
v 27.2074604 1.75861597 11.82326984
v 27.76994133 1.78227472 11.65063
v 27.80848694 2.25 7.30543709
v 28.32369232 1.80867267 11.45522308
v 28.80034256 2.25 7.39352369
v 28.86879158 1.83775055 11.23759842
v 29.40531921 1.86944866 10.99830627
v 29.76120758 2.25 7.4902854
v 29.93335342 1.9037075 10.73789597
v 30.4529705 1.94046748 10.45691681
v 30.68745232 2.25 7.59574747
v 30.96424294 1.97966862 10.15592289
v 31.13645744 2.25 7.65174961
v 31.46571159 2.02113414 9.83646965
v 31.57540703 2.25 7.70991611
v 31.95631981 2.06466818 9.50013924
v 32.00669098 2.25 7.77057457
v 32.42065811 2.25 7.8322854
v 32.82572937 2.25 7.89622688
v 33.21826935 2.25 7.96183205
v 33.59767151 2.25 8.02896976
v 33.36373901 2.2063868 8.3994236
v 33.81166077 2.25690103 8.00512218
v 32.43614197 2.11014104 9.14788532
v 32.90525818 2.15742373 8.78066254
v 34.24910355 2.30883718 7.59871197
v 34.67613983 2.36206603 7.18114662
v 35.09284592 2.41645813 6.75337934
v 35.4992981 2.47188425 6.31636429
v 35.89557648 2.52821541 5.87105465
v 36.28175354 2.58532214 5.4184041
v 36.65790176 2.64307499 4.95936632
v 11.46724892 2.34321237 6.04163694
v 13.0968504 2.25 6.88303852
v 8.79617691 2.52925897 4.37398005
v 9.67683315 2.46887851 4.91221142
v 10.56825829 2.40675235 5.46906185
v 6.21456718 2.69891214 2.87975359
v 7.07835674 2.64356351 3.36401629
v 7.9294939 2.58756208 3.85726357
v 4.45238972 2.80584359 1.95450079
v 5.33545446 2.75339317 2.40646911
v 3.14525247 2.87816739 1.339131
v 3.5767417 2.85510015 1.53418696
v 15.963521 2.01590967 9.03903866
v 37.42708206 2.77070498 3.96326804
v 37.04704666 2.70663881 4.46520424
v 1.30647421 2.89449286 0.62841141
v 1.66182745 2.86769819 0.74714667
v 2.03026295 2.84043741 0.8808558
v 2.41132569 2.81273913 1.02910256
v 2.80456138 2.78463125 1.1914506
v 3.20951533 2.75614262 1.36746347
v 3.62573242 2.7273016 1.55670512
v 4.05275869 2.69813681 1.75873899
v 4.49013901 2.66867638 1.97312891
v 4.93741846 2.63894892 2.19943857
v 5.3941431 2.60898304 2.43723154
v 5.85985804 2.57880712 2.68607163
v 6.33410835 2.54844975 2.94552255
v 6.81643963 2.51793909 3.21514773
v 7.30639696 2.48730373 3.49451113
v 8.30737114 2.42577267 4.08070707
v 9.333395 2.36408472 4.7006197
v 10.3808136 2.3024683 5.35074902
v 11.44454765 2.24124312 6.02674437
v 12.51942253 2.18071914 6.72411585
v 13.6009531 2.12115717 7.43875313
v 14.68465233 2.06281805 8.16654587
v 37.76102829 2.86004186 0.48106644
v 37.57158661 2.82103252 0.04186499
v 37.36471176 2.78000927 -0.4001784
v 37.14530945 2.73991227 -0.83337098
v 36.91343307 2.70073223 -1.25774753
v 36.66913605 2.6624589 -1.67334259
v 36.4124794 2.62508297 -2.0801909
v 36.14351273 2.5885942 -2.47832727
v 35.86229706 2.55298352 -2.86778641
v 35.5688858 2.51824045 -3.24860263
v 35.26332855 2.48435569 -3.62081122
v 34.94569016 2.45131946 -3.98444629
v 34.61602402 2.41912174 -4.33954287
v 34.27437973 2.38775325 -4.68613577
v 33.9208374 2.35720539 -5.02424097
v 33.55716705 2.32760215 -5.35239363
v 33.18474197 2.29900932 -5.66978598
v 32.80393219 2.27140379 -5.97661066
v 32.41509247 2.24476171 -6.27306032
v 32.01859283 2.21906018 -6.55932808
v 31.61479187 2.19427562 -6.83560658
v 31.20405388 2.17038512 -7.10208797
v 30.36322594 2.12519193 -7.60643101
v 29.49934196 2.0833149 -8.07372475
v 28.61569595 2.04460239 -8.50538063
v 27.71538925 2.00889397 -8.90293884
v 26.80151939 1.97603011 -9.26793957
v 25.88603401 1.7924037 -9.59888458
v 25.87718773 1.7933346 -9.60192394
v 25.87718773 1.94585061 -9.60192394
v 1.27967477 2.89705944 0.62977523
v 23.81833839 1.97863615 -9.39477158
v 23.12405014 1.99345899 -9.28399467
v 22.77372551 2.25 -6.91445494
v 20.51466751 2.12286019 -8.15967846
v 20.71169853 2.25 -6.97524071
v 18.64568329 2.25 -7.01352072
v 17.92226982 2.2483449 -7.03756666
v 16.63755608 2.30935907 -6.48094559
v 15.3632288 2.36908269 -5.92920589
v 14.10133553 2.42741203 -5.38379049
v 12.85392284 2.48424315 -4.84614325
v 11.62303734 2.53947234 -4.31770754
v 10.41072559 2.59299564 -3.79992628
v 9.20858955 2.64514923 -3.28982735
v 7.96901417 2.69786549 -2.76819253
v 6.70097065 2.75061488 -2.24021816
v 5.42225599 2.80249119 -1.71486247
v 4.15066481 2.85258842 -1.20108378
v 24.8196888 2.25 -6.82911348
v 24.50981522 1.96564424 -9.48576164
v 25.19669342 1.95465767 -9.5553503
v 25.8335762 2.25 -6.77657175
v 26.84007835 2.25 -6.71701431
v 27.83541107 2.25 -6.65031004
v 28.82698822 2.25 -6.57552958
v 29.80542564 2.25 -6.49294043
v 30.77253723 2.25 -6.40201187
v 31.72735977 2.25 -6.30241156
v 25.20214653 1.84478116 -9.55582428
v 24.5175209 1.89529872 -9.48667717
v 23.82444382 1.94486523 -9.39567089
v 18.47545242 2.25 -7.66730547
v 19.68962288 2.25 -9.01375294
v 20.89466095 2.25 -10.36890221
v 22.08727074 2.25 -11.72744942
v 23.26415443 2.25 -13.08409309
v 24.08148766 2.25 -14.03518486
v 26.98892403 1.8237654 -11.32576466
v 27.33747292 1.83657587 -11.91701508
v 26.26226807 1.80174267 -10.16643715
v 26.63021088 1.81217539 -10.74215126
v 27.67492104 1.85067058 -12.51564121
v 24.88824463 2.25 -14.98085403
v 25.68327332 2.25 -15.91925144
v 26.46542358 2.25 -16.84852409
v 27.23350143 2.25 -17.76678848
v 29.16292572 1.94262493 -15.61024189
v 29.41412926 1.96575618 -16.24762344
v 28.00033569 1.86611259 -13.12138081
v 28.31277847 1.88296568 -13.73397255
v 28.61131477 1.90129316 -14.35315418
v 28.89500809 1.92115843 -14.9786644
v 29.6476841 1.99061549 -16.89054871
v 27.98619843 2.25 -18.67206383
v 28.72226524 2.25 -19.56241798
v 29.44046211 2.25 -20.43591309
v 30.51782608 2.14300299 -20.17815971
v 30.38670921 2.10860324 -19.51244545
v 30.23310471 2.07619691 -18.84996605
v 30.05810738 2.04577255 -18.19198227
v 29.86265564 2.01726651 -17.53875542
v 30.13953972 2.25 -21.2906208
v 30.62542343 2.17935705 -20.84512329
v 30.70890808 2.21770978 -21.51317978
v 30.7677002 2.2581079 -22.18220329
v 30.80121231 2.30059767 -22.85206795
v 30.80886459 2.34522557 -23.52264977
v 30.79007149 2.39203835 -24.19382477
v 30.74424934 2.441082 -24.86546707
v 30.67081451 2.49240327 -25.53745079
v 30.56966972 2.54581833 -26.20682907
v 30.44174194 2.60089231 -26.86817169
v 30.28749657 2.65758634 -27.52140617
v 30.10739326 2.71587229 -28.16658783
v 29.90188217 2.77572227 -28.80377579
v 29.67141914 2.83710742 -29.43303108
v -13.26361275 1.70790708 -27.76220512
v -12.96548939 1.74916542 -28.98728561
v -12.63184643 1.79435253 -30.20769501
v -12.26060009 1.84364367 -31.41950226
v -11.8496666 1.89721394 -32.61877441
v -11.62866592 1.92565835 -33.21248245
v -11.39696217 1.95523834 -33.80158234
v -11.15429401 1.98597562 -34.38558197
v -10.90040207 2.01789212 -34.96399307
v -10.63502502 2.05100965 -35.53631973
v -10.35790253 2.08535028 -36.10207367
v -10.06877518 2.12093568 -36.66075897
v -9.76738071 2.15778804 -37.21189117
v -9.45357037 2.19591665 -37.75479507
v -9.12747097 2.23529911 -38.28842545
v -8.78888416 2.27594852 -38.81233978
v -8.43758011 2.31788087 -39.3261528
v -8.07332993 2.36111212 -39.8294754
v -7.69590425 2.40565872 -40.32192612
v -7.30507278 2.45153642 -40.80311203
v -6.90060711 2.49876165 -41.27265167
v -6.48227692 2.54735041 -41.73015594
v -6.0498538 2.59731889 -42.17523575
v -5.60310745 2.64868331 -42.60750961
v -5.14180899 2.70145941 -43.02658844
v -4.66617775 2.75561285 -43.4317131
v -4.43101072 2.78228951 -43.62247849
v -4.20346498 2.80803728 -43.80133438
v -3.98435259 2.83276916 -43.96840668
v -3.77448606 2.85639834 -44.12382889
v -3.57467747 2.87883759 -44.26773453
v -8.73558617 2.15062928 -21.89157486
v -7.89532089 2.25 -23.27318573
v -9.94673157 2.03928542 -24.54310036
v -8.0336628 2.25 -25.37051582
v -8.10403919 2.25 -26.40521622
v -8.17490578 2.25 -27.42821503
v -11.89831448 1.84596813 -26.68602562
v -12.33732033 1.80183589 -27.06942749
v -12.79253483 1.75581408 -27.42948341
v -8.24602699 2.25 -28.43771553
v -8.31716919 2.25 -29.43192291
v -8.42254066 2.25 -30.87885475
v -8.47480679 2.25 -31.58629036
v -7.54589605 2.26081061 -19.22503471
v -7.7617569 2.25 -21.15058708
v -6.38760662 2.36907625 -16.55840111
v -5.81581259 2.42292428 -15.21183586
v -5.24162054 2.47729945 -13.83645439
v -4.66895008 2.53194141 -12.43860912
v -4.10172367 2.5865891 -11.02466488
v -3.5438652 2.64098191 -9.60098553
v -2.99929738 2.6948595 -8.17393494
v -2.47194362 2.74796057 -6.74987507
v -1.96572733 2.80002499 -5.33517027
v -1.48457134 2.85079169 -3.93618417
v -8.52666473 2.25 -32.28205109
v -8.57801628 2.25 -32.96540451
v -8.62876701 2.25 -33.63560867
v -8.6788187 2.25 -34.29191971
v -8.72814083 2.25 -34.93445206
v -8.77643776 2.25 -35.55991745
v -8.82381058 2.25 -36.17015076
v -8.87010479 2.25 -36.76362991
v -8.9152317 2.25 -37.33968353
v -8.95910168 2.25 -37.89763641
v -11.47586441 1.88820648 -26.28326035
v -11.07031536 1.92854655 -25.86511993
v -10.68201447 1.96698403 -25.43558693
v -10.30986404 2.00365615 -24.99689484
v -7.99969912 2.25 -19.8000679
v -9.56909657 2.25 -21.22044373
v -11.13672829 2.25 -22.6073494
v -12.26467323 2.25 -23.58719444
v -13.38584614 2.25 -24.54724312
v -14.49779415 2.25 -25.48652267
v -12.5993166 2.00598264 -27.28120995
v -13.10733414 2.00969076 -27.65626335
v -10.33958817 2.02876377 -25.03290176
v -10.75271511 2.0197928 -25.51588821
v -11.18568325 2.0127008 -25.98713684
v -11.63805962 2.00781608 -26.44172287
v -12.10941505 2.00546718 -26.87472153
v -13.63303661 2.01692033 -27.99495888
v -15.59806347 2.25 -26.40405846
v -16.6841526 2.25 -27.29874611
v -17.75345993 2.25 -28.16926765
v -16.03977585 2.06987 -29.24617195
v -16.54656792 2.08593225 -29.43760109
v -14.09613514 2.02368712 -28.28595924
v -14.56874371 2.03241801 -28.5561161
v -15.05047798 2.04306054 -28.80589485
v -15.54095078 2.05556202 -29.03575897
v -17.0609417 2.10369611 -29.61050987
v -17.58250809 2.12310934 -29.76536179
v -18.8034153 2.25 -29.01442528
v -18.11088371 2.14411926 -29.90262222
v -18.64540672 2.16666174 -30.02269554
v -19.18408966 2.19060874 -30.12578964
v -19.83144379 2.25 -29.83301926
v -19.72612762 2.21587467 -30.21248436
v -20.27093315 2.24238229 -30.28340912
v -20.8179245 2.27005506 -30.33920097
v -21.36651802 2.29881597 -30.38049126
v -21.91612816 2.32858825 -30.40791512
v -22.46617317 2.35929513 -30.42210579
v -23.0160656 2.39085984 -30.42369843
v -24.11306572 2.45625472 -30.39161682
v -25.2075119 2.52447963 -30.31629181
v -26.30398369 2.5955627 -30.20111465
v -27.39936447 2.66908407 -30.04955673
v -28.49040794 2.74461579 -29.86508751
v -29.57387352 2.82173038 -29.65118217
v 1.78388906 2.79846263 -3.44868827
v 1.54797518 2.82346153 -2.85003495
v 1.59783947 2.82380557 -2.97523737
v 1.41707599 2.84797239 -2.52513957
v 1.31513798 2.84780478 -2.27627611
v 1.22157538 2.87344337 -2.05138397
v 1.06385529 2.87371969 -1.68109012
v 7.92153835 2.08294582 -19.15167046
v 9.86301517 2.25 -18.98984146
v 8.71899033 1.98323464 -21.44581032
v 11.00230789 2.25 -20.27969742
v 9.11671638 1.91731679 -22.82989311
v 12.13085461 2.25 -21.57310104
v 9.50647545 1.85207248 -24.20419121
v 9.88718891 1.78776598 -25.56293869
v 13.72473049 2.25 -23.42481232
v 10.25778008 1.72466171 -26.90038109
v 14.50652885 2.25 -24.34325409
v 10.27242374 1.68057156 -27.55131912
v 10.26875782 1.63505769 -28.20230865
v 10.68379498 1.63952994 -28.62856674
v 15.27624989 2.25 -25.25380325
v 11.11567688 1.64682543 -29.035532
v 11.56471062 1.65700519 -29.42262459
v 16.03246498 2.25 -26.15429306
v 12.03120327 1.67013001 -29.78926849
v 12.51546192 1.68626094 -30.1348877
v 16.77385139 2.25 -27.04264259
v 13.01624203 1.7053957 -30.45795059
v 13.52960014 1.72738278 -30.75584412
v 17.49902153 2.25 -27.91672707
v 14.05517673 1.75217724 -31.02869987
v 14.59280777 1.77974164 -31.27677727
v 18.20658875 2.25 -28.7744236
v 15.14233208 1.81003845 -31.50034142
v 15.70340729 1.84301925 -31.69959259
v 18.89516449 2.25 -29.61360359
v 16.27202034 1.87839806 -31.8737278
v 16.84608078 1.91597152 -32.02309799
v 19.56336021 2.25 -30.43214035
v 17.4249382 1.95561934 -32.14860916
v 18.00794411 1.99722099 -32.25117111
v 20.20978928 2.25 -31.227911
v 18.59445 2.04065633 -32.3316803
v 19.18380356 2.0858047 -32.39105225
v 19.77535629 2.13254571 -32.43018723
v 20.83306313 2.25 -31.99878693
v 20.36845779 2.18075895 -32.44999313
v 20.96246147 2.23032427 -32.45137405
v 21.5567131 2.28112102 -32.43523788
v 22.15081215 2.33305097 -32.40247345
v 22.74559212 2.38613224 -32.35381317
v 23.34071922 2.44028473 -32.29000092
v 23.93562126 2.49540806 -32.21179581
v 24.52972984 2.55140138 -32.11994171
v 25.12247086 2.60816431 -32.01519775
v 25.713274 2.66559625 -31.89831352
v 26.8867836 2.7820642 -31.63114738
v 7.1060195 2.18359804 -16.85556984
v 8.71699429 2.25 -17.7095108
v 7.56826448 2.25 -16.44468498
v 6.27665997 2.2844851 -14.57618809
v 5.43768501 2.38490105 -12.33220291
v 5.01591206 2.43471169 -11.22932053
v 4.59331989 2.48413968 -10.14229107
v 4.16234541 2.5340302 -9.05316544
v 3.71342874 2.58541036 -7.94071913
v 3.24881124 2.63791633 -6.81440687
v 2.77080631 2.69117546 -5.68387079
v 2.28172779 2.74481511 -4.55875063
v 6.51970291 2.25 -16.20157814
v 6.40387249 2.25 -18.39748001
v 6.14410686 2.25 -22.80823517
v 9.11739635 1.9314847 -22.83227348
v 9.50741005 1.88041103 -24.20750618
v 9.88791084 1.83020389 -25.56553078
v 6.00396538 2.25 -24.99430847
v 10.25778008 1.7810533 -26.90038109
v 5.85954475 2.25 -27.14839554
v 5.78632927 2.25 -28.20896339
v 5.71276426 2.25 -29.25616074
v 10.23519611 1.76760447 -29.04823494
v 10.18011665 1.76810026 -29.76224327
v 10.27289581 1.77421033 -27.61646461
v 10.26574707 1.7696842 -28.33267403
v 10.09944534 1.77129674 -30.47349548
v 5.63908863 2.25 -30.28819466
v 5.5655427 2.25 -31.30327225
v 5.49777365 2.25 -32.22642136
v 9.69411469 1.79824364 -32.57983398
v 9.50208759 1.81332541 -33.26780319
v 9.99211311 1.77731633 -31.18125343
v 9.85719395 1.78627121 -31.88412857
v 5.43051195 2.25 -33.13208008
v 9.28031158 1.83160901 -33.94753647
v 5.36394835 2.25 -34.01882172
v 9.02923012 1.85307956 -34.61545181
v 8.75046539 1.8776058 -35.26683426
v 5.29827261 2.25 -34.8852272
v 8.4442091 1.90517056 -35.90172577
v 5.23367596 2.25 -35.72986984
v 8.11063576 1.93575859 -36.52022552
v 5.17034864 2.25 -36.55133057
v 7.7499218 1.96935415 -37.12242126
v 5.10847855 2.25 -37.34819412
v 7.36224318 2.00594163 -37.70840836
v 6.94777632 2.04550552 -38.27827454
v 5.04825544 2.25 -38.11901474
v 6.50669575 2.0880301 -38.83211899
v 4.98988295 2.25 -38.86224747
v 6.0392189 2.13349605 -39.36998367
v 4.93356752 2.25 -39.57632828
v 5.54899263 2.18154454 -39.88844681
v 4.87951612 2.25 -40.25969696
v 5.0391283 2.23186326 -40.38567734
v 4.51079798 2.28432703 -40.86218262
v 3.96517444 2.33881211 -41.31846619
v 3.40342999 2.39519358 -41.7550354
v 2.82673693 2.45334768 -42.17239761
v 2.23626781 2.5131495 -42.57105255
v 1.63319528 2.57447505 -42.95150757
v 1.01867497 2.63719535 -43.31428146
v 0.39388329 2.70119596 -43.65986633
v -0.23994789 2.76638198 -43.98873901
v -0.88158602 2.83265972 -44.30137253
v -22.4761982 2.25 9.26053047
v -21.29548073 2.25 9.12217045
v -19.57650185 2.25 8.93338776
v -17.82876015 2.25 8.75753021
v -23.63824272 2.25 9.40336609
v -24.77970886 2.25 9.54992294
v -25.89868927 2.25 9.69944954
v -26.99332047 2.25 9.85117626
v -28.06188774 2.25 10.00431156
v -29.10523605 2.25 10.1584816
v -30.11381149 2.25 10.31175518
v -28.36930847 1.68442547 -8.45228958
v -28.75580215 1.70208466 -9.02168083
v -29.12752914 1.72148073 -9.60004997
v -29.48403549 1.74263203 -10.18740845
v -29.82487679 1.76555741 -10.7837677
v -30.1496048 1.79027534 -11.38913918
v -30.45776749 1.81680453 -12.00353336
v -30.74891663 1.84516358 -12.62696362
v -31.02246666 1.87535477 -13.25910854
v -31.27720261 1.90729105 -13.8979311
v -31.51272583 1.94095242 -14.54297829
v -31.72879219 1.97633457 -15.19412518
v -31.92515564 2.01343298 -15.85124493
v -32.10156631 2.05224323 -16.51421356
v -32.2577858 2.09276104 -17.1829071
v -32.39353943 2.13497543 -17.85709763
v -32.50831985 2.17877388 -18.5349884
v -32.60192108 2.22409487 -19.21572304
v -32.674263 2.27091098 -19.89898872
v -32.7252388 2.31916976 -20.58412552
v -32.7544632 2.36791253 -21.25825882
v -32.76302338 2.41653752 -21.91433334
v -32.75256729 2.46487689 -22.55144501
v -32.7247467 2.51276231 -23.16869926
v -32.68119812 2.56002545 -23.76519203
v -32.6235733 2.60649848 -24.34002304
v -32.5535202 2.65201306 -24.89229584
v -32.47267914 2.69640136 -25.42110634
v -32.38270187 2.73949504 -25.92555618
v -32.28522873 2.78112578 -26.40474701
v -32.18190765 2.82112598 -26.85777664
v -32.0743866 2.85932708 -27.28374481
v -31.96430969 2.89556098 -27.68175316
v -13.5275116 2.4235909 -5.59523487
v -12.54061699 2.47078085 -5.31993723
v -11.24315834 2.52447653 -4.81657076
v -9.952878 2.57824588 -4.30130291
v -8.67185116 2.63204551 -3.77418017
v -7.40215445 2.68583274 -3.23524857
v -6.14586163 2.7395649 -2.68455362
v -4.90504837 2.79319859 -2.12214112
v -3.68179011 2.84669137 -1.54805744
v -14.50911236 2.37634277 -5.8555665
v -15.48274899 2.32919574 -6.1014061
v -16.4497242 2.2821157 -6.33415747
v -17.89961624 2.25 -7.22773218
v -18.4015789 2.1863873 -6.77213573
v -19.32553291 2.25 -8.53720093
v -20.37399864 2.08881307 -7.17561054
v -22.35890007 1.98988652 -7.54620409
v -20.75011444 2.25 -9.81524086
v -21.7985878 2.25 -10.73828983
v -23.885355 2.25 -12.53508282
v -22.84465981 2.25 -11.64544868
v -24.34819603 1.89010203 -7.88553858
v -24.91770554 2.25 -13.40555763
v -25.93880844 2.25 -14.2553978
v -26.94587898 2.25 -15.08331776
v -27.93609428 2.25 -15.88791656
v -28.90662384 2.25 -16.66778946
v -29.85464668 2.25 -17.4215374
v -30.77733612 2.25 -18.14775085
v -31.67186737 2.25 -18.84503365
v -32.1076889 2.25 -19.18238449
v -32.53541183 2.25 -19.51197624
v -28.30762672 1.68993485 -8.47691727
v -26.33380127 1.78995359 -8.19523525
v -13.51354218 2.43980384 -5.59143353
v -14.49063683 2.40941238 -5.85078335
v -15.47019482 2.37960243 -6.09831238
v -16.45051003 2.35037017 -6.33434486
v -18.40668106 2.29362202 -6.77324438
v -20.15014648 2.25 -7.07405186
v -20.36967087 2.23848557 -7.17478466
v -22.04589462 2.25 -6.87576723
v -23.90222549 2.25 -6.66473818
v -25.12927246 2.25 -6.51646185
v -26.33476448 2.25 -6.36422443
v -27.51723671 2.25 -6.20876312
v -28.67522621 2.25 -6.05081701
v -29.80724144 2.25 -5.89111614
v -30.91165543 2.25 -5.73035908
v -31.98685837 2.25 -5.56927347
v -32.9763031 2.28454947 -5.04441643
v -33.65233612 2.34254479 -4.31260347
v -34.29925156 2.402493 -3.56230068
v -22.34874535 2.18445849 -7.54440546
v -24.33641815 2.1315496 -7.88362265
v -26.32520676 2.07976794 -8.19395447
v -28.30762672 2.02912259 -8.47691727
v -28.74850845 2.04113698 -8.28735256
v -29.18070602 2.05561066 -8.07167053
v -29.60323143 2.07224822 -7.8332448
v -30.01509094 2.09075379 -7.57544708
v -30.41529655 2.1108315 -7.30165052
v -30.80285454 2.13218594 -7.01522732
v -31.17857552 2.15463281 -6.71807957
v -31.54891777 2.17839646 -6.40687323
v -31.91423798 2.20339417 -6.08247519
v -32.27415848 2.22950172 -5.74631453
v -34.91404343 2.46339917 -2.80493355
v -35.49800873 2.52473521 -2.04619312
v -36.06652451 2.58767724 -1.27107787
v -36.62017059 2.65202546 -0.48181063
v -37.15766525 2.7173903 0.31703839
v -37.67773438 2.78338122 1.12088895
v -37.92184448 2.81529021 1.5086987
v -38.14621353 2.84516454 1.87126589
v -38.35386276 2.87330198 2.21229219
v 14.07325554 2.25 10.49008942
v 15.02029133 2.25 11.98073101
v 15.98442936 2.25 13.46175575
v 16.95974731 2.25 14.91903782
v 17.44974518 2.25 15.63436127
v 20.56987572 1.82675707 13.20140648
v 20.73744965 1.84295833 13.70977783
v 17.94027138 2.25 16.33839035
v 20.8868866 1.86138833 14.22408009
v 21.01814842 1.88205159 14.74425697
v 18.43027878 2.25 17.02908897
v 21.13119698 1.90495229 15.27025127
v 21.22597504 1.930089 15.80188942
v 18.91863441 2.25 17.70441437
v 21.3020916 1.95731544 16.33625412
v 19.40420532 2.25 18.36232376
v 21.35968399 1.98652613 16.87192345
v 21.39912605 2.01766753 17.40866089
v 19.88585663 2.25 19.00078011
v 21.42078781 2.05068684 17.94622612
v 21.42504311 2.08553028 18.484375
v 20.36245728 2.25 19.61774063
v 21.41226387 2.1221447 19.02287102
v 21.38282204 2.16047716 19.56147385
v 20.83287048 2.25 20.21116447
v 21.33717728 2.20042515 20.09928894
v 21.19519424 2.25 20.65672874
v 21.19933128 2.28472733 21.16934395
v 21.10805893 2.32893252 21.70109558
v 21.00250816 2.37440801 22.23033714
v 20.88313866 2.42107916 22.75682259
v 20.75041962 2.46887207 23.28030968
v 20.60481071 2.51771212 23.80055237
v 20.44677925 2.56752491 24.31730843
v 20.27678871 2.61823606 24.8303299
v 20.09530258 2.66977143 25.33937454
v 19.9038105 2.72178197 25.84159279
v 19.71292686 2.77161407 26.31289482
v 19.52819443 2.81824112 26.74583054
v 19.35317802 2.86119318 27.13833809
v 19.2704277 2.88114405 27.31878853
v 12.70350456 2.25 8.2764616
v 13.14924812 2.25 9.00395679
v 12.26552582 2.25 7.55520439
v 11.83602428 2.25 6.84188318
v 11.41571426 2.25 6.13819695
v 21.27585793 2.24186683 20.63532639
v 20.38420105 1.81278038 12.69902229
v 20.1804657 1.80102396 12.2026825
v 19.95870399 1.79148328 11.71244144
v 17.25469208 2.85609531 28.76837921
v 16.7374115 2.81302857 28.81209183
v 16.21952438 2.77078819 28.83944893
v 15.7010355 2.72936296 28.85051537
v 15.18195057 2.68874145 28.84535217
v 14.66227436 2.64891243 28.8240242
v 14.14201355 2.60986423 28.7865963
v 13.62135029 2.57159829 28.73315239
v 13.10285378 2.53428197 28.66415024
v 12.58741474 2.49795365 28.58006096
v 12.07509327 2.46259117 28.48127937
v 11.56595039 2.42817283 28.36820221
v 11.06004715 2.39467621 28.2412281
v 10.55744457 2.36207938 28.10075378
v 10.05820179 2.33036065 27.94717407
v 9.56238174 2.29949784 27.7808876
v 9.07004452 2.26946878 27.60229111
v 8.58127213 2.24025273 27.41178703
v 8.0962286 2.21183467 27.20981026
v 7.6150074 2.18419886 26.99678612
v 6.66435766 2.13121176 26.53929329
v 5.72998285 2.08116436 26.04269218
v 4.81254196 2.03393054 25.51036644
v 3.91269374 1.98938334 24.94570541
v 3.03109837 1.94739628 24.35209084
v 2.16841483 1.90784276 23.73291016
v 8.68242073 2.25 27.39476967
v 7.92328072 2.25 26.38207245
v 7.17209339 2.25 25.35099983
v 6.50051832 2.25 24.4061203
v 5.83587217 2.25 23.45077705
v 4.52914 2.25 21.51771164
v 2.21980238 1.98986888 22.42622566
v 2.25380921 2.06990099 21.11367989
v 3.25805879 2.25 19.57206726
v 2.63807225 2.25 18.60112381
v 2.27379251 2.22229981 18.50802422
v 2.2616179 2.29470396 17.21722603
v 2.2351644 2.365134 15.92593956
v 2.19455266 2.43331361 14.64036942
v 2.1399045 2.49896598 13.36672497
v 2.07134056 2.56181431 12.11121655
v 1.98898232 2.62158203 10.88005066
v 1.89295065 2.67799258 9.67943668
v 1.78336692 2.73076892 8.51558399
v 1.72353089 2.75570774 7.94938278
v 1.66035211 2.77963448 7.39470005
v 1.59384596 2.80251431 6.85231209
v 1.52402747 2.82431269 6.32299471
v 1.45091188 2.84499502 5.80752373
v 1.37451422 2.86452675 5.30667591
v 1.29484963 2.8828733 4.82122612
v 2.27146339 2.14751792 19.80453682
vn 0 -1 0
vn -0.42503 -0 0.90518
vn -0.42342 3E-05 0.90593
vn -0.42263 6E-05 0.9063
vn -0.42183 3E-05 0.90667
vn -0.42026 0 0.9074
vn 0.56684 0 0.82383
vn 0.56542 -0.0001 0.8248
vn 0.56472 -0.0002 0.82528
vn 0.56402 -0.0001 0.82576
vn 0.56261 -0 0.82672
vn -0.07357 0.99563 -0.05758
vn -0.07397 0.99561 -0.05731
vn -0.07394 0.99565 -0.05666
vn -0.07307 0.99562 -0.05827
vn -0.07333 0.99561 -0.05813
vn -0.07357 0.99562 -0.05766
vn -0.07256 0.99562 -0.05895
vn -0.0726 0.99562 -0.05894
vn -0.07298 0.99561 -0.05854
vn -0.07226 0.99562 -0.05939
vn -0.07201 0.99562 -0.05957
vn -0.07186 0.99562 -0.05983
vn -0.07145 0.99563 -0.06021
vn -0.07142 0.99562 -0.06027
vn -0.0709 0.99563 -0.06085
vn -0.07096 0.99563 -0.06073
vn -0.07054 0.99563 -0.06127
vn -0.07032 0.99563 -0.06144
vn -0.07006 0.99563 -0.0618
vn -0.06976 0.99563 -0.06206
vn -0.06933 0.99562 -0.06269
vn -0.06923 0.99562 -0.06276
vn -0.06859 0.99563 -0.06344
vn -0.06848 0.99562 -0.06361
vn -0.06791 0.99562 -0.06424
vn -0.06788 0.99562 -0.06429
vn -0.06749 0.99562 -0.06476
vn -0.06729 0.99561 -0.06505
vn -0.06685 0.99561 -0.0655
vn -0.06662 0.9956 -0.06585
vn -0.06619 0.9956 -0.0663
vn -0.06596 0.9956 -0.0666
vn -0.06549 0.99561 -0.06685
vn -0.06532 0.99558 -0.0675
vn -0.06458 0.99559 -0.06805
vn -0.06441 0.99556 -0.06857
vn -0.06389 0.99557 -0.06903
vn -0.0636 0.99556 -0.06945
vn -0.06609 0.99576 -0.06404
vn -0.06638 0.99567 -0.06503
vn -0.06344 0.99554 -0.06975
vn -0.06343 0.99554 -0.06978
vn -0.06335 0.99556 -0.06969
vn -0.06331 0.99555 -0.06975
vn -0.06229 0.99553 -0.07096
vn -0.06226 0.99553 -0.07099
vn -0.06118 0.99551 -0.0723
vn -0.06104 0.9955 -0.07242
vn -0.05994 0.99547 -0.07378
vn -0.0597 0.99547 -0.074
vn -0.05855 0.99543 -0.07545
vn -0.05859 0.99543 -0.07541
vn -0.05771 0.99541 -0.07637
vn -0.0632 0.99555 -0.06995
vn -0.06296 0.99555 -0.07017
vn -0.06276 0.99554 -0.0704
vn -0.06258 0.99554 -0.07065
vn -0.06234 0.99552 -0.07109
vn -0.06211 0.99553 -0.0712
vn -0.06131 0.99551 -0.0721
vn -0.06118 0.99548 -0.07257
vn -0.0604 0.9955 -0.07302
vn -0.05983 0.99545 -0.07418
vn -0.05982 0.99545 -0.07414
vn -0.05851 0.99546 -0.07512
vn -0.05696 0.99538 -0.07736
vn -0.05667 0.99537 -0.07764
vn -0.0555 0.99533 -0.07901
vn -0.05514 0.9953 -0.07956
vn -0.05422 0.99528 -0.08049
vn -0.053 0.99522 -0.08208
vn -0.053 0.99522 -0.08208
vn -0.05147 0.99516 -0.08375
vn -0.05115 0.99513 -0.08421
vn -0.04997 0.99508 -0.08553
vn -0.04979 0.99507 -0.0858
vn -0.04837 0.99499 -0.08745
vn -0.04832 0.99499 -0.08754
vn -0.04667 0.99489 -0.08948
vn -0.0467 0.9949 -0.08942
vn -0.04489 0.99478 -0.09162
vn -0.04492 0.99479 -0.09149
vn -0.04301 0.99466 -0.09386
vn -0.06425 0.99557 -0.06865
vn -0.06434 0.99557 -0.0685
vn -0.0651 0.99558 -0.06764
vn -0.06525 0.99559 -0.06741
vn -0.06589 0.99559 -0.06671
vn -0.68121 0.03342 -0.73132
vn -0.70998 -0.02077 -0.70392
vn -0.71186 -0.07385 -0.69842
vn -0.73068 0.01075 -0.68263
vn -0.75295 -0.01452 -0.65792
vn -0.75757 -0.05325 -0.65057
vn -0.77645 0.00569 -0.63016
vn -0.79857 -0.00568 -0.60188
vn -0.80147 0.00301 -0.59803
vn -0.82663 -0.00325 -0.56274
vn -0.82778 0 -0.56105
vn -0.85993 0 -0.51041
vn -0.86668 0.00313 -0.49886
vn -0.85398 0 -0.52031
vn -0.86341 0.00165 -0.5045
vn -0.87131 -0.00056 -0.49074
vn -0.88251 0.00117 -0.4703
vn -0.88261 0.00123 -0.4701
vn -0.89349 -0.00058 -0.44907
vn -0.90151 0.00176 -0.43275
vn -0.90422 0.00035 -0.42707
vn -0.91463 -0.00027 -0.40428
vn -0.91983 0.00199 -0.39232
vn -0.92469 -0.00021 -0.38073
vn -0.93433 0.00026 -0.35641
vn -0.93723 0.00198 -0.34871
vn -0.94351 -0.0005 -0.33136
vn -0.95216 0.00091 -0.30559
vn -0.95333 0.00181 -0.30194
vn -0.96025 -0.00061 -0.27914
vn -0.96771 0.00157 -0.25204
vn -0.96771 0.00157 -0.25207
vn -0.97451 -0.00061 -0.22435
vn -0.97993 0.00187 -0.19932
vn -0.98058 0.00113 -0.19611
vn -0.98589 -0.00055 -0.16738
vn -0.98957 0.00204 -0.14402
vn -0.9904 0.00083 -0.13823
vn -0.99407 -0.00048 -0.10872
vn -0.99621 0.0021 -0.08699
vn -0.99688 0.00057 -0.07893
vn -0.9988 -0.00038 -0.04894
vn -0.99958 0.00213 -0.02906
vn -0.99982 0.00035 -0.01882
vn -0.99994 -0.00027 0.01135
vn -0.99957 0.00212 0.0292
vn -0.99914 0.00016 0.04147
vn -0.99744 -0.00014 0.07148
vn -0.99619 0.00208 0.08716
vn -0.99486 -0 0.10128
vn -0.99141 0 0.13081
vn -0.98957 0.00197 0.14402
vn -0.98712 -0.00016 0.15998
vn -0.98203 0.00019 0.18873
vn -0.98002 0.00182 0.19891
vn -0.97617 -0.00031 0.217
vn -0.96959 0.00045 0.24473
vn -0.96791 0.00161 0.25131
vn -0.96234 -0.00042 0.27186
vn -0.95637 0.00052 0.29214
vn -0.95446 -0.00025 0.29835
vn -0.94667 0.0003 0.32219
vn -0.946 0 0.32416
vn -0.15603 -0 -0.98775
vn -0.15603 0 -0.98775
vn -0.98003 0 -0.19885
vn -0.98005 0 -0.19873
vn -0.98006 0 -0.19868
vn -0.98008 0 -0.19862
vn -0.9801 -0 -0.1985
vn 0 1 -0
vn 0 1 -0
vn 0 1 0
vn 0 1 0
vn 0 1 0
vn 0 1 0
vn 0 1 0
vn 0 1 0
vn 0 1 0
vn 0 1 0
vn 0 1 0
vn 0 1 0
vn 0 1 0
vn -0 1 0
vn 0 1 0
vn -0 1 0
vn 0 1 0
vn -0 1 0
vn 0 1 0
vn -0 1 0
vn 0 1 -0
vn 0 1 0
vn 0 1 -0
vn 0 1 0
vn 0 1 0
vn 0 1 0
vn -0 1 0
vn -0 1 0
vn 0 1 -0
vn 0 1 0
vn -0 1 0
vn 0 1 -0
vn 0 1 0
vn 0 1 -0
vn 0 1 0
vn 0 1 0
vn 0 1 0
vn 0 1 0
vn 0 1 0
vn 0 1 0
vn 0 1 0
vn 0 1 0
vn 0 1 -0
vn 0 1 0
vn 0 1 0
vn 0 1 0
vn 0 1 0
vn 0 1 0
vn 0 1 0
vn 0 1 0
vn -0 1 0
vn 0 1 0
vn 0 1 -0
vn 0 1 0
vn 0 1 -0
vn 0 1 0
vn -0 1 0
vn 0 1 -0
vn 0 1 0
vn 0 1 -0
vn 0 1 0
vn 0 1 -0
vn 0 1 -0
vn 0 1 0
vn 0 1 -0
vn -0 1 0
vn -0 1 0
vn 0 1 -0
vn -0 1 0
vn -0 1 -0
vn 0 1 0
vn 0 1 0
vn 0 1 -0
vn -0 1 -0
vn -0 1 -0
vn -0 1 0
vn 0 1 -0
vn 0 1 -0
vn -0 1 0
vn 0 1 0
vn 0 1 0
vn 0 1 0
vn -0 1 0
vn 0 1 -0
vn -0 1 -0
vn -0 1 0
vn -0 1 0
vn -0 1 -0
vn -0 1 -0
vn 0 1 -0
vn 0 1 -0
vn -0 1 0
vn -0 1 0
vn 0 1 -0
vn -0 1 0
vn 0 1 -0
vn -0 1 0
vn 0 1 -0
vn 0 1 -0
vn -0 1 0
vn -0 1 -0
vn 0 1 0
vn 0 1 0
vn 0 1 0
vn 0 1 0
vn -0 1 -0
vn -0 1 0
vn -0 1 -0
vn -0 1 0
vn -0 1 0
vn -0 1 0
vn -0 1 0
vn -0 1 0
vn -0 1 0
vn -0 1 0
vn -0 1 0
vn -0 1 -0
vn -0 1 0
vn -0 1 0
vn -0 1 -0
vn -0 1 -0
vn 0 1 0
vn 0 1 0
vn -0 1 0
vn -0 1 0
vn -0 1 0
vn -0 1 -0
vn -0 1 -0
vn -0 1 -0
vn 0 1 -0
vn -0 1 -0
vn -0 1 -0
vn 0 1 -0
vn 0 1 -0
vn 0 1 -0
vn 0 1 0
vn 0 1 -0
vn 0 1 -0
vn 0 1 0
vn 0 1 -0
vn 0 1 0
vn 0 1 -0
vn 0 1 0
vn 0 1 -0
vn 0 1 -0
vn 0 1 -0
vn 0 1 -0
vn 0 1 -0
vn 0 1 -0
vn 0 1 -0
vn 0 1 -0
vn 0 1 -0
vn 0 1 -0
vn 0 1 -0
vn 0 1 -0
vn 0 1 -0
vn 0 1 -0
vn 0 1 -0
vn 0 1 -0
vn 0 1 -0
vn 0 1 -0
vn 0 1 -0
vn 0 1 -0
vn 0 1 -0
vn 0 1 -0
vn 0 1 0
vn 0 1 0
vn -0 1 -0
vn -0 1 -0
vn -0 1 -0
vn 0 1 -0
vn 0 1 -0
vn 0 1 -0
vn -0 1 0
vn -0 1 0
vn -0 1 0
vn -0 1 0
vn -0 1 0
vn 0 1 0
vn 0 1 0
vn 0 1 -0
vn 0 1 -0
vn 0 1 -0
vn 0 1 -0
vn -0 1 -0
vn -0 1 -0
vn 0 1 -0
vn 0 1 -0
vn -0 1 -0
vn 0 1 0
vn 0 1 0
vn 0 1 0
vn -0 1 0
vn -0 1 0
vn 0 1 -0
vn -0 1 0
vn 0 1 0
vn 0 1 0
vn 0 1 0
vn 0 1 -0
vn -0 1 -0
vn -0 1 -0
vn 0 1 -0
vn -0 1 -0
vn -0 1 -0
vn -0 1 -0
vn -0 1 -0
vn -0 1 -0
vn -0 1 -0
vn -0 1 -0
vn -0 1 -0
vn 0 1 0
vn 0 1 0
vn -0 1 0
vn 0 1 0
vn -0 1 -0
vn -0 1 -0
vn -0 1 -0
vn -0 1 -0
vn 0 1 -0
vn -0 1 -0
vn -0 1 -0
vn -0 1 -0
vn -0 1 -0
vn -0 1 -0
vn 0 1 -0
vn 0 1 -0
vn 0 1 -0
vn 0 1 -0
vn -0 1 -0
vn -0 1 -0
vn 0 1 -0
vn -0 1 -0
vn 0 1 0
vn 0 1 -0
vn 0 1 -0
vn 0 1 -0
vn -0 1 -0
vn 0 1 0
vn 0 1 -0
vn -0 1 -0
vn 0 1 0
vn -0 1 0
vn -0 1 -0
vn -0 1 -0
vn 0 1 -0
vn -0 1 -0
vn -0 1 -0
vn -0 1 -0
vn -0 1 -0
vn -0 1 -0
vn -0 1 -0
vn -0 1 -0
vn -0 1 -0
vn -0 1 -0
vn -0 1 -0
vn -0 1 -0
vn -0 1 -0
vn -0 1 -0
vn -0 1 -0
vn -0 1 -0
vn -0 1 -0
vn -0 1 -0
vn -0 1 -0
vn -0 1 -0
vn -0 1 -0
vn -0 1 -0
vn -0 1 -0
vn -0 1 -0
vn -0 1 0
vn -0 1 -0
vn -0 1 0
vn -0 1 -0
vn -0 1 0
vn -0 1 0
vn -0 1 -0
vn -0 1 -0
vn -0 1 -0
vn -0 1 -0
vn -0 1 -0
vn -0 1 -0
vn -0 1 -0
vn -0 1 -0
vn -0 1 -0
vn -0 1 -0
vn -0 1 -0
vn -0 1 -0
vn -0 1 -0
vn -0 1 -0
vn -0 1 -0
vn -0 1 -0
vn -0 1 -0
vn -0 1 -0
vn -0 1 -0
vn -0 1 -0
vn -0 1 -0
vn -0 1 -0
vn -0 1 -0
vn 0 1 -0
vn 0 1 0
vn 0 1 -0
vn 0 1 0
vn 0 1 0
vn 0 1 -0
vn 0 1 0
vn 0 1 0
vn 0 1 0
vn 0 1 0
vn 0 1 -0
vn -0 1 -0
vn -0 1 0
vn 0 1 0
vn 0 1 -0
vn 0 1 -0
vn 0 1 0
vn 0 1 -0
vn 0 1 0
vn 0 1 -0
vn 0 1 -0
vn 0 1 0
vn 0 1 -0
vn 0 1 -0
vn 0 1 0
vn 0 1 -0
vn 0 1 -0
vn 0 1 0
vn 0 1 -0
vn 0 1 -0
vn 0 1 -0
vn 0 1 -0
vn 0 1 0
vn 0 1 -0
vn 0 1 -0
vn 0 1 0
vn 0 1 -0
vn 0 1 -0
vn 0 1 -0
vn -0 1 0
vn 0 1 -0
vn 0 1 0
vn -0 1 -0
vn 0 1 -0
vn 0 1 -0
vn 0 1 -0
vn 0 1 0
vn 0 1 -0
vn 0 1 -0
vn 0 1 -0
vn 0 1 -0
vn 0 1 -0
vn 0 1 -0
vn 0 1 -0
vn 0 1 -0
vn 0 1 -0
vn 0 1 -0
vn 0 1 -0
vn 0 1 0
vn 0 1 -0
vn 0 1 0
vn 0 1 -0
vn 0 1 -0
vn 0 1 -0
vn 0 1 -0
vn 0 1 -0
vn 0 1 -0
vn 0 1 -0
vn 0 1 -0
vn 0 1 -0
vn 0 1 -0
vn 0 1 -0
vn 0 1 -0
vn 0 1 -0
vn 0 1 -0
vn 0 1 -0
vn 0 1 -0
vn 0 1 -0
vn -0 1 -0
vn -0 1 0
vn -0 1 -0
vn -0 1 0
vn -0 1 -0
vn -0 1 0
vn -0 1 -0
vn -0 1 -0
vn -0 1 -0
vn -0 1 -0
vn -0 1 -0
vn -0 1 -0
vn -0 1 -0
vn 0 1 0
vn -0 1 -0
vn 0 1 -0
vn 0 1 0
vn 0 1 -0
vn 0 1 -0
vn -0 1 -0
vn -0 1 -0
vn 0 1 -0
vn 0 1 -0
vn 0 1 -0
vn 0 1 0
vn -0 1 -0
vn -0 1 -0
vn 0 1 -0
vn 0 1 -0
vn 0 1 -0
vn 0 1 -0
vn 0 1 -0
vn 0 1 -0
vn 0 1 -0
vn -0 1 -0
vn 0 1 0
vn -0 1 0
vn -0 1 0
vn -0 1 0
vn -0 1 0
vn 0 1 0
vn -0 1 0
vn -0 1 0
vn 0 1 0
vn -0 1 0
vn -0 1 -0
vn 0 1 -0
vn 0 1 0
vn 0 1 -0
vn 0 1 -0
vn 0 1 -0
vn 0 1 -0
vn 0 1 0
vn -0 1 -0
vn 0 1 -0
vn -0 1 -0
vn -0 1 -0
vn 0 1 -0
vn 0 1 -0
vn -0 1 0
vn 0 1 0
vn -0 1 -0
vn -0 1 -0
vn -0 1 -0
vn -0 1 -0
vn -0 1 -0
vn -0 1 -0
vn -0 1 -0
vn -0 1 -0
vn -0 1 -0
vn -0 1 -0
vn -0 1 -0
vn -0 1 -0
vn -0 1 -0
vn -0 1 -0
vn -0 1 -0
vn -0 1 -0
vn -0 1 -0
vn -0 1 -0
vn -0 1 -0
vn -0 1 -0
vn -0 1 -0
vn -0 1 -0
vn 0 1 -0
vn -0 1 -0
vn 0 1 -0
vn 0 1 -0
vn 0 1 -0
vn 0 1 -0
vn 0 1 -0
vn 0 1 -0
vn 0 1 -0
vn 0 1 -0
vn 0 1 -0
vn -0 1 -0
vn 0 1 0
vn 0 1 0
vn -0.23688 0 0.97154
vn -0.2415 0.00163 0.9704
vn -0.25213 -0.00062 0.96769
vn -0.26676 0.0013 0.96376
vn -0.26769 0.0009 0.9635
vn -0.28356 -0.00052 0.95895
vn -0.2934 0.00186 0.95599
vn -0.29975 -0.0001 0.95402
vn -0.31623 0.00013 0.94868
vn -0.32149 0.00188 0.94691
vn -0.33301 -0.00056 0.94292
vn -0.35007 0.00114 0.93672
vn -0.35102 0.00153 0.93637
vn -0.36741 -0.00062 0.93006
vn -0.38195 0.00185 0.92418
vn -0.38501 0.00075 0.92291
vn -0.40286 -0.00043 0.91526
vn -0.41426 0.00216 0.91016
vn -0.42093 0.00016 0.90709
vn -0.43922 -0.0001 0.89838
vn -0.44789 0.00226 0.89409
vn -0.45769 -0.0002 0.88911
vn -0.47632 0.00029 0.87927
vn -0.48273 0.00225 0.87577
vn -0.49509 -0.00041 0.86884
vn -0.51397 0.00066 0.85781
vn -0.51862 0.00219 0.855
vn -0.53293 -0.00052 0.84616
vn -0.54616 0.0005 0.83768
vn -0.55193 -0.00055 0.83389
vn -0.56468 0.00053 0.82531
vn -0.57093 -0.00056 0.821
vn -0.58327 0.00055 0.81228
vn -0.58991 -0.00057 0.80747
vn -0.60189 0.00056 0.79858
vn -0.60883 -0.00058 0.7933
vn -0.6205 0.00057 0.78421
vn -0.62763 -0.00058 0.77851
vn -0.63905 0.00057 0.76917
vn -0.64629 -0.00058 0.76309
vn -0.6575 0.00057 0.75345
vn -0.66476 -0.00057 0.74706
vn -0.67581 0.00057 0.73707
vn -0.683 -0.00057 0.73042
vn -0.69394 0.00057 0.72003
vn -0.70096 -0.00056 0.7132
vn -0.71184 0.00057 0.70234
vn -0.71861 -0.00055 0.69541
vn -0.72946 0.00056 0.68402
vn -0.7359 -0.00053 0.67709
vn -0.74676 0.00055 0.66509
vn -0.7528 -0.00052 0.65825
vn -0.76496 0.00065 0.64407
vn -0.76927 -0.00033 0.63892
vn -0.78386 0.00041 0.62093
vn -0.78527 0 0.61915
vn 0.06567 0.99562 0.06651
vn 0.06623 0.99562 0.06593
vn 0.0662 0.99562 0.06602
vn 0.0667 0.99562 0.0655
vn 0.06674 0.99562 0.06546
vn 0.06767 0.99562 0.06451
vn 0.06769 0.99561 0.06459
vn 0.06718 0.9956 0.06528
vn 0.07042 0.99543 0.06448
vn 0.06726 0.99563 0.06483
vn 0.06769 0.99562 0.06448
vn 0.06891 0.99561 0.0634
vn 0.06866 0.99561 0.0636
vn 0.06936 0.99561 0.06284
vn 0.06924 0.99561 0.06304
vn 0.06947 0.9956 0.06286
vn 0.06978 0.9956 0.06251
vn 0.0703 0.99559 0.0621
vn 0.07033 0.99559 0.06203
vn 0.07076 0.9956 0.0615
vn 0.07125 0.99558 0.06111
vn 0.07126 0.99559 0.06109
vn 0.07159 0.99559 0.06057
vn 0.07183 0.99559 0.06037
vn 0.07196 0.99559 0.06013
vn 0.07223 0.99559 0.05988
vn 0.0723 0.99559 0.0597
vn 0.07261 0.99559 0.05939
vn 0.07262 0.9956 0.05928
vn 0.07294 0.9956 0.05888
vn 0.07295 0.9956 0.0589
vn 0.07316 0.99561 0.05846
vn 0.07337 0.9956 0.05837
vn 0.07334 0.99562 0.05803
vn 0.0738 0.99559 0.05784
vn 0.06596 0.99562 0.06622
vn 0.06553 0.99562 0.06669
vn 0.06521 0.99563 0.06681
vn 0.06485 0.99563 0.06726
vn 0.06521 0.99562 0.06703
vn 0.06431 0.99562 0.06781
vn 0.06339 0.99562 0.06868
vn 0.06334 0.99562 0.06872
vn 0.06414 0.99562 0.06801
vn 0.06414 0.99562 0.06801
vn 0.06396 0.99563 0.06807
vn 0.06249 0.99562 0.0695
vn 0.06237 0.99562 0.06958
vn 0.06157 0.99562 0.07032
vn 0.06125 0.99563 0.07055
vn 0.06058 0.99562 0.07119
vn 0.06003 0.99563 0.07158
vn 0.05966 0.99562 0.07194
vn 0.05932 0.99562 0.07223
vn 0.05871 0.99563 0.07269
vn 0.0587 0.99563 0.07269
vn 0.05807 0.99562 0.07324
vn 0.05739 0.99563 0.07373
vn 0.05721 0.99563 0.07384
vn 0.05668 0.99562 0.0743
vn 0.05593 0.99563 0.07484
vn 0.05555 0.99563 0.07507
vn 0.05515 0.99563 0.07542
vn 0.05433 0.99562 0.07602
vn 0.05366 0.99563 0.07641
vn 0.05348 0.99563 0.07658
vn 0.05258 0.99562 0.07727
vn 0.05165 0.99563 0.07781
vn 0.05146 0.99563 0.07789
vn 0.05066 0.99562 0.07856
vn 0.04963 0.99562 0.07919
vn 0.04886 0.99564 0.07948
vn 0.04791 0.99561 0.08043
vn 0.04582 0.99565 0.08119
vn 0.04525 0.99561 0.08199
vn 0.04327 0.99564 0.08268
vn 0.04184 0.99553 0.08465
vn 0.05997 0.99559 0.07212
vn 0.0605 0.99561 0.07144
vn 0.06055 0.99563 0.07115
vn 0.06107 0.99561 0.071
vn 0.06158 0.99562 0.07033
vn 0.06155 0.99562 0.07033
vn 0.06212 0.99561 0.06999
vn 0.06248 0.99562 0.06949
vn 0.06259 0.99562 0.06945
vn 0.0631 0.99562 0.06905
vn 0.06333 0.99563 0.0687
vn 0.06356 0.99562 0.06858
vn 0.06445 0.99562 0.06773
vn 0.06484 0.99563 0.06727
vn 0.62163 0 0.78331
vn 0.6208 0.0003 0.78397
vn 0.59064 -0.00028 0.80694
vn 0.58796 0.00059 0.80889
vn 0.55852 -0.00056 0.82949
vn 0.55373 0.00086 0.8327
vn 0.52542 -0.0008 0.85084
vn 0.51824 0.00111 0.85523
vn 0.49148 -0.00101 0.87089
vn 0.48171 0.0013 0.87633
vn 0.45686 -0.00117 0.88954
vn 0.4445 0.0014 0.89578
vn 0.42172 -0.00126 0.90672
vn 0.40703 0.00144 0.91341
vn 0.38625 -0.00129 0.92239
vn 0.36954 0.00143 0.92922
vn 0.35061 -0.00129 0.93652
vn 0.33222 0.00139 0.9432
vn 0.31497 -0.00126 0.9491
vn 0.29528 0.00133 0.95541
vn 0.2795 -0.00121 0.96015
vn 0.25889 0.00126 0.96591
vn 0.24434 -0.00117 0.96969
vn 0.2232 0.00119 0.97477
vn 0.20963 -0.00112 0.97778
vn 0.18838 0.00112 0.9821
vn 0.17551 -0.00108 0.98448
vn 0.15464 0.00107 0.98797
vn 0.14206 -0.00105 0.98986
vn 0.12209 0.00103 0.99252
vn 0.1094 -0.00103 0.994
vn 0.09079 0.00101 0.99587
vn 0.07759 -0.00101 0.99698
vn 0.06075 0.00098 0.99815
vn 0.0467 -0.001 0.99891
vn 0.032 0.00093 0.99949
vn 0.01677 -0.00096 0.99986
vn 0.00452 0.00085 0.99999
vn -0.01217 -0.00089 0.99993
vn -0.02169 0.00072 0.99976
vn -0.04009 -0.00076 0.9992
vn -0.04666 0.00051 0.99891
vn -0.06699 -0.00055 0.99775
vn -0.07043 0.00022 0.99752
vn -0.09287 -0.00023 0.99568
vn -0.09302 -0.00019 0.99566
vn -0.11443 0.00017 0.99343
vn -0.11773 -0.00055 0.99305
vn -0.13475 0.00043 0.99088
vn -0.14158 -0.00076 0.98993
vn -0.15402 0.00053 0.98807
vn -0.16446 -0.00078 0.98638
vn -0.18097 0.00178 0.98349
vn -0.18638 0.00019 0.98248
vn -0.20736 -0.00016 0.97826
vn -0.21416 0.00168 0.9768
vn -0.22745 -0.00066 0.97379
vn -0.24429 0.00118 0.9697
vn -0.24667 0.00041 0.9691
vn -0.26506 -0.00031 0.96423
vn -0.26699 0.00018 0.9637
vn -0.28265 -0.00019 0.95922
vn -0.28333 0 0.95902
vn -0.94729 0 0.32037
vn -0.97856 0.00992 -0.20575
vn -0.97835 -0.00224 -0.20696
vn -0.97812 0.00341 -0.20803
vn -0.97808 0.00146 -0.20823
vn -0.9778 -0.00098 -0.20955
vn -0.97767 0.00269 -0.21012
vn -0.9775 -0.00066 -0.21094
vn -0.9772 0.00151 -0.2123
vn -0.97718 0.00099 -0.21241
vn -0.97684 -0.00014 -0.21395
vn -0.97672 0.00196 -0.21451
vn -0.97649 -0.00023 -0.21558
vn -0.9762 0.00178 -0.21685
vn -0.97611 0.0005 -0.21729
vn -0.9757 0.00085 -0.21911
vn -0.97538 0.00529 -0.22045
vn -0.97526 0.00309 -0.22104
vn -0.9748 0.00018 -0.22309
vn -0.9741 0.00303 -0.2261
vn -0.97402 0.00164 -0.22644
vn -0.97297 3E-05 -0.23091
vn -0.97285 -0.00123 -0.23141
vn -0.97216 0.00146 -0.2343
vn -0.97147 -0.00175 -0.23714
vn -0.97124 0.0002 -0.23811
vn -0.97023 0.00043 -0.24219
vn -0.96982 -0.00213 -0.2438
vn -0.9691 0.00093 -0.24668
vn -0.96837 -0.00054 -0.24952
vn -0.96782 0.00097 -0.25165
vn -0.96726 -0.00057 -0.25378
vn -0.96654 0.00056 -0.25653
vn -0.96602 -5E-05 -0.25846
vn -0.96463 7E-05 -0.26359
vn -0.96452 0.00023 -0.26402
vn -0.96307 -0.00017 -0.26927
vn -0.96243 0.00041 -0.27154
vn -0.96128 -0.00026 -0.27556
vn -0.96061 9E-05 -0.27789
vn -0.95926 -0.00015 -0.28253
vn -0.9663 -0 -0.25741
vn -0.95924 -0.00017 -0.2826
vn -0.95777 0.00011 -0.28753
vn -0.95688 -0.00031 -0.2905
vn -0.95613 8E-05 -0.29294
vn -0.95431 -0.00011 -0.29882
vn -0.95412 -0.00025 -0.29944
vn -0.95229 0.00014 -0.30521
vn -0.95086 -0.00037 -0.30963
vn -0.95002 5E-05 -0.31219
vn -0.94747 -6E-05 -0.31984
vn -0.94696 -0.00035 -0.32136
vn -0.94458 0.00018 -0.32827
vn -0.94222 -0.00042 -0.33499
vn -0.94129 -0 -0.3376
vn -0.00104 0.99423 0.10731
vn -0.00094 0.99422 0.10734
vn -0.00019 0.99423 0.10729
vn 0.00022 0.99423 0.10729
vn -2E-05 0.99422 0.10738
vn 0.00046 0.99423 0.10731
vn 0.00071 0.99423 0.10723
vn 0.00072 0.99423 0.10728
vn 0.00119 0.99422 0.10733
vn -0.00151 0.99422 0.10739
vn -0.00185 0.99423 0.1073
vn -0.0025 0.99422 0.10737
vn -0.00261 0.99421 0.10739
vn -0.00282 0.99421 0.10743
vn -0.00241 0.99422 0.1073
vn -0.00319 0.99422 0.1073
vn -0.00361 0.99421 0.10735
vn -0.00339 0.99422 0.1073
vn -0.00403 0.99422 0.10726
vn -0.00448 0.99422 0.10728
vn -0.00496 0.99421 0.10735
vn -0.00449 0.99422 0.10723
vn -0.00449 0.99423 0.10714
vn -0.00491 0.99423 0.1072
vn -0.00571 0.99424 0.10704
vn -0.00672 0.99423 0.10708
vn -0.00672 0.99423 0.10709
vn -0.00769 0.99422 0.10709
vn -0.00545 0.99422 0.1072
vn -0.00597 0.99421 0.10725
vn -0.00572 0.99422 0.1072
vn -0.00652 0.99422 0.10713
vn -0.00709 0.99422 0.10714
vn -0.00743 0.99423 0.10706
vn -0.00833 0.99422 0.10703
vn -0.00895 0.99421 0.10708
vn -0.00834 0.99423 0.10695
vn -0.00966 0.99422 0.10693
vn -0.0095 0.99422 0.10691
vn -0.01039 0.99423 0.10681
vn -0.0111 0.99422 0.10682
vn -0.01075 0.99423 0.10676
vn -0.01191 0.99423 0.10665
vn -0.01265 0.99421 0.10668
vn -0.01213 0.99423 0.10657
vn -0.01356 0.99423 0.10645
vn -0.01327 0.99423 0.10642
vn -0.01447 0.99423 0.10633
vn -0.01408 0.99424 0.10628
vn -0.01541 0.99422 0.10621
vn -0.01492 0.99424 0.1061
vn -0.01581 0.99423 0.10608
vn -0.0158 0.99424 0.106
vn -0.01673 0.99423 0.10598
vn -0.01541 0.99426 0.10592
vn -0.01766 0.99424 0.10567
vn -0.01869 0.99423 0.10562
vn -0.01863 0.99427 0.10529
vn -0.02046 0.99435 0.10414
vn -0.01649 0.99424 0.10589
vn -0.01672 0.99424 0.10589
vn -0.01751 0.99425 0.10565
vn -0.01766 0.99425 0.10566
vn -0.01863 0.99427 0.10529
vn -0.02034 0.99425 0.10517
vn -0.02033 0.99425 0.10517
vn -0.02111 0.99423 0.10515
vn -0.01942 0.99428 0.10507
vn -0.02233 0.99426 0.10467
vn -0.02309 0.99424 0.10462
vn -0.02179 0.99428 0.10458
vn -0.02437 0.99427 0.10409
vn -0.02511 0.99426 0.10401
vn -0.02642 0.99428 0.10344
vn -0.02447 0.99428 0.10401
vn -0.01732 0.99426 0.1056
vn -0.0137 0.99425 0.10617
vn -0.01495 0.99422 0.10627
vn -0.01408 0.99424 0.10626
vn -0.01214 0.99425 0.10638
vn -0.01328 0.99422 0.1065
vn -0.01212 0.99424 0.10646
vn -0.01074 0.99424 0.10662
vn -0.01074 0.99424 0.10662
vn -0.00946 0.99424 0.10675
vn -0.00948 0.99424 0.10676
vn -0.00828 0.99424 0.10686
vn -0.00833 0.99424 0.10687
vn -0.00721 0.99424 0.10696
vn -0.00742 0.99423 0.10698
vn -0.00622 0.99424 0.107
vn -0.00337 0.99423 0.10724
vn -0.00339 0.99423 0.10724
vn -0.00205 0.99423 0.10721
vn -0.00241 0.99422 0.10735
vn -0.00151 0.99423 0.10723
vn -0.00114 0.99423 0.10728
vn -0.00058 0.99423 0.10725
vn 0.0021 0.99422 0.1073
vn 0.00148 0.99423 0.10728
vn 0.00051 0.9942 0.1075
vn 0.00168 0.99427 0.10689
vn 0.00294 0.99422 0.10733
vn 0.00261 0.99423 0.10727
vn 0.00227 0.99422 0.10729
vn 0.00375 0.99421 0.10736
vn 0.00357 0.99422 0.10727
vn 0.00326 0.99423 0.10726
vn 0.00435 0.99422 0.10725
vn 0.0042 0.99423 0.10718
vn 0.00385 0.99422 0.10729
vn 0.00475 0.9942 0.10742
vn 0.00468 0.99422 0.10723
vn 0.0045 0.99423 0.10714
vn 0.00287 0.99422 0.10737
vn 0.00187 0.99421 0.10739
vn -1E-05 0.99422 0.10738
vn -0.00044 0.99422 0.10735
vn -0.58245 -0 0.81287
vn -0.58245 0 0.81287
vn -0.03247 0.99422 0.10231
vn -0.31644 -0 0.94861
vn -0.31652 0.00569 0.94857
vn -0.33978 -0.00559 0.94049
vn -0.34075 0.00588 0.94014
vn -0.3603 -0.00626 0.93282
vn -0.3622 0.00566 0.93208
vn -0.37845 -0.00639 0.9256
vn -0.38128 0.00528 0.92444
vn -0.39599 -0.00743 0.91823
vn -0.39844 0.00313 0.91719
vn -0.41216 -0.00551 0.9111
vn -0.41379 0.00178 0.91037
vn -0.42793 -0.00479 0.9038
vn -0.43382 -0.02724 0.90059
vn -0.44009 0.00083 0.89795
vn -0.45163 -0.00313 0.8922
vn -0.45651 -0.02131 0.88946
vn -0.46174 0.0013 0.88702
vn -0.47145 -0.00374 0.88188
vn -0.47478 -0.01684 0.87995
vn -0.47983 0.00228 0.87736
vn -0.48824 -0.00644 0.87268
vn -0.48959 -0.01243 0.87187
vn -0.49518 0.00288 0.86878
vn -0.50188 -0.01015 0.86488
vn -0.50469 0.01339 0.8632
vn -0.51264 -0.01163 0.85853
vn -0.5165 0.01326 0.85618
vn -0.52202 -0.01125 0.85286
vn -0.52688 0.01074 0.84987
vn -0.53022 -0.00882 0.84781
vn -0.5361 0.00592 0.84413
vn -0.53738 -0.00353 0.84333
vn -0.54433 -0.00133 0.83887
vn -0.54854 -0.04531 0.83489
vn -0.55079 0.01201 0.83456
vn -0.55833 -0.02735 0.82917
vn -0.54834 0.19147 0.81404
vn -0.56232 0.0357 0.82615
vn -0.55935 -0.04676 0.82761
vn 0.30238 0 -0.95319
vn 0.30242 -0 -0.95318
vn 0.30244 -0 -0.95317
vn 0.30246 -0 -0.95316
vn 0.3025 0 -0.95315
vn 0.95748 0 -0.28849
vn 0.82663 0 0.56274
vn 0.82412 -0.0008 0.56641
vn 0.813 0.00149 0.58227
vn 0.81092 0.00031 0.58516
vn 0.79728 -0.00025 0.60361
vn 0.79665 -0.00051 0.60444
vn 0.78562 0.00038 0.61871
vn 0.78125 -0.00094 0.62421
vn 0.77345 0.00055 0.63386
vn 0.76463 -0.00093 0.64446
vn 0.76074 0.00027 0.64906
vn 0.74706 -0.00037 0.66476
vn 0.74672 -0.00051 0.66514
vn 0.73222 0.00039 0.68107
vn 0.72741 -0.00104 0.6862
vn 0.71626 0.00074 0.69783
vn 0.70664 -0.00117 0.70757
vn 0.69909 0.0007 0.71503
vn 0.68432 -0.00092 0.72918
vn 0.68063 0.00028 0.73263
vn 0.66077 -0.0003 0.75059
vn 0.66038 -0.00045 0.75093
vn 0.63934 0.00042 0.76893
vn 0.63475 -0.00103 0.77272
vn 0.61635 0.00089 0.78747
vn 0.60738 -0.00137 0.79441
vn 0.59171 0.00113 0.80615
vn 0.57824 -0.0015 0.81586
vn 0.56536 0.00117 0.82484
vn 0.5473 -0.00145 0.83694
vn 0.53722 0.00106 0.84344
vn 0.51457 -0.00125 0.85745
vn 0.50728 0.00082 0.86178
vn 0.48007 -0.00094 0.87723
vn 0.47563 0.00046 0.87965
vn 0.44387 -0.00052 0.89609
vn 0.44231 2E-05 0.89686
vn 0.40733 -2E-05 0.91328
vn 0.40605 -0.00047 0.91385
vn 0.37076 0.00044 0.92873
vn 0.36675 -0.00086 0.93032
vn 0.33273 0.00081 0.94302
vn 0.32611 -0.00117 0.94533
vn 0.29337 0.00111 0.956
vn 0.28432 -0.00142 0.95873
vn 0.25284 0.00135 0.96751
vn 0.2416 -0.0016 0.97037
vn 0.21131 0.00153 0.97742
vn 0.19819 -0.00174 0.98016
vn 0.16914 0.00165 0.98559
vn 0.15433 -0.00184 0.98802
vn 0.12686 0.00172 0.99192
vn 0.11029 -0.00194 0.9939
vn 0.08488 0.00178 0.99639
vn 0.06633 -0.002 0.9978
vn 0.04342 0.00179 0.99906
vn 0.02271 -0.00201 0.99974
vn 0.00269 0.00175 0.99999
vn -0.02034 -0.00196 0.99979
vn -0.03713 0.00164 0.99931
vn -0.06258 -0.00183 0.99804
vn -0.07589 0.00142 0.99712
vn -0.10383 -0.00158 0.99459
vn -0.11345 0.00109 0.99354
vn -0.14392 -0.00121 0.98959
vn -0.14972 0.00062 0.98873
vn -0.18269 -0.00069 0.98317
vn -0.18461 0 0.98281
vn 0.95888 0 -0.28382
vn 0.95702 0.00122 -0.29001
vn 0.94932 -0.00073 -0.31431
vn 0.94287 0.00148 -0.33316
vn 0.93861 -0.00044 -0.34499
vn 0.92958 0.00039 -0.36862
vn 0.92673 -0.00064 -0.37574
vn 0.91821 0.00055 -0.3961
vn 0.91367 -0.00075 -0.40645
vn 0.9057 0.00066 -0.42392
vn 0.89945 -0.0008 -0.43702
vn 0.89208 0.00069 -0.45188
vn 0.88408 -0.00081 -0.46733
vn 0.87752 0.00067 -0.47953
vn 0.86759 -0.00077 -0.49728
vn 0.86207 0.0006 -0.5068
vn 0.85003 -0.00068 -0.52674
vn 0.84575 0.00047 -0.53358
vn 0.83145 -0.00053 -0.55561
vn 0.82862 0.00029 -0.55981
vn 0.81191 -0.00032 -0.58378
vn 0.81074 4E-05 -0.58541
vn 0.79215 -5E-05 -0.61033
vn 0.7915 -0.00025 -0.61118
vn 0.77291 0.00023 -0.63452
vn 0.77029 -0.00051 -0.6377
vn 0.75311 0.00045 -0.65789
vn 0.74838 -0.0007 -0.66327
vn 0.73283 0.00061 -0.68041
vn 0.72586 -0.00084 -0.68784
vn 0.71214 0.00072 -0.70204
vn 0.70283 -0.00091 -0.71135
vn 0.69112 0.00075 -0.72274
vn 0.6794 -0.00092 -0.73377
vn 0.66989 0.00071 -0.74246
vn 0.65566 -0.00085 -0.75506
vn 0.64861 0.00058 -0.76112
vn 0.6317 -0.00068 -0.77521
vn 0.62739 0.00034 -0.77871
vn 0.60763 -0.00039 -0.79422
vn 0.60629 -3E-05 -0.79524
vn 0.58536 3E-05 -0.81077
vn 0.58353 -0.00047 -0.81209
vn 0.56466 0.00039 -0.82532
vn 0.55948 -0.00078 -0.82885
vn 0.54425 0.00061 -0.83892
vn 0.53556 -0.00093 -0.8445
vn 0.5143 0.00203 -0.85761
vn 0.51184 0.00106 -0.85908
vn 0.48838 -0.00066 -0.87263
vn 0.47568 0.0025 -0.87961
vn 0.46524 -0.00046 -0.88519
vn 0.44246 0.0006 -0.89679
vn 0.43885 0.00195 -0.89856
vn 0.42008 -0.00092 -0.90749
vn 0.40388 0.00205 -0.91481
vn 0.39815 5E-05 -0.91732
vn 0.37668 -4E-05 -0.92634
vn 0.37085 0.00195 -0.92869
vn 0.3557 -0.00091 -0.9346
vn 0.33965 0.00175 -0.94055
vn 0.33523 0 -0.94214
vn 0.32504 0 -0.9457
vn 0.3398 0.00095 -0.9405
vn -0.32907 0.04366 0.9433
vn -0.33224 0.01457 0.94308
vn -0.33516 0 0.94216
vn 0.05082 0 0.99871
vn 0.05082 -0 0.99871
vn 0.03247 0.99422 -0.10231
vn 0.00415 0.99425 -0.10703
vn 0.00312 0.99423 -0.10718
vn 0.00316 0.99423 -0.10725
vn 0.00198 0.99425 -0.10705
vn 0.00199 0.99423 -0.10725
vn 0.00129 0.99424 -0.10714
vn 0.00134 0.99424 -0.10716
vn 0.00075 0.99423 -0.10725
vn 0.00018 0.99424 -0.10722
vn 0.00132 0.99414 -0.10812
vn 0.00037 0.99423 -0.10728
vn -0.00039 0.99423 -0.10723
vn -0.00022 0.99423 -0.10729
vn -0.00093 0.99423 -0.10724
vn -0.00078 0.99423 -0.1073
vn -0.00143 0.99423 -0.10725
vn -0.00131 0.99423 -0.1073
vn -0.00191 0.99423 -0.10725
vn -0.00181 0.99422 -0.10731
vn -0.00238 0.99423 -0.10725
vn -0.00229 0.99422 -0.10731
vn -0.00285 0.99423 -0.10725
vn -0.00274 0.99422 -0.10734
vn -0.00316 0.99423 -0.10727
vn -0.00333 0.99422 -0.10734
vn -0.00357 0.99422 -0.10726
vn -0.00378 0.99421 -0.10736
vn -0.00395 0.99422 -0.10724
vn -0.00422 0.99421 -0.10738
vn -0.00432 0.99423 -0.10719
vn -0.00467 0.99421 -0.10738
vn 0.00278 0.99425 -0.10709
vn 0.00316 0.99423 -0.10718
vn 0.00398 0.99424 -0.10709
vn 0.00484 0.99423 -0.10718
vn 0.00422 0.99425 -0.107
vn 0.00487 0.99424 -0.10706
vn 0.00461 0.99425 -0.10696
vn 0.00506 0.99425 -0.10701
vn 0.00554 0.99425 -0.10694
vn 0.00555 0.99425 -0.10695
vn 0.00633 0.99425 -0.10693
vn 0.00615 0.99425 -0.10688
vn 0.00694 0.99425 -0.10689
vn 0.00716 0.99425 -0.1068
vn 0.00774 0.99425 -0.10683
vn 0.00805 0.99426 -0.1067
vn 0.00859 0.99425 -0.10676
vn 0.009 0.99426 -0.10658
vn 0.00951 0.99425 -0.10668
vn 0.01001 0.99427 -0.10643
vn 0.0105 0.99425 -0.1066
vn 0.01068 0.99426 -0.10649
vn 0.01143 0.99425 -0.10647
vn 0.0125 0.99425 -0.10634
vn 0.01211 0.99426 -0.10633
vn 0.0129 0.99425 -0.10627
vn 0.01389 0.99426 -0.10613
vn 0.01343 0.99426 -0.10612
vn 0.01407 0.99426 -0.10608
vn 0.01536 0.99426 -0.10591
vn 0.01462 0.99427 -0.10589
vn 0.01533 0.99426 -0.10586
vn 0.01602 0.99426 -0.10578
vn 0.01693 0.99427 -0.10559
vn 0.01663 0.99427 -0.10559
vn 0.01739 0.99427 -0.10552
vn 0.0186 0.99427 -0.10528
vn 0.01798 0.99428 -0.10527
vn 0.01882 0.99427 -0.10521
vn 0.0196 0.99427 -0.10507
vn 0.02037 0.99428 -0.10484
vn 0.0203 0.99428 -0.10484
vn 0.02119 0.99428 -0.10471
vn 0.02197 0.99428 -0.10448
vn 0.02225 0.99429 -0.10435
vn 0.02287 0.99428 -0.10429
vn 0.02374 0.99429 -0.10406
vn 0.02423 0.99431 -0.10376
vn 0.0246 0.9943 -0.10379
vn 0.00574 0.99424 -0.10703
vn 0.00554 0.99424 -0.107
vn 0.00671 0.99424 -0.10699
vn 0.00633 0.99425 -0.10692
vn 0.00773 0.99424 -0.10694
vn 0.00716 0.99425 -0.10683
vn 0.00806 0.99424 -0.10686
vn 0.00881 0.99425 -0.10676
vn 0.00901 0.99424 -0.10676
vn 0.00997 0.99425 -0.10664
vn 0.01003 0.99425 -0.10665
vn 0.01119 0.99425 -0.10651
vn 0.0121 0.99429 -0.10603
vn 0.01177 0.99425 -0.10639
vn 0.01111 0.99428 -0.10626
vn -0.06813 0 -0.99768
vn -0.06827 0.00092 -0.99767
vn -0.10054 -0.0007 -0.99493
vn -0.10077 0.00191 -0.99491
vn -0.13029 -0.00137 -0.99148
vn -0.13041 0.00282 -0.99146
vn -0.15761 -0.00221 -0.9875
vn 0.06993 0.99424 0.08119
vn 0.07091 0.9943 0.07956
vn 0.0714 0.99425 0.07978
vn 0.07215 0.9943 0.07854
vn 0.07261 0.99426 0.07856
vn 0.07322 0.99429 0.07759
vn 0.07363 0.99427 0.07749
vn 0.07414 0.99429 0.07671
vn 0.0745 0.99428 0.07656
vn 0.07496 0.99429 0.07591
vn 0.07528 0.99428 0.07575
vn 0.0759 0.9943 0.07492
vn 0.07595 0.9943 0.07478
vn 0.07656 0.99428 0.07441
vn 0.07709 0.99429 0.07375
vn 0.07716 0.9943 0.07359
vn 0.07763 0.99429 0.07327
vn 0.07797 0.99429 0.07285
vn 0.0781 0.99429 0.07276
vn 0.0784 0.99429 0.07239
vn 0.07854 0.99429 0.07228
vn 0.07886 0.99429 0.07189
vn 0.07947 0.9942 0.07242
vn 0.07925 0.99429 0.07146
vn 0.07978 0.99428 0.07094
vn 0.07976 0.99429 0.07093
vn 0.07988 0.99429 0.07075
vn 0.0802 0.99429 0.07041
vn 0.08031 0.9943 0.07019
vn 0.08062 0.99429 0.06994
vn 0.08089 0.9943 0.06952
vn 0.08094 0.99429 0.06956
vn 0.08112 0.99429 0.06937
vn 0.07988 0.99428 0.07096
vn 0.08017 0.99429 0.07038
vn 0.0802 0.99429 0.07036
vn 0.08033 0.99429 0.07026
vn 0.08045 0.99429 0.07014
vn 0.08056 0.99429 0.06998
vn 0.0806 0.99429 0.06992
vn 0.08065 0.99429 0.06982
vn 0.08069 0.99429 0.06985
vn 0.08084 0.99429 0.06969
vn 0.08097 0.99429 0.06951
vn 0.08123 0.99429 0.0692
vn 0.0812 0.99429 0.06927
vn 0.08118 0.99429 0.06926
vn 0.08139 0.99429 0.06895
vn 0.08139 0.99429 0.06896
vn 0.08164 0.99429 0.06872
vn 0.08183 0.99429 0.06845
vn 0.08186 0.99429 0.06847
vn 0.08196 0.99429 0.06839
vn 0.08138 0.99429 0.06907
vn 0.08143 0.99429 0.06899
vn 0.08151 0.99429 0.06892
vn 0.08162 0.99429 0.06878
vn 0.08165 0.99429 0.06873
vn 0.08174 0.99429 0.06865
vn 0.08185 0.99429 0.06851
vn 0.08206 0.99429 0.06825
vn 0.08206 0.99429 0.06823
vn 0.08206 0.99429 0.06823
vn 0.08224 0.99429 0.06799
vn 0.08228 0.99429 0.0679
vn 0.08243 0.99429 0.06778
vn 0.08257 0.99429 0.06761
vn 0.08256 0.99429 0.06764
vn 0.08243 0.99429 0.06778
vn 0.08243 0.99429 0.06775
vn 0.08237 0.99429 0.06788
vn 0.08225 0.99429 0.068
vn 0.08225 0.99429 0.068
vn 0.08217 0.99429 0.06813
vn 0.08262 0.99429 0.06754
vn 0.08265 0.99429 0.06753
vn 0.08274 0.99429 0.06742
vn 0.0827 0.9943 0.06731
vn 0.08274 0.99429 0.06733
vn 0.0827 0.99429 0.06743
vn 0.0829 0.99429 0.06722
vn 0.08297 0.99429 0.06712
vn 0.08303 0.99429 0.06702
vn 0.083 0.99429 0.06709
vn 0.08313 0.99429 0.06693
vn 0.08319 0.99429 0.06685
vn 0.08318 0.99429 0.06685
vn 0.08327 0.99429 0.06676
vn 0.08333 0.99429 0.06668
vn 0.08337 0.99429 0.06661
vn 0.08337 0.99429 0.06662
vn 0.08346 0.99429 0.06653
vn 0.08351 0.99429 0.06646
vn 0.08352 0.99429 0.06641
vn 0.08351 0.99429 0.06637
vn 0.08185 0.99429 0.06841
vn 0.08088 0.99429 0.06955
vn 0.07954 0.99429 0.07112
vn 0.07927 0.99429 0.07148
vn 0.0792 0.99429 0.07153
vn 0.07882 0.99429 0.07195
vn 0.83349 0 0.55253
vn 0.8348 -0.0009 0.55055
vn 0.84261 0.00066 0.53853
vn 0.84648 -0.00128 0.53242
vn 0.85193 0.00085 0.52365
vn 0.8582 -0.00122 0.51331
vn 0.86145 0.00064 0.50785
vn 0.86993 -0.00078 0.49317
vn 0.87113 0.0001 0.49106
vn 0.88093 -4E-05 0.47325
vn 0.88162 -0.00059 0.47196
vn 0.89082 0.00059 0.45436
vn 0.89321 -0.00103 0.44964
vn 0.90076 0.00097 0.43432
vn 0.90464 -0.00124 0.42617
vn 0.9107 0.00115 0.41307
vn 0.91585 -0.0013 0.40152
vn 0.92058 0.00117 0.39055
vn 0.92676 -0.00123 0.37565
vn 0.93034 0.00109 0.3667
vn 0.93729 -0.00108 0.34856
vn 0.93989 0.00093 0.34147
vn 0.94734 -0.0009 0.32023
vn 0.94916 0.00074 0.31481
vn 0.95683 -0.0007 0.29065
vn 0.95803 0.00054 0.28668
vn 0.96565 -0.00052 0.25985
vn 0.9664 0.00037 0.25704
vn 0.9737 -0.00037 0.22785
vn 0.97415 0.00025 0.22588
vn 0.98087 -0.00026 0.19468
vn 0.98115 0.00019 0.19325
vn 0.98705 -0.00019 0.16042
vn 0.98723 0.00016 0.15927
vn 0.99214 -0.00016 0.12513
vn 0.99228 0.00017 0.12401
vn 0.99604 -0.00017 0.08892
vn 0.99616 0.00022 0.08755
vn 0.99865 -0.00022 0.05189
vn 0.99875 0.00031 0.04999
vn 0.9999 -0.00031 0.01418
vn 0.99993 0.00043 0.01144
vn 0.99971 -0.00042 -0.02406
vn 0.99961 0.00057 -0.02795
vn 0.99803 -0.00055 -0.06269
vn 0.99768 0.00072 -0.06801
vn 0.99483 -0.00069 -0.10153
vn 0.99409 0.00088 -0.10857
vn 0.9901 -0.00083 -0.14039
vn 0.98879 0.00102 -0.14933
vn 0.98383 -0.00095 -0.17912
vn 0.98182 0.0011 -0.18983
vn 0.97606 -0.00102 -0.21751
vn 0.97326 0.00114 -0.22971
vn 0.96683 -0.00107 -0.25541
vn 0.9632 0.00115 -0.26878
vn 0.95622 -0.00108 -0.29264
vn 0.95175 0.00114 -0.30686
vn 0.94431 -0.00108 -0.32906
vn 0.93904 0.00112 -0.34381
vn 0.93119 -0.00107 -0.36452
vn 0.92519 0.00109 -0.37951
vn 0.91699 -0.00104 -0.39892
vn 0.91204 0.00052 -0.41011
vn 0.9018 -0.00072 -0.43214
vn 0.90006 0 -0.43577
vn -0.78436 0 -0.62031
vn -0.97284 0 -0.23149
vn -0.97166 0.00232 -0.23638
vn -0.96878 -0.0009 -0.24791
vn -0.96462 0.0019 -0.26364
vn -0.96431 0.00127 -0.26477
vn -0.9594 -0.00073 -0.28205
vn -0.95616 0.00272 -0.29282
vn -0.95401 -0.0001 -0.29977
vn -0.94812 0.00016 -0.31791
vn -0.94604 0.00281 -0.32404
vn -0.94169 -0.00075 -0.33647
vn -0.93719 0.00069 -0.34882
vn -0.9347 -0.00087 -0.35544
vn -0.93062 0.00079 -0.36599
vn -0.9271 -0.00091 -0.37481
vn -0.92346 0.0008 -0.38368
vn -0.91887 -0.00088 -0.39457
vn -0.91568 0.00076 -0.4019
vn -0.90996 -0.0008 -0.41468
vn -0.90723 0.00067 -0.42063
vn -0.90036 -0.0007 -0.43514
vn -0.89806 0.00057 -0.43986
vn -0.89002 -0.00059 -0.45592
vn -0.88813 0.00046 -0.45959
vn -0.87891 -0.00048 -0.47698
vn -0.87738 0.00036 -0.47979
vn -0.86701 -0.00038 -0.49829
vn -0.86578 0.00028 -0.50042
vn -0.85429 -0.00029 -0.5198
vn -0.85329 0.00022 -0.52143
vn -0.84071 -0.00022 -0.54148
vn -0.83988 0.00018 -0.54277
vn -0.82627 -0.00019 -0.56327
vn -0.8255 0.00017 -0.5644
vn -0.81095 -0.00017 -0.58512
vn -0.81012 0.00018 -0.58626
vn -0.79472 -0.00019 -0.60697
vn -0.79371 0.00023 -0.6083
vn -0.7776 -0.00022 -0.62876
vn -0.77623 0.00029 -0.63045
vn -0.75957 -0.00028 -0.65043
vn -0.75767 0.00037 -0.65263
vn -0.74064 -0.00036 -0.6719
vn -0.73802 0.00047 -0.67478
vn -0.72084 -0.00044 -0.69311
vn -0.71726 0.00057 -0.6968
vn -0.70017 -0.00054 -0.71398
vn -0.69541 0.00067 -0.71861
vn -0.67866 -0.00063 -0.73445
vn -0.67247 0.00077 -0.74012
vn -0.65636 -0.0007 -0.75445
vn -0.64848 0.00084 -0.76123
vn -0.6333 -0.00076 -0.7739
vn -0.62997 -0.00019 -0.77662
vn -0.61797 0.00013 -0.7862
vn -0.60954 -0.00075 -0.79275
vn -0.60632 -0.00024 -0.79522
vn -0.59515 0.00013 -0.80361
vn -0.58514 -0.00067 -0.81093
vn -0.58438 -0.00054 -0.81148
vn -0.57424 0.00011 -0.81869
vn -0.56015 -0.00036 -0.82839
vn -0.55756 0.00018 -0.83014
vn -0.53465 -0.00019 -0.84508
vn -0.53378 0 -0.84562
vn -0.10636 0.9943 0.00683
vn -0.10646 0.99429 0.00699
vn -0.10645 0.99429 0.00709
vn -0.10645 0.99429 0.00722
vn -0.10644 0.99429 0.00724
vn -0.10643 0.99429 0.00737
vn -0.10642 0.99429 0.00737
vn -0.10642 0.99429 0.0074
vn -0.10641 0.99429 0.00745
vn -0.10641 0.99429 0.0075
vn -0.10641 0.99429 0.0075
vn -0.1064 0.99429 0.00761
vn -0.1064 0.99429 0.00759
vn -0.10639 0.99429 0.00773
vn -0.10639 0.99429 0.00775
vn -0.10638 0.99429 0.00786
vn -0.10639 0.99429 0.00786
vn -0.10638 0.99429 0.00795
vn -0.10628 0.99432 0.00633
vn -0.10651 0.99429 0.00664
vn -0.10648 0.99429 0.00676
vn -0.10646 0.99429 0.007
vn -0.10651 0.99429 0.00589
vn -0.10656 0.99429 0.00605
vn -0.10649 0.99429 0.00636
vn -0.10651 0.99429 0.00663
vn -0.10656 0.99429 0.00553
vn -0.10655 0.99429 0.00548
vn -0.10658 0.99429 0.00519
vn -0.10661 0.99429 0.00514
vn -0.10663 0.99429 0.00482
vn -0.10668 0.99428 0.00471
vn -0.10668 0.99428 0.00437
vn -0.10676 0.99428 0.00422
vn -0.10675 0.99428 0.00384
vn -0.10684 0.99427 0.00367
vn -0.10681 0.99427 0.00322
vn -0.10692 0.99426 0.00305
vn -0.10686 0.99427 0.00253
vn -0.10684 0.99427 0.00249
vn -0.10695 0.99426 0.00216
vn -0.10688 0.99427 0.00175
vn -0.1068 0.99428 0.00162
vn -0.10696 0.99426 0.00132
vn -0.10686 0.99427 0.00085
vn -0.10663 0.9943 0.00059
vn -0.10691 0.99427 0.00034
vn -0.10677 0.99428 -0.00021
vn -0.1058 0.99439 -0.00079
vn -0.10643 0.99429 0.00742
vn -0.10642 0.99429 0.0075
vn -0.10642 0.99429 0.0076
vn -0.10641 0.99429 0.00761
vn -0.1064 0.99429 0.00777
vn -0.1064 0.99429 0.00775
vn -0.10639 0.99429 0.00788
vn -0.10639 0.99429 0.00793
vn -0.10638 0.99429 0.00801
vn -0.10638 0.99429 0.00799
vn -0.10637 0.99429 0.00807
vn -0.10638 0.99429 0.00806
vn -0.10637 0.99429 0.00813
vn -0.10637 0.99429 0.00811
vn -0.10636 0.99429 0.00818
vn -0.10637 0.99429 0.00816
vn -0.10636 0.99429 0.00821
vn -0.10635 0.99429 0.00821
vn -0.10635 0.99429 0.00822
vn -0.10635 0.99429 0.00826
vn -0.10635 0.99429 0.00826
vn -0.10635 0.99429 0.0083
vn -0.10635 0.99429 0.0083
vn -0.10634 0.99429 0.00833
vn -0.10634 0.99429 0.00833
vn -0.10634 0.99429 0.00836
vn -0.10634 0.99429 0.00836
vn -0.10632 0.9943 0.00841
vn -0.10634 0.99429 0.00841
vn -0.10634 0.99429 0.00839
vn -0.10636 0.99429 0.00823
vn -0.10636 0.99429 0.00826
vn -0.10636 0.99429 0.00827
vn -0.10635 0.99429 0.0083
vn -0.10635 0.99429 0.00831
vn -0.10635 0.99429 0.00833
vn -0.10635 0.99429 0.00834
vn -0.10635 0.99429 0.00836
vn -0.10635 0.99429 0.00837
vn -0.10634 0.99429 0.00842
vn -0.10634 0.99429 0.00841
vn -0.10633 0.99429 0.00844
vn -0.10633 0.99429 0.00842
vn -0.10633 0.9943 0.00845
vn -0.10633 0.9943 0.00842
vn -0.10632 0.9943 0.00845
vn -0.10633 0.9943 0.00841
vn -0.10632 0.9943 0.00844
vn -0.10633 0.9943 0.00839
vn -0.10632 0.9943 0.00842
vn -0.10633 0.9943 0.00836
vn -0.10633 0.9943 0.00838
vn -0.10633 0.9943 0.00831
vn -0.10633 0.9943 0.00832
vn -0.10634 0.9943 0.00825
vn -0.10634 0.9943 0.00824
vn -0.10635 0.9943 0.00816
vn -0.10635 0.99429 0.00815
vn -0.10636 0.99429 0.00804
vn -0.10637 0.99429 0.00803
vn -0.10637 0.99429 0.00789
vn -0.10637 0.9943 0.00792
vn -0.10638 0.99429 0.00779
vn -0.10638 0.9943 0.00769
vn -0.10639 0.99429 0.00766
vn -0.1064 0.9943 0.00749
vn -0.10639 0.9943 0.00744
vn -0.10643 0.99429 0.00727
vn -0.10639 0.9943 0.0071
vn -0.10635 0.99429 0.00818
vn -0.10636 0.99429 0.00816
vn -0.10636 0.99429 0.00814
vn -0.10636 0.99429 0.00811
vn -0.10636 0.99429 0.00809
vn -0.10636 0.99429 0.00805
vn -0.10636 0.99429 0.00804
vn -0.10637 0.99429 0.00799
vn -0.10637 0.9943 0.00797
vn -0.10638 0.99429 0.00793
vn -0.10638 0.99429 0.00785
vn -0.10642 0.99429 0.00735
vn -0.10642 0.99429 0.00729
vn -0.10643 0.99429 0.00724
vn -0.10643 0.99429 0.00724
vn -0.10643 0.99429 0.00717
vn -0.10644 0.99429 0.00711
vn 0.07267 0.99558 -0.05945
vn 0.07149 0.99561 -0.06048
vn 0.07162 0.99558 -0.06076
vn 0.0706 0.9956 -0.06162
vn 0.07062 0.99558 -0.06191
vn 0.06973 0.9956 -0.06264
vn 0.06968 0.99558 -0.06293
vn 0.06889 0.9956 -0.06356
vn 0.06879 0.99559 -0.06384
vn 0.06807 0.9956 -0.0644
vn 0.06795 0.99559 -0.06466
vn 0.0673 0.9956 -0.06516
vn 0.06715 0.9956 -0.06542
vn 0.06656 0.99561 -0.06586
vn 0.06639 0.9956 -0.06612
vn 0.06587 0.99561 -0.06652
vn 0.06568 0.9956 -0.06678
vn 0.06522 0.99561 -0.06713
vn 0.06499 0.99561 -0.06741
vn 0.06461 0.99561 -0.06771
vn 0.06413 0.9956 -0.06828
vn 0.06409 0.9956 -0.0683
vn 0.06345 0.99561 -0.06879
vn 0.0635 0.99561 -0.06876
vn 0.06298 0.99561 -0.06923
vn 0.06283 0.99561 -0.06942
vn 0.06249 0.99561 -0.06966
vn 0.06203 0.99561 -0.07012
vn 0.06205 0.99561 -0.07011
vn 0.06136 0.99561 -0.07064
vn 0.06133 0.99561 -0.07065
vn 0.06089 0.99561 -0.07111
vn 0.06036 0.99562 -0.07145
vn 0.06039 0.99561 -0.07149
vn 0.0602 0.99561 -0.07169
vn 0.06535 0.99538 -0.07028
vn 0.06281 0.99561 -0.0694
vn 0.06217 0.99559 -0.0702
vn 0.0621 0.9956 -0.0702
vn 0.0614 0.99561 -0.07063
vn 0.06137 0.99561 -0.07064
vn 0.06121 0.99561 -0.07085
vn 0.06099 0.99561 -0.07102
vn 0.06086 0.99561 -0.07108
vn 0.06079 0.99561 -0.07119
vn 0.0606 0.99561 -0.07137
vn 0.06037 0.99561 -0.07149
vn 0.05997 0.99561 -0.07184
vn 0.05992 0.99561 -0.07185
vn 0.05995 0.99561 -0.07189
vn 0.05968 0.99561 -0.07204
vn 0.05951 0.99561 -0.07224
vn 0.05909 0.99561 -0.07258
vn 0.05906 0.99561 -0.07255
vn 0.059 0.99561 -0.07265
vn 0.0598 0.99561 -0.07201
vn 0.05963 0.99561 -0.07214
vn 0.05945 0.99562 -0.07223
vn 0.05949 0.99561 -0.07222
vn 0.05931 0.99561 -0.07241
vn 0.05915 0.99561 -0.07252
vn 0.05885 0.99561 -0.07279
vn 0.05869 0.99561 -0.07287
vn 0.05866 0.99562 -0.07287
vn 0.05856 0.99561 -0.07303
vn 0.05842 0.99561 -0.07314
vn 0.05838 0.99561 -0.07314
vn 0.05827 0.99561 -0.07321
vn 0.05822 0.99561 -0.07325
vn 0.05815 0.99561 -0.0734
vn 0.058 0.99561 -0.07344
vn 0.05801 0.99561 -0.07344
vn 0.05787 0.99561 -0.07356
vn 0.05774 0.99561 -0.07366
vn 0.05761 0.99561 -0.07375
vn 0.05749 0.99561 -0.07381
vn 0.05736 0.99562 -0.07387
vn 0.05747 0.99561 -0.07383
vn 0.05718 0.99561 -0.07411
vn 0.05695 0.99561 -0.07427
vn 0.05673 0.99562 -0.07436
vn 0.05676 0.99561 -0.07436
vn 0.0565 0.99561 -0.07465
vn 0.05628 0.99561 -0.07479
vn 0.05625 0.99561 -0.07479
vn 0.05606 0.99561 -0.07499
vn 0.05587 0.99562 -0.07502
vn 0.05818 0.99561 -0.07326
vn 0.05869 0.99561 -0.07291
vn 0.05891 0.99561 -0.07267
vn 0.0605 0.99561 -0.0714
vn -0.92557 0.08724 -0.36839
vn -0.92758 -0.0549 -0.36958
vn -0.92233 0.0814 -0.37774
vn -0.92413 -0.05173 -0.37857
vn -0.91704 0.08015 -0.39066
vn -0.91921 -0.04221 -0.39149
vn -0.91328 0.03733 -0.40562
vn -0.89219 0.19374 -0.408
vn -0.07964 0.9943 -0.0709
vn -0.08005 0.99428 -0.07071
vn -0.08021 0.99429 -0.0704
vn -0.08047 0.99428 -0.07021
vn -0.08054 0.99429 -0.07004
vn -0.08087 0.99428 -0.06972
vn -0.08094 0.99428 -0.06967
vn -0.0811 0.99429 -0.06939
vn -0.08129 0.99429 -0.0692
vn -0.08131 0.99429 -0.06918
vn -0.0814 0.99429 -0.06906
vn -0.08151 0.99429 -0.06893
vn -0.08153 0.99429 -0.06892
vn -0.08162 0.99429 -0.06879
vn -0.08173 0.99429 -0.06866
vn -0.08175 0.99429 -0.06865
vn -0.08184 0.99429 -0.06853
vn -0.08195 0.99429 -0.06841
vn -0.08196 0.99429 -0.0684
vn -0.08204 0.99429 -0.06828
vn -0.08214 0.99429 -0.06817
vn -0.08216 0.99429 -0.06816
vn -0.08224 0.99429 -0.06805
vn -0.08233 0.99429 -0.06795
vn -0.08235 0.99429 -0.06793
vn -0.08241 0.99429 -0.06783
vn -0.0825 0.99429 -0.06774
vn -0.08253 0.99429 -0.06772
vn -0.08258 0.99429 -0.06764
vn -0.08265 0.99429 -0.06755
vn -0.0827 0.99429 -0.06751
vn -0.08273 0.99429 -0.06746
vn -0.0828 0.99429 -0.06737
vn -0.08286 0.99428 -0.06731
vn -0.08287 0.99429 -0.0673
vn -0.08294 0.99429 -0.0672
vn -0.083 0.99428 -0.06714
vn -0.08303 0.99428 -0.06713
vn -0.08306 0.99429 -0.06705
vn -0.08312 0.99429 -0.06699
vn -0.08314 0.99428 -0.067
vn -0.08317 0.99428 -0.06693
vn -0.08322 0.99429 -0.06685
vn -0.08327 0.99429 -0.06678
vn -0.08332 0.99429 -0.06671
vn -0.08337 0.99429 -0.06666
vn -0.08342 0.99429 -0.06661
vn -0.08341 0.99429 -0.06662
vn -0.08346 0.99429 -0.06654
vn -0.0835 0.99429 -0.06648
vn -0.08356 0.99429 -0.06642
vn -0.08361 0.99428 -0.0664
vn -0.07895 0.9943 -0.07163
vn -0.07938 0.99428 -0.07139
vn -0.07963 0.99429 -0.07106
vn -0.0797 0.99429 -0.071
vn -0.07986 0.99429 -0.07082
vn -0.07903 0.99428 -0.07178
vn -0.07837 0.99428 -0.07252
vn -0.07829 0.99429 -0.07247
vn -0.07818 0.99429 -0.07267
vn -0.07766 0.99429 -0.07323
vn -0.07738 0.99429 -0.07342
vn -0.0771 0.99428 -0.07386
vn -0.07668 0.99429 -0.07423
vn -0.07646 0.99428 -0.07454
vn -0.07611 0.99429 -0.0748
vn -0.07574 0.99428 -0.07528
vn -0.07551 0.99429 -0.07542
vn -0.07487 0.99428 -0.07613
vn -0.07489 0.99429 -0.07608
vn -0.07403 0.99429 -0.07689
vn -0.07398 0.99428 -0.07703
vn -0.07308 0.99429 -0.07774
vn -0.07294 0.99427 -0.07809
vn -0.07197 0.9943 -0.07869
vn -0.07174 0.99427 -0.0793
vn -0.07066 0.99431 -0.07974
vn -0.07055 0.99429 -0.08012
vn -0.06988 0.99429 -0.08068
vn -0.06982 0.99428 -0.08087
vn -0.06921 0.99429 -0.08118
vn -0.06901 0.99427 -0.08166
vn -0.06847 0.9943 -0.08171
vn -0.06809 0.99426 -0.08247
vn -0.07865 0.99429 -0.07218
vn -0.07904 0.99429 -0.07169
vn -0.07901 0.99429 -0.07176
vn -0.07944 0.99429 -0.07129
vn -0.08006 0.99429 -0.07053
vn -0.08 0.99429 -0.07066
vn -0.08042 0.99429 -0.07017
vn -0.08055 0.99428 -0.07009
vn -0.08087 0.99429 -0.06961
vn -0.08109 0.99428 -0.06947
vn -0.08128 0.99429 -0.06919
vn -0.08156 0.99428 -0.06891
vn -0.08155 0.99428 -0.06894
vn -0.08174 0.99429 -0.06865
vn -0.082 0.99428 -0.06838
vn -0.08198 0.99428 -0.06842
vn -0.08215 0.99429 -0.06816
vn -0.0824 0.99428 -0.06788
vn -0.08238 0.99428 -0.06796
vn -0.08252 0.99429 -0.06771
vn -0.08269 0.99429 -0.0675
vn -0.0828 0.99428 -0.06742
vn -0.08285 0.99429 -0.0673
vn -0.083 0.99429 -0.06711
vn -0.08316 0.99428 -0.06696
vn -0.71714 -0 -0.69693
vn -0.71648 0.00033 -0.69761
vn -0.68806 -0.00032 -0.72566
vn -0.68581 0.00069 -0.72778
vn -0.65723 -0.00066 -0.75369
vn -0.65295 0.00106 -0.7574
vn -0.62475 -0.00099 -0.78082
vn -0.61796 0.00142 -0.7862
vn -0.59073 -0.0013 -0.80687
vn -0.58096 0.00172 -0.81393
vn -0.55533 -0.00154 -0.83163
vn -0.54215 0.00194 -0.84028
vn -0.5187 -0.00169 -0.85495
vn -0.50197 0.00202 -0.86488
vn -0.48105 -0.00172 -0.87669
vn -0.46083 0.00198 -0.88748
vn -0.4426 -0.00166 -0.89672
vn -0.41905 0.00187 -0.90796
vn -0.40358 -0.00152 -0.91495
vn -0.37692 0.00168 -0.92625
vn -0.3642 -0.00132 -0.93132
vn -0.33472 0.00143 -0.94231
vn -0.32471 -0.00108 -0.94581
vn -0.29289 0.00115 -0.95615
vn -0.28533 -0.00084 -0.95843
vn -0.25187 0.00088 -0.96776
vn -0.24626 -0.00063 -0.9692
vn -0.21195 0.00066 -0.97728
vn -0.20771 -0.00049 -0.97819
vn -0.17329 0.00052 -0.98487
vn -0.16984 -0.00042 -0.98547
vn -0.13603 0.00044 -0.9907
vn -0.1328 -0.00042 -0.99114
vn -0.10026 0.00043 -0.99496
vn -0.09671 -0.00049 -0.99531
vn -0.06605 0.00048 -0.99782
vn -0.06169 -0.0006 -0.9981
vn -0.03342 0.00057 -0.99944
vn -0.0278 -0.00074 -0.99961
vn -0.00238 0.00067 -1
vn 0.00489 -0.00087 -0.99999
vn 0.02708 0.00077 -0.99963
vn 0.03636 -0.00098 -0.99934
vn 0.055 0.00082 -0.99849
vn 0.06657 -0.00104 -0.99778
vn 0.08147 0.00082 -0.99668
vn 0.09553 -0.001 -0.99543
vn 0.10655 0.00072 -0.99431
vn 0.12324 -0.00085 -0.99238
vn 0.1303 0.0005 -0.99147
vn 0.14972 -0.00057 -0.98873
vn 0.15278 0.00014 -0.98826
vn 0.17403 -0.00012 -0.98474
vn 0.175 -0.00036 -0.98457
vn 0.19405 0.0003 -0.98099
vn 0.1991 -0.00069 -0.97998
vn 0.22186 0.00127 -0.97508
vn 0.22207 0.00119 -0.97503
vn 0.24396 -0.00063 -0.96979
vn 0.25566 0.00173 -0.96677
vn 0.26479 -0.0004 -0.9643
vn 0.283 0.00047 -0.95912
vn 0.28463 0 -0.95864
vn 0.8948 0 -0.44647
vn 0.10665 0.99429 0.00243
vn 0.10675 0.99428 0.00178
vn 0.10663 0.9943 0.00167
vn 0.10672 0.99429 0.00112
vn 0.10663 0.9943 0.00099
vn 0.10672 0.99429 0.00054
vn 0.10664 0.9943 0.00036
vn 0.10676 0.99428 -0.00017
vn 0.10673 0.99429 -0.00021
vn 0.10666 0.9943 -0.00074
vn 0.10674 0.99429 -0.001
vn 0.1066 0.9943 -0.00145
vn 0.1067 0.99429 -0.00173
vn 0.10662 0.9943 -0.00227
vn 0.10666 0.99429 -0.00235
vn 0.10665 0.99429 -0.00289
vn 0.10661 0.9943 -0.00299
vn 0.10665 0.99429 -0.00335
vn 0.10656 0.9943 -0.00379
vn 0.10652 0.9943 -0.00387
vn 0.10659 0.99429 -0.00414
vn 0.10659 0.99429 -0.00464
vn 0.1069 0.99426 -0.00511
vn 0.10656 0.99429 -0.00516
vn 0.10654 0.9943 -0.00503
vn 0.1066 0.99429 -0.00572
vn 0.10652 0.99429 -0.00569
vn 0.10653 0.99429 -0.00545
vn 0.10652 0.9943 -0.0054
vn 0.10649 0.99429 -0.0062
vn 0.10648 0.9943 -0.00613
vn 0.10651 0.99429 -0.00592
vn 0.10651 0.99429 -0.00572
vn 0.10647 0.99429 -0.00654
vn 0.10646 0.9943 -0.00652
vn 0.10646 0.99429 -0.00673
vn 0.10645 0.99429 -0.00693
vn 0.10645 0.99429 -0.00694
vn 0.10646 0.99429 -0.00674
vn 0.10644 0.9943 -0.00663
vn 0.10642 0.9943 -0.00712
vn 0.10642 0.9943 -0.00713
vn 0.10644 0.99429 -0.00714
vn 0.10642 0.99429 -0.00735
vn 0.10639 0.9943 -0.00747
vn 0.1064 0.9943 -0.00747
vn 0.1064 0.99429 -0.00752
vn 0.10642 0.99429 -0.00726
vn 0.10641 0.99429 -0.00735
vn 0.10641 0.99429 -0.00735
vn 0.10641 0.99429 -0.00743
vn 0.1064 0.99429 -0.0076
vn 0.1064 0.99429 -0.0076
vn 0.10641 0.99429 -0.0076
vn 0.10639 0.99429 -0.00771
vn 0.10636 0.9943 -0.00781
vn 0.10638 0.99429 -0.00781
vn 0.10638 0.99429 -0.00789
vn 0.10639 0.99429 -0.00768
vn 0.10639 0.99429 -0.00771
vn 0.10639 0.99429 -0.00775
vn 0.10638 0.99429 -0.00783
vn 0.10637 0.99429 -0.0079
vn 0.10637 0.99429 -0.00796
vn 0.10637 0.99429 -0.00798
vn 0.10637 0.99429 -0.00802
vn 0.10636 0.9943 -0.00808
vn 0.10637 0.99429 -0.00806
vn 0.10636 0.99429 -0.00814
vn 0.10636 0.99429 -0.00813
vn 0.10635 0.99429 -0.00819
vn 0.10635 0.99429 -0.0082
vn 0.10635 0.99429 -0.00823
vn 0.10635 0.99429 -0.00826
vn 0.10635 0.99429 -0.00828
vn 0.10634 0.99429 -0.00831
vn 0.10635 0.99429 -0.00831
vn 0.10634 0.99429 -0.00835
vn 0.10634 0.99429 -0.00835
vn 0.10634 0.99429 -0.00838
vn 0.10634 0.99429 -0.00837
vn 0.10634 0.99429 -0.00841
vn 0.10634 0.99429 -0.00839
vn 0.10634 0.99429 -0.00839
vn 0.10634 0.99429 -0.00842
vn 0.10634 0.99429 -0.00842
vn 0.10634 0.99429 -0.00842
vn 0.10634 0.99429 -0.00843
vn 0.10634 0.99429 -0.00842
vn 0.10634 0.99429 -0.00843
vn 0.10634 0.99429 -0.00843
vn 0.10634 0.99429 -0.00842
vn 0.10634 0.99429 -0.00842
vn 0.10634 0.99429 -0.0084
vn 0.10634 0.99429 -0.0084
vn 0.10634 0.99429 -0.00836
vn 0.10634 0.99429 -0.00836
vn 0.10635 0.99429 -0.00831
vn 0.10634 0.99429 -0.00833
vn 0.10635 0.99429 -0.00831
vn 0.10635 0.99429 -0.00827
vn 0.10635 0.99429 -0.00825
vn 0.10637 0.99429 -0.00816
vn 0.10637 0.99429 -0.00817
vn 0.10639 0.99429 -0.008
vn 0.10639 0.99429 -0.00796
vn 0.10642 0.99429 -0.00782
vn 0.10641 0.99429 -0.0076
vn 0.10643 0.99429 -0.00754
vn 0.10643 0.9943 -0.00705
vn 0.10634 0.99429 -0.0084
vn 0.10634 0.99429 -0.00841
vn 0.10634 0.99429 -0.00836
vn 0.10634 0.99429 -0.00835
vn 0.10634 0.99429 -0.00833
vn 0.10635 0.99429 -0.00831
vn 0.10635 0.99429 -0.00829
vn 0.10635 0.99429 -0.00826
vn 0.10635 0.99429 -0.00822
vn 0.10635 0.99429 -0.0082
vn 0.10631 0.9943 -0.0079
vn 0.10634 0.9943 -0.00798
vn 0.10636 0.9943 -0.00806
vn 0.1064 0.9943 -0.00745
vn 0.10642 0.9943 -0.00707
vn 0.1066 0.99429 -0.00462
vn 0.10632 0.9943 -0.0079
vn 0.10636 0.99429 -0.00813
vn 0.96111 0.0003 0.27617
vn 0.96205 -0.0003 0.27286
vn 0.96206 0.00019 0.27283
vn 0.96291 -0.00019 0.26981
vn 0.96292 9E-05 0.26979
vn 0.96369 -9E-05 0.26703
vn 0.96369 0 0.26703
vn 0.99975 -0 0.02249
vn 0.99973 0.00958 0.02101
vn 0.99995 -0.00854 -0.00503
vn 0.99987 0.01262 -0.01006
vn 0.99973 -0 -0.02309
vn 0.99932 -0.00101 -0.03681
vn 0.99909 0.00096 -0.04266
vn 0.99748 -0.00098 -0.07096
vn 0.99704 0.00102 -0.07691
vn 0.99435 -0.00102 -0.10611
vn 0.99363 0.00115 -0.11269
vn 0.98984 -0.00113 -0.14217
vn 0.9887 0.00134 -0.14993
vn 0.98384 -0.00129 -0.17902
vn 0.98207 0.00156 -0.18849
vn 0.97628 -0.00147 -0.21653
vn 0.97361 0.00179 -0.22819
vn 0.96706 -0.00165 -0.25454
vn 0.96319 0.00199 -0.26881
vn 0.95615 -0.00178 -0.29288
vn 0.95069 0.00213 -0.31012
vn 0.9435 -0.00183 -0.33137
vn 0.93607 0.00215 -0.35182
vn 0.92911 -0.00178 -0.3698
vn 0.91937 0.00204 -0.39338
vn 0.913 -0.00162 -0.40796
vn 0.90072 0.00182 -0.4344
vn 0.8952 -0.00137 -0.44566
vn 0.88018 0.00151 -0.47463
vn 0.87579 -0.00103 -0.48269
vn 0.8579 0.00112 -0.51382
vn 0.85487 -0.00062 -0.51884
vn 0.83402 0.00067 -0.55173
vn 0.83256 -0.00017 -0.55394
vn 0.80899 0.00018 -0.58782
vn 0.80873 0.00032 -0.58817
vn 0.78432 -0.0003 -0.62035
vn 0.78227 0.00072 -0.62294
vn 0.75873 -0.00066 -0.6514
vn 0.75481 0.00103 -0.65594
vn 0.73238 -0.00094 -0.68089
vn 0.72667 0.00121 -0.68698
vn 0.70545 -0.0011 -0.70876
vn 0.69825 0.00128 -0.71586
vn 0.67811 -0.00118 -0.73496
vn 0.66982 0.00128 -0.74253
vn 0.65053 -0.0012 -0.75948
vn 0.64158 0.00124 -0.76705
vn 0.62286 -0.00119 -0.78233
vn 0.61371 0.00117 -0.78953
vn 0.59525 -0.00114 -0.80354
vn 0.58635 0.00107 -0.81005
vn 0.56782 -0.00107 -0.82315
vn 0.55962 0.00095 -0.82875
vn 0.5407 -0.00097 -0.84122
vn 0.53362 0.0008 -0.84572
vn 0.51397 -0.00083 -0.85781
vn 0.50841 0.00061 -0.86112
vn 0.48772 -0.00065 -0.873
vn 0.48404 0.00036 -0.87504
vn 0.46202 -0.00039 -0.88687
vn 0.46056 4E-05 -0.88763
vn 0.43801 -4E-05 -0.89897
vn 0.43693 -0.00035 -0.89949
vn 0.4164 0.00029 -0.90918
vn 0.41249 -0.00065 -0.91096
vn 0.39135 0.00082 -0.92024
vn 0.38874 0 -0.92135
vn -0.52166 -0 -0.85315
vn -0.52154 -0 -0.85323
vn -0.52148 -0 -0.85326
vn -0.52142 -0 -0.8533
vn -0.5213 0 -0.85337
vn 0.53306 0 -0.84607
vn 0.53306 0 -0.84607
vn 0.54168 0.01453 -0.84046
vn 0.57772 -0.01267 -0.81613
vn 0.59393 0.01798 -0.80431
vn 0.62125 -0.01547 -0.78346
vn 0.63842 0.02115 -0.7694
vn 0.65872 -0.01804 -0.75217
vn 0.67625 0.02397 -0.73628
vn 0.69096 -0.02034 -0.7226
vn 0.70844 0.0263 -0.70528
vn 0.71873 -0.02229 -0.69493
vn 0.73589 0.02792 -0.67653
vn 0.74265 -0.02341 -0.66927
vn 0.75937 0.02818 -0.65005
vn 0.7633 -0.02229 -0.64566
vn 0.77956 0.02542 -0.62581
vn -0.93176 0 -0.36308
vn -0.93005 0.00016 -0.36742
vn -0.92645 -5E-05 -0.37642
vn -0.92147 6E-05 -0.38845
vn -0.9192 -5E-05 -0.39378
vn -0.9104 9E-05 -0.41373
vn -0.90877 0 -0.41729
vn -0.23844 0 -0.97116
vn -0.23777 0.00018 -0.97132
vn -0.22368 -0.00016 -0.97466
vn -0.21816 0.00112 -0.97591
vn -0.20832 -0.00047 -0.97806
vn -0.19362 0.00093 -0.98108
vn -0.19234 0.00053 -0.98133
vn -0.17572 -0.00035 -0.98444
vn -0.16661 0.00147 -0.98602
vn -0.15843 -0.00029 -0.98737
vn -0.14044 0.00042 -0.99009
vn -0.13696 0.00143 -0.99058
vn -0.12174 -0.00059 -0.99256
vn -0.10437 0.00147 -0.99454
vn -0.1023 0.00081 -0.99475
vn -0.0821 -0.00048 -0.99662
vn -0.06854 0.00201 -0.99765
vn -0.06113 9E-05 -0.99813
vn -0.03935 -9E-05 -0.99923
vn -0.02909 0.00234 -0.99957
vn -0.01677 -0.00032 -0.99986
vn 0.00291 0.00031 -1
vn 0.00663 -0.00044 -0.99998
vn 0.02582 0.00043 -0.99967
vn 0.03085 -0.00052 -0.99952
vn 0.04986 0.00053 -0.99876
vn 0.05589 -0.00058 -0.99844
vn 0.07509 0.0006 -0.99718
vn 0.08174 -0.00061 -0.99665
vn 0.1015 0.00064 -0.99484
vn 0.1084 -0.00062 -0.99411
vn 0.12913 0.00066 -0.99163
vn 0.13583 -0.0006 -0.99073
vn 0.15796 0.00065 -0.98744
vn 0.16401 -0.00054 -0.98646
vn 0.188 0.00059 -0.98217
vn 0.19289 -0.00044 -0.98122
vn 0.2192 0.00048 -0.97568
vn 0.22242 -0.00026 -0.97495
vn 0.25144 0.00028 -0.96787
vn 0.25255 1E-05 -0.96758
vn 0.28318 -1E-05 -0.95907
vn 0.28463 0.00035 -0.95864
vn 0.31425 -0.00032 -0.94934
vn 0.31865 0.00067 -0.94787
vn 0.34565 -0.00061 -0.93836
vn 0.35339 0.00096 -0.93548
vn 0.37727 -0.00084 -0.9261
vn 0.38869 0.00119 -0.92137
vn 0.40901 -0.00099 -0.91253
vn 0.42439 0.00131 -0.90548
vn 0.44073 -0.00102 -0.89764
vn 0.46033 0.00129 -0.88775
vn 0.47231 -0.00089 -0.88143
vn 0.49628 0.00109 -0.86816
vn 0.50362 -0.00057 -0.86393
vn 0.53206 0.00068 -0.84671
vn 0.53452 0 -0.84516
vn 0.0114 0.99562 0.09279
vn 0.01094 0.99563 0.09279
vn 0.01088 0.99562 0.09284
vn 0.0103 0.99563 0.09286
vn 0.01029 0.99562 0.09288
vn 0.01007 0.99562 0.09294
vn 0.01035 0.99563 0.09284
vn 0.00977 0.99562 0.09295
vn 0.00935 0.99563 0.09295
vn 0.00915 0.99562 0.093
vn 0.00869 0.99562 0.09304
vn 0.00835 0.99562 0.09309
vn 0.00933 0.99565 0.09273
vn 0.00894 0.99571 0.09214
vn 0.00851 0.99563 0.09303
vn 0.00763 0.99562 0.09316
vn 0.00749 0.99562 0.09322
vn 0.00687 0.99563 0.09318
vn 0.0062 0.99562 0.09329
vn 0.006 0.99561 0.09337
vn 0.0054 0.99562 0.09332
vn 0.00479 0.99561 0.09343
vn 0.00453 0.99562 0.0934
vn 0.00393 0.99561 0.09352
vn 0.00358 0.99562 0.09347
vn 0.00303 0.99561 0.0936
vn 0.00254 0.99561 0.09352
vn 0.00207 0.9956 0.09366
vn 0.00143 0.99561 0.09355
vn 0.00107 0.9956 0.0937
vn 0.00025 0.99562 0.09354
vn 0 0.9956 0.0937
vn -0.00099 0.99562 0.09348
vn -0.00112 0.9956 0.09367
vn -0.0023 0.99563 0.09337
vn 0.0109 0.99562 0.09281
vn 0.01088 0.99562 0.09281
vn 0.01141 0.99562 0.09274
vn 0.0114 0.99562 0.09275
vn 0.01141 0.99562 0.09279
vn 0.01155 0.99562 0.09275
vn 0.01169 0.99562 0.09272
vn 0.01181 0.99562 0.09272
vn 0.01189 0.99562 0.09272
vn 0.0119 0.99562 0.09272
vn 0.01193 0.99562 0.09271
vn 0.01213 0.99562 0.09265
vn 0.01238 0.99562 0.09265
vn 0.01255 0.99563 0.09259
vn 0.01283 0.99562 0.09258
vn 0.01295 0.99563 0.09252
vn 0.01326 0.99562 0.09251
vn 0.01333 0.99563 0.09246
vn 0.01366 0.99563 0.09243
vn 0.01368 0.99563 0.09241
vn 0.01403 0.99563 0.09234
vn 0.01403 0.99563 0.09235
vn 0.0144 0.99564 0.09217
vn 0.0144 0.99563 0.09231
vn 0.01464 0.99563 0.09226
vn 0.0148 0.99563 0.09225
vn 0.01492 0.99563 0.09222
vn 0.01512 0.99563 0.0922
vn 0.0152 0.99563 0.09218
vn 0.01542 0.99563 0.09215
vn 0.01538 0.99563 0.09216
vn 0.01551 0.99563 0.09213
vn 0.01562 0.99563 0.09212
vn 0.01568 0.99563 0.09211
vn 0.01572 0.99563 0.0921
vn 0.01582 0.99563 0.09208
vn 0.01592 0.99562 0.09208
vn 0.0159 0.99562 0.09208
vn 0.016 0.99563 0.09206
vn 0.01608 0.99562 0.09205
vn 0.01613 0.99562 0.09205
vn 0.01615 0.99562 0.09204
vn 0.01623 0.99562 0.09202
vn 0.01627 0.99562 0.09203
vn 0.01629 0.99562 0.09204
vn 0.01191 0.99562 0.09268
vn 0.0119 0.99562 0.09268
vn 0.01238 0.99563 0.09261
vn 0.01238 0.99563 0.09261
vn 0.01284 0.99563 0.09254
vn 0.01283 0.99563 0.09255
vn 0.01327 0.99563 0.09248
vn 0.01325 0.99563 0.09248
vn 0.01369 0.99563 0.09241
vn 0.01366 0.99563 0.09242
vn 0.01408 0.99563 0.09235
vn 0.01404 0.99563 0.09237
vn 0.01445 0.99563 0.0923
vn -0.82602 0 0.56364
vn -0.82738 0.00079 0.56164
vn -0.83709 -0.0006 0.54707
vn -0.84121 0.00123 0.5407
vn -0.84786 -0.00078 0.53022
vn -0.85483 0.0012 0.5189
vn -0.85832 -0.00046 0.51312
vn -0.86819 0.00063 0.49623
vn -0.86845 0.00045 0.49578
vn -0.87824 -0.00036 0.47822
vn -0.8812 0.0012 0.47273
vn -0.88767 -0.00071 0.46047
vn -0.89384 0.00123 0.44838
vn -0.89675 -0.00032 0.44254
vn -0.90545 0.0004 0.42446
vn -0.90605 0.00083 0.42318
vn -0.91376 -0.00053 0.40625
vn -0.91773 0.00133 0.3972
vn -0.92169 -0.00051 0.38793
vn -0.92886 0.00083 0.37043
vn -0.92922 0.00054 0.36953
vn -0.93936 -0.00077 0.34294
vn -0.93974 -0.00121 0.3419
vn -0.9491 0.00085 0.31498
vn -0.95239 -0.00208 0.30487
vn -0.95812 0.00129 0.28638
vn -0.96344 -0.00197 0.26793
vn -0.96636 0.00092 0.2572
vn -0.9729 -0.0012 0.23123
vn -0.97378 6E-05 0.22749
vn -0.98032 -7E-05 0.19739
vn -0.98082 -0.00089 0.19493
vn -0.98596 0.00072 0.16699
vn -0.98725 -0.00134 0.15918
vn -0.99067 0.00108 0.13629
vn -0.99227 -0.00146 0.12411
vn -0.99443 0.00118 0.10537
vn -0.99596 -0.0014 0.08983
vn -0.99724 0.00116 0.07428
vn -0.99841 -0.00127 0.05642
vn -0.99906 0.00105 0.04338
vn -0.99971 -0.00112 0.02397
vn -0.99991 0.00089 0.01311
vn -0.99997 -0.00096 -0.00747
vn -0.99987 0.00073 -0.01635
vn -0.99928 -0.00081 -0.03786
vn -0.99899 0.00057 -0.04499
vn -0.99774 -0.00067 -0.06716
vn -0.99735 0.00042 -0.07278
vn -0.99544 -0.00055 -0.09537
vn -0.99502 0.0003 -0.09972
vn -0.99247 -0.00044 -0.12248
vn -0.99205 0.0002 -0.12582
vn -0.98891 -0.00035 -0.14849
vn -0.98852 0.00014 -0.1511
vn -0.98485 -0.00028 -0.17342
vn -0.98446 0.00011 -0.17559
vn -0.98034 -0.00023 -0.1973
vn -0.97993 0.00011 -0.19932
vn -0.97547 -0.0002 -0.22014
vn -0.97497 0.00014 -0.22234
vn -0.97028 -0.00019 -0.24197
vn -0.96959 0.00019 -0.24472
vn -0.96484 -0.00019 -0.26284
vn -0.96382 0.00025 -0.26654
vn -0.96035 -0.0001 -0.2788
vn -0.95919 -0.00029 -0.28277
vn -0.95833 -5E-05 -0.28566
vn -0.955 4E-05 -0.29661
vn -0.95337 -0.00027 -0.30181
vn -0.95161 4E-05 -0.3073
vn -0.94817 -5E-05 -0.31775
vn -0.94742 -0.0002 -0.31999
vn -0.94469 7E-05 -0.32797
vn -0.94138 -0.00014 -0.33735
vn -0.94116 -0.0001 -0.33797
vn -0.93758 5E-05 -0.34778
vn -0.93394 -0 -0.35743
vn -0.93527 -0.00014 -0.35394
vn -0.0661 0.99561 0.06631
vn -0.06671 0.9956 0.06574
vn -0.06662 0.99561 0.06578
vn -0.06745 0.9956 0.065
vn -0.06735 0.99561 0.06504
vn -0.06823 0.9956 0.06419
vn -0.06812 0.99561 0.06423
vn -0.06905 0.9956 0.06332
vn -0.06894 0.99561 0.06335
vn -0.06992 0.9956 0.06237
vn -0.0698 0.99561 0.06239
vn -0.07084 0.9956 0.06134
vn -0.07072 0.99561 0.06134
vn -0.0718 0.9956 0.06023
vn -0.07168 0.99561 0.06019
vn -0.07281 0.9956 0.05901
vn -0.06596 0.9956 0.06651
vn -0.06563 0.99561 0.06677
vn -0.06531 0.9956 0.06714
vn -0.06519 0.99561 0.06723
vn -0.06468 0.99561 0.06772
vn -0.06476 0.9956 0.06767
vn -0.06408 0.99561 0.06825
vn -0.0641 0.99561 0.06823
vn -0.06354 0.99561 0.06877
vn -0.06407 0.9956 0.06842
vn -0.06325 0.99561 0.06899
vn -0.06338 0.9956 0.06906
vn -0.06262 0.9956 0.06964
vn -0.06258 0.9956 0.06976
vn -0.06186 0.99561 0.07027
vn -0.06185 0.99561 0.07026
vn -0.0614 0.9956 0.07073
vn -0.06302 0.99561 0.06926
vn -0.0625 0.99561 0.06967
vn -0.06251 0.99561 0.06967
vn -0.06206 0.99561 0.07012
vn -0.06056 0.9956 0.07148
vn -0.06083 0.99561 0.07116
vn -0.06136 0.9956 0.07075
vn -0.06136 0.9956 0.07076
vn -0.06193 0.9956 0.07026
vn -0.06036 0.99561 0.07159
vn -0.05973 0.99561 0.07212
vn -0.05995 0.9956 0.07203
vn -0.05946 0.99561 0.07233
vn -0.05948 0.9956 0.07235
vn -0.05931 0.99561 0.07246
vn -0.05911 0.99561 0.07264
vn -0.05906 0.9956 0.07269
vn -0.0589 0.99561 0.0728
vn -0.05871 0.99561 0.07296
vn -0.05867 0.9956 0.07301
vn -0.05851 0.99561 0.07311
vn -0.05834 0.99561 0.07326
vn -0.05829 0.9956 0.07331
vn -0.05815 0.99561 0.0734
vn -0.05798 0.99561 0.07353
vn -0.05793 0.9956 0.0736
vn -0.05781 0.99561 0.07367
vn -0.05765 0.99561 0.07379
vn -0.05759 0.9956 0.07388
vn -0.0575 0.99561 0.07392
vn -0.05734 0.99561 0.07403
vn -0.05733 0.9956 0.07406
vn -0.05719 0.99561 0.07415
vn -0.05719 0.9956 0.07422
vn -0.05703 0.99561 0.07426
vn -0.05703 0.99561 0.07426
vn -0.05692 0.99561 0.07436
vn -0.05682 0.9956 0.07447
vn -0.05686 0.9956 0.07445
vn -0.05671 0.9956 0.07453
vn -0.05658 0.99561 0.07461
vn -0.05647 0.99561 0.07469
vn -0.05637 0.99561 0.07477
vn -0.05629 0.9956 0.07486
vn -0.05631 0.9956 0.07485
vn -0.05619 0.99561 0.07492
vn -0.05609 0.99561 0.075
vn -0.05602 0.9956 0.07506
vn -0.05598 0.9956 0.07511
vn -0.05596 0.9956 0.07515
vn -0.05621 0.99559 0.07509
vn -0.05583 0.9956 0.07519
vn -0.05573 0.99561 0.07523
vn -0.05898 0.9956 0.07276
vn -0.05908 0.9956 0.07271
vn -0.05865 0.99561 0.07299
vn -0.05824 0.9956 0.07335
vn -0.0583 0.9956 0.07333
vn -0.05791 0.99561 0.07357
vn -0.05752 0.9956 0.07391
vn -0.05759 0.9956 0.07388
vn -0.05953 0.99561 0.0723
vn -0.05974 0.99561 0.07211
vn -0.05992 0.9956 0.07199
vn -0.05997 0.99561 0.07193
vn -0.06019 0.99561 0.07174
vn -0.06032 0.9956 0.07165
vn -0.06038 0.9956 0.07161
vn -0.06063 0.99561 0.07133
vn -0.06087 0.9956 0.0712
vn -0.06126 0.99561 0.0708
vn -0.06416 0.9956 0.06832
vn -0.05732 0.99561 0.07405
vn -0.05715 0.99561 0.07416
vn -0.05561 0.99561 0.0753
vn 0.59403 0 -0.80445
vn 0.00136 0.99563 -0.09341
vn 0.00034 0.99562 -0.09349
vn 0.00028 0.99563 -0.09343
vn -0.00066 0.99562 -0.09349
vn -0.00075 0.99563 -0.09343
vn -0.00161 0.99562 -0.09347
vn -0.00172 0.99563 -0.09342
vn -0.00251 0.99562 -0.09345
vn -0.00265 0.99563 -0.09339
vn -0.00337 0.99562 -0.09341
vn -0.00353 0.99563 -0.09336
vn -0.0042 0.99562 -0.09337
vn -0.00477 0.99564 -0.0932
vn -0.00502 0.99563 -0.09328
vn -0.00567 0.99562 -0.09328
vn -0.00624 0.99563 -0.09317
vn -0.0063 0.99563 -0.09315
vn -0.00675 0.99562 -0.0932
vn -0.00726 0.99562 -0.09316
vn -0.0077 0.99563 -0.09306
vn -0.00799 0.99562 -0.09312
vn -0.00886 0.99563 -0.09301
vn -0.00845 0.99541 -0.09536
vn -0.00957 0.99562 -0.09296
vn -0.00974 0.99562 -0.09295
vn -0.00988 0.99563 -0.09291
vn -0.01044 0.99563 -0.09285
vn -0.01056 0.99562 -0.09286
vn -0.01095 0.99563 -0.09278
vn -0.01121 0.99562 -0.09278
vn -0.01144 0.99563 -0.09273
vn -0.01171 0.99562 -0.09272
vn -0.01191 0.99562 -0.09268
vn -0.01218 0.99562 -0.09267
vn -0.01237 0.99562 -0.09263
vn -0.01263 0.99562 -0.09262
vn -0.01281 0.99562 -0.09258
vn -0.01306 0.99562 -0.09257
vn -0.01323 0.99562 -0.09253
vn -0.01347 0.99562 -0.09251
vn -0.01364 0.99562 -0.09247
vn -0.01385 0.99562 -0.09246
vn -0.01402 0.99562 -0.09242
vn -0.01425 0.99562 -0.0924
vn -0.01439 0.99562 -0.09237
vn -0.01456 0.99562 -0.09235
vn -0.01479 0.99562 -0.0923
vn -0.00978 0.9956 -0.09316
vn -0.01055 0.99563 -0.09281
vn -0.01064 0.99561 -0.09296
vn -0.01121 0.99563 -0.09276
vn -0.01143 0.99561 -0.09289
vn -0.01171 0.99563 -0.09269
vn -0.0122 0.99562 -0.09269
vn -0.01219 0.99562 -0.09271
vn -0.01266 0.99563 -0.09254
vn -0.01263 0.99563 -0.09256
vn -0.01285 0.99562 -0.09256
vn -0.013 0.99563 -0.09252
vn -0.01305 0.99563 -0.09249
vn -0.01317 0.99562 -0.09251
vn -0.01333 0.99562 -0.09249
vn -0.01345 0.99563 -0.09243
vn -0.01345 0.99563 -0.09243
vn -0.01363 0.99562 -0.09245
vn -0.01377 0.99563 -0.09241
vn -0.01384 0.99563 -0.09235
vn -0.01391 0.99563 -0.09238
vn -0.01409 0.99562 -0.09241
vn -0.01418 0.99563 -0.09227
vn -0.01473 0.99562 -0.09232
vn -0.01503 0.99562 -0.09227
vn -0.01505 0.99562 -0.09226
vn -0.01526 0.99562 -0.09223
vn -0.01535 0.99562 -0.0922
vn -0.01547 0.99562 -0.09219
vn -0.01565 0.99562 -0.09215
vn -0.01562 0.99562 -0.09216
vn -0.01583 0.99562 -0.09212
vn -0.01585 0.99562 -0.09211
vn -0.01601 0.99562 -0.09209
vn -0.01606 0.99562 -0.09206
vn -0.01611 0.99562 -0.09206
vn -0.01617 0.99562 -0.09204
vn -0.01621 0.99563 -0.09202
vn -0.01622 0.99563 -0.09198
vn -0.00898 0.99563 -0.09296
vn 0.26895 -0.00593 -0.96314
vn 0.25638 0.00571 -0.96656
vn 0.25651 -0.00351 -0.96654
vn 0.24489 0.00342 -0.96954
vn 0.24488 -0.00148 -0.96955
vn 0.23404 0.00139 -0.97223
vn 0.23402 2E-05 -0.97223
vn 0.21895 -0.00016 -0.97574
vn 0.20043 -0.00039 -0.97971
vn 0.20042 -0.00059 -0.97971
vn 0.21891 0.00033 -0.97574
vn 0.18359 0.00011 -0.983
vn 0.18356 -0.00049 -0.98301
vn 0.16822 0.00033 -0.98575
vn 0.16817 -0.00038 -0.98576
vn 0.15417 0.00032 -0.98804
vn 0.15412 -0.0002 -0.98805
vn 0.1413 0.00019 -0.98997
vn 0.14128 0 -0.98997
vn -0.7931 0 0.60909
vn -0.79315 -0 0.60903
vn -0.79317 -0 0.609
vn -0.79319 -0 0.60897
vn -0.79323 0 0.60892
vn -0.40437 0 -0.9146
vn -0.40001 -0.00145 -0.91651
vn -0.39488 0.00502 -0.91872
vn -0.44649 0.00106 -0.89479
vn -0.45828 -0.00141 -0.88881
vn -0.49141 0.00119 -0.87093
vn -0.50555 -0.00151 -0.8628
vn -0.53053 0.00122 -0.84767
vn -0.54693 -0.0015 -0.83718
vn -0.56461 0.00111 -0.82536
vn -0.58317 -0.00134 -0.81235
vn -0.59432 0.00083 -0.80423
vn -0.61495 -0.00099 -0.78856
vn -0.62031 0.00036 -0.78436
vn -0.64288 -0.00042 -0.76596
vn -0.64335 -0.00027 -0.76558
vn -0.66398 0.00022 -0.74775
vn -0.6675 -0.00074 -0.74461
vn -0.68255 0.00056 -0.73084
vn -0.68927 -0.0009 -0.7245
vn -0.70691 0.00179 -0.7073
vn -0.70858 0.00102 -0.70563
vn -0.72578 -0.00057 -0.68793
vn -0.73447 0.00198 -0.67864
vn -0.74114 -0.00028 -0.67135
vn -0.75491 0.00035 -0.65583
vn -0.7573 0.00141 -0.65306
vn -0.76729 -0.00058 -0.64129
vn -0.77635 0.00119 -0.6303
vn -0.78353 -0.00196 -0.62135
vn -0.79242 0.00115 -0.60998
vn -0.79776 -0.00034 -0.60298
vn -0.80611 0.00058 -0.59177
vn -0.80633 0.00069 -0.59147
vn -0.81372 -0.00032 -0.58126
vn -0.81863 0.00088 -0.57432
vn -0.82068 8E-05 -0.57139
vn -0.82704 -7E-05 -0.56214
vn -0.82965 0.00083 -0.55829
vn -0.83287 -0.00013 -0.55346
vn -0.83822 0.00016 -0.54533
vn -0.83958 0.00071 -0.54324
vn -0.84313 -0.00015 -0.53772
vn -0.84629 0.00012 -0.53272
vn -0.84762 -0.00017 -0.53061
vn -0.85034 9E-05 -0.52623
vn -0.85172 -0.00018 -0.524
vn -0.85412 7E-05 -0.52008
vn -0.85545 -0.00015 -0.51789
vn -0.85744 9E-05 -0.51459
vn -0.85881 -0.0001 -0.5123
vn -0.86058 0.00011 -0.50932
vn -0.86179 -8E-05 -0.50727
vn -0.86363 8E-05 -0.50412
vn -0.86436 -5E-05 -0.50287
vn -0.8656 2E-05 -0.50074
vn -0.86647 -4E-05 -0.49924
vn -0.86668 -1E-05 -0.49886
vn -0.86757 1E-05 -0.49731
vn -0.86796 -2E-05 -0.49663
vn -0.86823 0 -0.49616
vn -0.3708 -0 -0.92871
vn 0.09028 0.99432 -0.05635
vn 0.09013 0.99431 -0.05683
vn 0.08976 0.99431 -0.0574
vn 0.08957 0.9943 -0.05781
vn 0.08926 0.99431 -0.05811
vn 0.08867 0.9943 -0.05916
vn 0.08855 0.99431 -0.05926
vn 0.0879 0.99431 -0.06021
vn 0.08792 0.99431 -0.06022
vn 0.08764 0.99431 -0.06058
vn 0.08744 0.99431 -0.06092
vn 0.08735 0.99431 -0.06101
vn 0.08703 0.99431 -0.06146
vn 0.08693 0.9943 -0.06167
vn 0.0867 0.99431 -0.06192
vn 0.08638 0.99431 -0.06241
vn 0.08636 0.9943 -0.06245
vn 0.08599 0.99431 -0.06291
vn 0.08576 0.9943 -0.0633
vn 0.08563 0.99431 -0.06343
vn 0.08523 0.99431 -0.06395
vn 0.08511 0.9943 -0.0642
vn 0.0848 0.99431 -0.06449
vn 0.08442 0.9943 -0.06505
vn 0.08438 0.9943 -0.06518
vn 0.08392 0.99431 -0.06562
vn 0.08359 0.9943 -0.0662
vn 0.08358 0.9943 -0.06626
vn 0.08292 0.99431 -0.06682
vn 0.08289 0.99431 -0.06693
vn 0.08253 0.99431 -0.06741
vn 0.08225 0.9943 -0.06781
vn 0.08203 0.99431 -0.06802
vn 0.08144 0.99431 -0.06868
vn 0.08095 0.99431 -0.06929
vn 0.08067 0.9943 -0.06971
vn 0.08045 0.9943 -0.0699
vn 0.07983 0.99431 -0.07054
vn 0.07931 0.99431 -0.07115
vn 0.07924 0.99431 -0.07125
vn 0.07872 0.99431 -0.07177
vn 0.07822 0.99431 -0.07237
vn 0.07819 0.9943 -0.07241
vn 0.07759 0.99431 -0.073
vn 0.07711 0.9943 -0.07357
vn 0.07705 0.9943 -0.07368
vn 0.0765 0.99431 -0.07415
vn 0.07607 0.99431 -0.07463
vn 0.0759 0.99429 -0.07496
vn 0.07591 0.99428 -0.07512
vn 0.07594 0.99427 -0.07519
vn 0.09086 0.99431 -0.05559
vn 0.09086 0.99431 -0.05567
vn 0.09052 0.9943 -0.05628
vn 0.09045 0.99431 -0.05624
vn 0.09042 0.99431 -0.05632
vn 0.09111 0.9943 -0.05532
vn 0.09113 0.99432 -0.05505
vn 0.09125 0.99431 -0.05501
vn 0.0913 0.99431 -0.05494
vn 0.09135 0.99431 -0.05484
vn 0.09147 0.99431 -0.05463
vn 0.09127 0.99433 -0.05451
vn 0.0916 0.99431 -0.05443
vn 0.0917 0.99431 -0.05424
vn 0.09175 0.99431 -0.05418
vn 0.09193 0.99431 -0.05386
vn 0.09194 0.99431 -0.05385
vn 0.09212 0.99431 -0.05354
vn 0.09212 0.99431 -0.05353
vn 0.09228 0.99431 -0.05328
vn 0.0923 0.99431 -0.05323
vn 0.09242 0.99431 -0.05304
vn 0.09242 0.99431 -0.05305
vn 0.09248 0.99431 -0.05292
vn 0.0914 0.99432 -0.05458
vn 0.09254 0.99431 -0.05284
vn 0.09254 0.99431 -0.05282
vn 0.0926 0.99431 -0.05272
vn 0.09265 0.99431 -0.05264
vn 0.09265 0.99431 -0.05263
vn 0.09261 0.99431 -0.05271
vn 0.09269 0.99431 -0.05257
vn 0.09269 0.99431 -0.05257
vn 0.09271 0.99431 -0.05252
vn 0.09272 0.99431 -0.05252
vn 0.09274 0.99431 -0.05249
vn 0.09274 0.99431 -0.05248
vn 0.09275 0.99431 -0.05247
vn 0.09275 0.99431 -0.05246
vn 0.09275 0.99431 -0.05246
vn 0.09275 0.99431 -0.05246
vn 0.09274 0.99431 -0.05247
vn 0.09274 0.99431 -0.05248
vn 0.09272 0.99431 -0.0525
vn 0.09271 0.99431 -0.05253
vn 0.09269 0.99431 -0.05255
vn 0.09266 0.99431 -0.05262
vn 0.09263 0.99431 -0.05263
vn 0.0926 0.99431 -0.05275
vn 0.09255 0.99431 -0.05273
vn 0.0925 0.99432 -0.05271
vn 0.09154 0.99431 -0.05455
vn 0.09107 0.99431 -0.0553
vn 0.09103 0.99431 -0.05537
vn 0.09084 0.99431 -0.05566
vn 0.09075 0.99431 -0.05584
vn 0.09009 0.99431 -0.05687
vn 0.08785 0.99431 -0.06032
vn 0.08741 0.99431 -0.0609
vn 0.08723 0.9943 -0.06123
vn 0.08688 0.99431 -0.06164
vn 0.0865 0.99431 -0.06225
vn 0.08633 0.99431 -0.06243
vn 0.08573 0.99431 -0.06327
vn 0.08566 0.99431 -0.06339
vn 0.08504 0.99431 -0.06416
vn 0.08471 0.9943 -0.06469
vn 0.0843 0.99431 -0.06512
vn 0.08357 0.9943 -0.06615
vn 0.08351 0.99431 -0.0662
vn 0.08221 0.99429 -0.06802
vn 0.08236 0.99432 -0.06745
vn 0.08794 0.99431 -0.06017
vn 0.08821 0.99431 -0.05976
vn 0.08852 0.9943 -0.05939
vn 0.08861 0.9943 -0.0593
vn 0.08874 0.99431 -0.059
vn 0.08915 0.99431 -0.05833
vn 0.08936 0.9943 -0.05817
vn 0.0897 0.99431 -0.05745
vn 0.89464 -0.06453 -0.4421
vn 0.91058 0.02713 -0.41243
vn 0.91404 0 -0.40563
vn 0.9201 -0.0027 -0.39167
vn 0.92509 0.00062 -0.37974
vn 0.938 -0.00083 -0.34665
vn 0.93892 -0.00172 -0.34414
vn 0.94972 0.00107 -0.31309
vn 0.95503 -0.00253 -0.2965
vn 0.96027 0.0011 -0.27906
vn 0.96847 -0.0017 -0.24914
vn 0.96961 -0.00029 -0.24466
vn 0.97767 0.00026 -0.21014
vn 0.9793 -0.00185 -0.20242
vn 0.98447 0.00118 -0.17556
vn 0.98765 -0.00209 -0.15667
vn 0.99 0.00101 -0.14107
vn 0.99369 -0.0014 -0.11216
vn 0.99427 4E-05 -0.1069
vn 0.99731 -4E-05 -0.07328
vn 0.99761 -0.00117 -0.0691
vn 0.99919 0.00084 -0.04032
vn 0.99962 -0.00161 -0.02768
vn 0.99997 0.00104 -0.00797
vn 0.99993 -0.00147 0.01198
vn 0.99972 0.00076 0.02367
vn 0.99876 -0.00096 0.04979
vn 0.99851 0.00019 0.05457
vn 0.99642 -0.00021 0.08458
vn 0.99632 -0.0005 0.08571
vn 0.99352 0.00039 0.11362
vn 0.99281 -0.0009 0.11973
vn 0.98989 0.00065 0.1418
vn 0.9884 -0.00105 0.15185
vn 0.9856 0.00072 0.16911
vn 0.98328 -0.00103 0.1821
vn 0.9807 0.00068 0.19553
vn 0.97758 -0.00093 0.21054
vn 0.97526 0.0006 0.22106
vn 0.97146 -0.00079 0.23722
vn 0.96934 0.00053 0.24571
vn 0.96502 -0.00066 0.26218
vn 0.96301 0.0005 0.26948
vn 0.95838 -0.00057 0.2855
vn 0.9563 0.0005 0.2924
vn 0.95164 -0.00051 0.30722
vn 0.94926 0.00053 0.31449
vn 0.94489 -0.00047 0.32739
vn 0.94194 0.00056 0.33577
vn 0.93821 -0.00042 0.34606
vn 0.9344 0.00053 0.35623
vn 0.9317 -0.00031 0.36324
vn 0.92688 0.00037 0.37536
vn 0.92543 -0.00014 0.37892
vn 0.91977 0.00016 0.39245
vn 0.91951 6E-05 0.39307
vn 0.91405 -4E-05 0.4056
vn 0.91333 0.00018 0.40723
vn 0.90921 -0.00012 0.41633
vn 0.90898 -7E-05 0.41685
vn 0.90649 4E-05 0.42224
vn 0.90521 -0.00011 0.42496
vn 0.90362 0.0001 0.42834
vn 0.90239 -5E-05 0.43093
vn 0.90168 1E-05 0.43241
vn 0.90122 -1E-05 0.43337
vn 0.90129 0 0.43322
vn 0.9016 -1E-05 0.43257
vn 0.90293 5E-05 0.42979
vn 0.90312 3E-05 0.42939
vn 0.90622 -3E-05 0.42281
vn 0.91161 0 0.41106
vn 0.90935 0.00015 0.41602
vn 0.69543 0 -0.71859
vn 0.69542 0 -0.71861
vn 0.69541 0 -0.71861
vn 0.69541 0 -0.71862
vn 0.69539 0 -0.71863
vn 0.91439 0 0.40484
vn 0.91371 -5E-05 0.40638
vn 0.90263 8E-05 0.43043
vn 0.90128 0 0.43323
vn 0.17268 0 0.98498
vn 0.17148 -0.00019 0.98519
vn 0.14511 0.00018 0.98941
vn 0.14148 -0.00036 0.98994
vn 0.11557 0.00037 0.9933
vn 0.11124 -0.0003 0.99379
vn 0.08418 0.00031 0.99645
vn 0.08083 -0.00023 0.99673
vn 0.05273 0.00024 0.99861
vn 0.05034 -0.00017 0.99873
vn 0.02132 0.00017 0.99977
vn 0.01985 -9E-05 0.9998
vn -0.00995 9E-05 0.99995
vn -0.01054 -2E-05 0.99994
vn -0.04076 2E-05 0.99917
vn -0.04101 6E-05 0.99916
vn -0.07073 -6E-05 0.9975
vn -0.07177 0.00013 0.99742
vn -0.10037 -0.00013 0.99495
vn -0.10212 0.0002 0.99477
vn -0.1296 -0.00019 0.99157
vn -0.13193 0.00024 0.99126
vn -0.15836 -0.00024 0.98738
vn -0.16103 0.00027 0.98695
vn -0.1866 -0.00026 0.98244
vn -0.18934 0.00027 0.98191
vn -0.21425 -0.00026 0.97678
vn -0.21682 0.00025 0.97621
vn -0.24127 -0.00024 0.97046
vn -0.24345 0.0002 0.96991
vn -0.26762 -0.0002 0.96353
vn -0.26919 0.00014 0.96309
vn -0.29326 -0.00014 0.95603
vn -0.29403 4E-05 0.9558
vn -0.31797 -4E-05 0.9481
vn -0.31817 -9E-05 0.94803
vn -0.34101 8E-05 0.94006
vn -0.34232 -0.00023 0.93958
vn -0.36316 0.00021 0.93173
vn -0.36571 -0.00037 0.93073
vn -0.38443 0.00034 0.92315
vn -0.38833 -0.00051 0.92152
vn -0.40481 0.00047 0.9144
vn -0.41016 -0.00062 0.91201
vn -0.43122 0.00116 0.90225
vn -0.43374 0.00211 0.90104
vn -0.4515 -0.00074 0.89227
vn -0.46939 0.00193 0.88299
vn -0.47101 0.00124 0.88212
vn -0.48978 -0.00061 0.87185
vn -0.50195 0.00226 0.86489
vn -0.50781 0.00014 0.86147
vn -0.52511 -7E-05 0.85103
vn -0.5316 0.00219 0.84699
vn -0.54172 -0.00059 0.84056
vn -0.55764 0.00105 0.83008
vn -0.55858 0.00152 0.82945
vn -0.5729 -0.00072 0.81962
vn -0.58315 0.00187 0.81236
vn -0.58753 0 0.80921
vn -0.07587 0.99436 0.07409
vn -0.07652 0.99431 0.07407
vn -0.07722 0.9943 0.07345
vn -0.07766 0.99432 0.07273
vn -0.07789 0.99431 0.07262
vn -0.07853 0.99431 0.07204
vn -0.07908 0.99432 0.07129
vn -0.07913 0.99431 0.07126
vn -0.07972 0.99431 0.07072
vn -0.08026 0.99431 0.07003
vn -0.08033 0.99431 0.06992
vn -0.0808 0.99431 0.06946
vn -0.08131 0.99431 0.06884
vn -0.08144 0.99431 0.06864
vn -0.0818 0.99431 0.06829
vn -0.08226 0.99431 0.06773
vn -0.08245 0.99431 0.06744
vn -0.0827 0.99431 0.06719
vn -0.08312 0.99431 0.06667
vn -0.08336 0.99431 0.06632
vn -0.08352 0.99431 0.06615
vn -0.08392 0.99431 0.06567
vn -0.08419 0.99431 0.06527
vn -0.08429 0.99431 0.06517
vn -0.08461 0.99431 0.06477
vn -0.08484 0.99426 0.0652
vn -0.08501 0.99431 0.06425
vn -0.085 0.99431 0.06423
vn -0.08535 0.99431 0.0638
vn -0.08553 0.99431 0.06354
vn -0.08591 0.99429 0.06335
vn -0.08595 0.99431 0.06299
vn -0.08626 0.99431 0.06254
vn -0.08629 0.99431 0.0625
vn -0.08686 0.99431 0.06173
vn -0.08688 0.99431 0.06169
vn -0.08742 0.99431 0.06092
vn -0.08495 0.99431 0.06428
vn -0.08564 0.99431 0.06336
vn -0.08748 0.99431 0.06086
vn -0.08791 0.99431 0.06019
vn -0.08794 0.99431 0.06015
vn -0.08834 0.99431 0.05957
vn -0.08852 0.99431 0.05925
vn -0.08882 0.9943 0.05892
vn -0.08906 0.99432 0.05832
vn -0.08909 0.9943 0.0585
vn -0.08921 0.99431 0.05825
vn -0.08841 0.9943 0.05953
vn -0.0888 0.99431 0.05885
vn -0.08945 0.99431 0.05789
vn -0.08957 0.99431 0.05766
vn -0.08981 0.99431 0.05735
vn -0.08992 0.99431 0.05711
vn -0.09013 0.99431 0.05682
vn -0.09026 0.99431 0.05662
vn -0.09027 0.99431 0.0566
vn -0.09061 0.99431 0.05609
vn -0.09059 0.99431 0.05612
vn -0.09089 0.9943 0.05566
vn -0.09095 0.9943 0.05561
vn -0.09117 0.9943 0.05524
vn -0.09125 0.9943 0.05517
vn -0.09144 0.9943 0.05486
vn -0.09153 0.99429 0.05477
vn -0.09169 0.9943 0.0545
vn -0.09178 0.99429 0.05441
vn -0.09191 0.99429 0.05417
vn -0.09201 0.99429 0.05408
vn -0.09211 0.99429 0.05387
vn -0.09222 0.99429 0.05377
vn -0.09228 0.99429 0.05358
vn -0.09232 0.99429 0.05355
vn -0.09241 0.99429 0.05341
vn -0.09242 0.99429 0.05332
vn -0.09247 0.99429 0.05328
vn -0.09253 0.99429 0.05315
vn -0.09252 0.99429 0.05308
vn -0.09259 0.99429 0.05303
vn -0.09261 0.9943 0.0529
vn -0.09258 0.9943 0.05286
vn -0.09268 0.9943 0.05279
vn -0.09258 0.99431 0.05265
vn -0.09022 0.99428 0.05719
vn -0.08978 0.99431 0.05733
vn -0.08968 0.9943 0.05774
vn -0.08792 0.9943 0.06024
vn -0.08745 0.99431 0.06084
vn -0.08744 0.99431 0.0609
vn -0.08695 0.9943 0.06164
vn -0.08681 0.99431 0.0617
vn -0.08645 0.9943 0.06246
vn 0.98335 0.05997 -0.17156
vn 0.98624 -0.02816 -0.16291
vn 0.98719 0.03107 -0.1565
vn 0.98838 -0.01443 -0.15133
vn 0.98953 0.01429 -0.14359
vn 0.99003 -0.00703 -0.14071
vn 0.99116 0.00588 -0.13255
vn 0.99138 -0.00388 -0.13093
vn 0.99212 0.00103 -0.12528
vn 0.99252 -0.00533 -0.12193
vn 0.99265 -0.00249 -0.12099
vn 0.99312 0.00105 -0.11709
vn 0.99353 -0.00283 -0.11357
vn 0.99355 -0.00358 -0.11332
vn 0.99434 0.00662 -0.10603
vn 0.99447 0.00199 -0.10501
vn 0.99549 -0.00265 -0.09483
vn 0.99554 -0.00697 -0.09405
vn 0.99643 0.0032 -0.08439
vn 0.99674 -0.00902 -0.08015
vn 0.99748 0.01179 -0.06995
vn 0.99776 -0.00172 -0.06683
vn 0.99851 -0.00046 -0.05455
vn 0.99861 0.00661 -0.05236
vn 0.99906 -0.00473 -0.04311
vn 0.99932 0.00692 -0.03618
vn 0.99949 -0.00263 -0.03171
vn 0.99978 0.00322 -0.02089
vn 0.99979 0.00182 -0.02038
vn 0.99995 -0.00136 -0.0097
vn 0.99995 -0.00166 -0.00952
vn 1 0.00095 -0.00228
vn 1 -0.00258 0.00165
vn 0.99995 0.00411 0.00899
vn 0.99991 -0.00175 0.01338
vn 0.99979 0.00089 0.02064
vn 0.99967 -0.00239 0.02575
vn 0.99959 0.00015 0.02871
vn 0.99931 -0.00027 0.03711
vn 0.99923 -0.00221 0.03916
vn 0.99895 0.00082 0.04589
vn 0.99884 0 0.04819
vn 0.99863 -0.00052 0.05241
vn 0.99848 0.00012 0.05513
vn 0.99789 -0.00024 0.06493
vn 0.99788 -0.0003 0.06511
vn 0.99715 0.00016 0.07539
vn 0.99688 -0.0006 0.07893
vn 0.99624 0.00033 0.08664
vn 0.99556 -0.00066 0.09416
vn 0.99511 0.00023 0.0988
vn 0.9938 -0.00042 0.11115
vn 0.9937 -0.00018 0.11208
vn 0.99212 9E-05 0.1253
vn 0.99194 0.00032 0.12667
vn 0.99077 -0.00021 0.13556
vn 0.98974 0.00043 0.14285
vn 0.9892 -6E-05 0.14657
vn 0.98737 5E-05 0.15843
vn 0.98696 0.00043 0.16095
vn 0.98523 -0.00023 0.17126
vn 0.98341 0.0005 0.18139
vn 0.9827 0 0.1852
vn 0.97587 -0 0.21834
vn 0.97236 0.0014 0.23348
vn 0.96279 -0.00057 0.27025
vn 0.94774 0.00123 0.31903
vn 0.94641 0.00079 0.32297
vn 0.92661 -0.00046 0.37603
vn 0.91215 0.00176 0.40986
vn 0.90334 4E-05 0.42893
vn 0.87664 -4E-05 0.48114
vn 0.86431 0.00189 0.50295
vn 0.84666 -0.00031 0.53213
vn 0.81363 0.00043 0.58138
vn 0.8041 0.00186 0.59449
vn 0.77787 -0.00044 0.62843
vn 0.73976 0.00078 0.67287
vn 0.73312 0.00171 0.6801
vn 0.69974 -0.00049 0.7144
vn 0.65826 0.00105 0.75279
vn 0.65462 0.00154 0.75596
vn 0.59449 -0.00156 0.8041
vn 0.57177 0.00137 0.82041
vn 0.50819 -0.00136 0.86124
vn 0.48761 0.00122 0.87306
vn 0.42322 -0.0012 0.90602
vn 0.40516 0.00103 0.91425
vn 0.34155 -0.00102 0.93986
vn 0.32654 0.00084 0.94518
vn 0.26427 -0.00083 0.96445
vn 0.2527 0.00063 0.96755
vn 0.19184 -0.00063 0.98143
vn 0.18391 0.00041 0.98294
vn 0.1242 -0.00041 0.99226
vn 0.11991 0.00018 0.99278
vn 0.06097 -0.00018 0.99814
vn 0.06004 -5E-05 0.9982
vn 0.00364 4E-05 0.99999
vn 0.00161 -0.00025 1
vn -0.04987 0.00022 0.99876
vn -0.05456 -0.00041 0.99851
vn -0.1011 0.00036 0.99488
vn -0.10825 -0.00054 0.99412
vn -0.15069 0.00049 0.98858
vn -0.16025 -0.00064 0.98708
vn -0.19932 0.00059 0.97993
vn -0.21136 -0.00072 0.97741
vn -0.24773 0.00067 0.96883
vn -0.26244 -0.0008 0.96495
vn -0.29673 0.00075 0.95496
vn -0.31443 -0.00087 0.94928
vn -0.34715 0.00082 0.93781
vn -0.36837 -0.00094 0.92968
vn -0.39996 0.00088 0.91653
vn -0.42544 -0.00101 0.90499
vn -0.45625 0.00094 0.88985
vn -0.48698 -0.00108 0.87341
vn -0.51753 0.00102 0.85567
vn -0.55443 -0.00116 0.83223
vn -0.58796 0.0013 0.80889
vn -0.62917 -0.0013 0.77727
vn -0.67291 0.00171 0.73973
vn -0.71189 -0.0014 0.70229
vn -0.74645 0.00046 0.66544
vn -0.80119 -0.00101 0.59841
vn -0.80118 -0.00101 0.59842
vn -0.85913 0.00063 0.51176
vn -0.86877 -0.00011 0.49521
vn -0.91133 0.00013 0.41168
vn -0.91632 0.00064 0.40045
vn -0.94888 -0.00044 0.31564
vn -0.96528 0.00106 0.2612
vn -0.97823 -0.00043 0.20751
vn -0.99022 0.00027 0.13955
vn -0.99601 -0.00056 0.08924
vn -0.99869 0.00022 0.05116
vn -0.99937 -0.00033 -0.03554
vn -0.9992 -0.0002 -0.0399
vn -0.99144 0.00015 -0.13055
vn -0.98682 -0.00056 -0.16182
vn -0.96539 0.00093 -0.26081
vn -0.9588 0 -0.28409
usemtl mat1
f 1//1 2//1 3//1
f 3//1 2//1 4//1
f 3//1 4//1 5//1
f 5//1 4//1 6//1
f 5//1 6//1 7//1
f 7//1 6//1 8//1
f 8//1 6//1 9//1
f 8//1 9//1 10//1
f 11//1 12//1 6//1
f 6//1 12//1 13//1
f 6//1 13//1 9//1
f 10//2 9//2 14//2
f 14//3 9//3 13//3
f 14//4 13//4 15//4
f 15//5 13//5 12//5
f 15//6 12//6 11//6
f 11//7 6//7 15//7
f 15//8 6//8 4//8
f 15//9 4//9 16//9
f 16//10 4//10 2//10
f 16//11 2//11 1//11
f 17//12 18//12 19//12
f 19//13 18//13 20//13
f 19//14 20//14 21//14
f 22//15 23//15 17//15
f 17//16 23//16 24//16
f 17//17 24//17 18//17
f 25//18 26//18 22//18
f 22//19 26//19 27//19
f 22//20 27//20 23//20
f 26//21 25//21 28//21
f 28//22 25//22 29//22
f 28//23 29//23 30//23
f 30//24 29//24 31//24
f 30//25 31//25 32//25
f 32//26 31//26 33//26
f 32//27 33//27 34//27
f 34//28 33//28 35//28
f 35//29 33//29 36//29
f 35//30 36//30 37//30
f 37//31 36//31 38//31
f 37//32 38//32 39//32
f 39//33 38//33 40//33
f 39//34 40//34 41//34
f 39//35 41//35 42//35
f 42//36 41//36 43//36
f 42//37 43//37 44//37
f 44//38 43//38 45//38
f 44//39 45//39 46//39
f 46//40 45//40 47//40
f 46//41 47//41 48//41
f 48//42 47//42 49//42
f 48//43 49//43 50//43
f 50//44 49//44 51//44
f 50//45 51//45 52//45
f 52//46 51//46 53//46
f 52//47 53//47 54//47
f 54//48 53//48 55//48
f 54//49 55//49 56//49
f 43//50 49//50 45//50
f 45//51 49//51 47//51
f 56//52 57//52 54//52
f 54//53 57//53 58//53
f 54//54 58//54 59//54
f 59//55 58//55 60//55
f 60//56 58//56 61//56
f 61//57 58//57 62//57
f 61//58 62//58 63//58
f 63//59 62//59 64//59
f 63//60 64//60 65//60
f 65//61 64//61 66//61
f 65//62 66//62 67//62
f 67//63 66//63 68//63
f 67//64 68//64 69//64
f 57//65 70//65 58//65
f 58//66 70//66 71//66
f 58//67 71//67 72//67
f 72//68 73//68 58//68
f 58//69 73//69 62//69
f 73//70 74//70 62//70
f 62//71 74//71 75//71
f 62//72 75//72 64//72
f 64//73 75//73 76//73
f 64//74 76//74 77//74
f 64//75 77//75 66//75
f 66//76 77//76 68//76
f 67//77 69//77 78//77
f 78//78 69//78 79//78
f 78//79 79//79 80//79
f 78//80 80//80 81//80
f 81//81 80//81 82//81
f 81//82 82//82 83//82
f 81//83 83//83 84//83
f 84//84 83//84 85//84
f 84//85 85//85 86//85
f 86//86 85//86 87//86
f 86//87 87//87 88//87
f 88//88 87//88 89//88
f 88//89 89//89 90//89
f 90//90 89//90 91//90
f 90//91 91//91 92//91
f 92//92 91//92 93//92
f 92//93 93//93 94//93
f 94//94 93//94 95//94
f 59//95 96//95 54//95
f 54//96 96//96 52//96
f 96//97 97//97 52//97
f 52//98 97//98 50//98
f 97//99 48//99 50//99
f 53//100 98//100 55//100
f 55//101 98//101 56//101
f 56//102 98//102 99//102
f 56//103 99//103 57//103
f 57//104 99//104 70//104
f 70//105 99//105 100//105
f 70//106 100//106 71//106
f 71//107 100//107 101//107
f 71//108 101//108 72//108
f 72//109 101//109 102//109
f 72//110 102//110 73//110
f 103//111 104//111 105//111
f 105//112 104//112 73//112
f 105//113 73//113 102//113
f 73//114 104//114 74//114
f 74//115 104//115 106//115
f 74//116 106//116 107//116
f 74//117 107//117 75//117
f 75//118 107//118 108//118
f 75//119 108//119 76//119
f 76//120 108//120 109//120
f 76//121 109//121 110//121
f 76//122 110//122 77//122
f 77//123 110//123 111//123
f 77//124 111//124 112//124
f 77//125 112//125 68//125
f 68//126 112//126 113//126
f 68//127 113//127 114//127
f 68//128 114//128 69//128
f 69//129 114//129 115//129
f 69//130 115//130 116//130
f 69//131 116//131 79//131
f 79//132 116//132 117//132
f 79//133 117//133 80//133
f 80//134 117//134 118//134
f 80//135 118//135 119//135
f 80//136 119//136 82//136
f 82//137 119//137 120//137
f 82//138 120//138 121//138
f 82//139 121//139 83//139
f 83//140 121//140 122//140
f 83//141 122//141 123//141
f 83//142 123//142 85//142
f 85//143 123//143 124//143
f 85//144 124//144 125//144
f 85//145 125//145 87//145
f 87//146 125//146 126//146
f 87//147 126//147 127//147
f 87//148 127//148 89//148
f 89//149 127//149 128//149
f 89//150 128//150 129//150
f 89//151 129//151 91//151
f 91//152 129//152 130//152
f 91//153 130//153 131//153
f 91//154 131//154 93//154
f 93//155 131//155 132//155
f 93//156 132//156 133//156
f 93//157 133//157 95//157
f 95//158 133//158 134//158
f 95//159 134//159 135//159
f 135//160 134//160 136//160
f 135//161 136//161 137//161
f 137//162 136//162 138//162
f 1//163 3//163 16//163
f 16//164 3//164 139//164
f 3//165 5//165 139//165
f 139//166 5//166 7//166
f 139//167 7//167 14//167
f 14//168 7//168 8//168
f 14//169 8//169 10//169
f 140//170 141//170 137//170
f 137//171 141//171 135//171
f 135//172 141//172 94//172
f 135//173 94//173 95//173
f 142//174 90//174 141//174
f 141//175 90//175 92//175
f 141//176 92//176 94//176
f 142//177 143//177 90//177
f 90//178 143//178 144//178
f 90//179 144//179 88//179
f 88//180 144//180 86//180
f 86//181 144//181 145//181
f 86//182 145//182 84//182
f 84//183 145//183 146//183
f 84//184 146//184 81//184
f 81//185 146//185 147//185
f 81//186 147//186 78//186
f 78//187 147//187 148//187
f 78//188 148//188 67//188
f 67//189 148//189 149//189
f 67//190 149//190 65//190
f 65//191 149//191 150//191
f 65//192 150//192 63//192
f 63//193 150//193 151//193
f 63//194 151//194 152//194
f 63//195 152//195 61//195
f 61//196 152//196 153//196
f 61//197 153//197 60//197
f 60//197 153//197 154//197
f 60//197 154//197 59//197
f 59//197 154//197 155//197
f 59//197 155//197 96//197
f 96//197 155//197 156//197
f 96//197 156//197 97//197
f 97//197 156//197 157//197
f 97//197 157//197 48//197
f 48//197 157//197 158//197
f 48//197 158//197 46//197
f 46//198 158//198 159//198
f 46//199 159//199 44//199
f 44//200 159//200 160//200
f 44//197 160//197 42//197
f 42//197 160//197 39//197
f 39//197 160//197 161//197
f 39//201 161//201 162//201
f 39//202 162//202 37//202
f 37//203 162//203 163//203
f 37//204 163//204 35//204
f 35//205 163//205 164//205
f 35//206 164//206 34//206
f 34//207 164//207 165//207
f 34//208 165//208 166//208
f 34//209 166//209 32//209
f 32//210 166//210 167//210
f 32//211 167//211 30//211
f 30//212 167//212 168//212
f 30//213 168//213 28//213
f 28//214 168//214 169//214
f 28//215 169//215 26//215
f 26//216 169//216 170//216
f 26//217 170//217 27//217
f 27//218 170//218 171//218
f 27//219 171//219 23//219
f 23//220 171//220 172//220
f 23//221 172//221 24//221
f 24//222 172//222 173//222
f 24//223 173//223 174//223
f 175//224 176//224 174//224
f 174//225 176//225 177//225
f 174//226 177//226 178//226
f 176//227 175//227 179//227
f 179//228 175//228 180//228
f 179//229 180//229 181//229
f 181//230 180//230 182//230
f 181//231 182//231 183//231
f 183//232 182//232 184//232
f 184//233 182//233 185//233
f 184//234 185//234 186//234
f 186//197 185//197 187//197
f 187//197 185//197 188//197
f 188//197 185//197 189//197
f 188//197 189//197 190//197
f 190//197 189//197 191//197
f 191//235 189//235 192//235
f 191//236 192//236 193//236
f 193//237 192//237 194//237
f 193//197 194//197 195//197
f 195//238 194//238 196//238
f 195//239 196//239 197//239
f 195//240 197//240 198//240
f 198//241 197//241 199//241
f 198//242 199//242 200//242
f 200//243 199//243 201//243
f 200//244 201//244 202//244
f 200//245 202//245 203//245
f 203//197 202//197 204//197
f 203//197 204//197 205//197
f 205//197 204//197 206//197
f 205//197 206//197 207//197
f 207//197 206//197 208//197
f 208//197 206//197 209//197
f 208//197 209//197 210//197
f 210//197 209//197 211//197
f 211//197 209//197 212//197
f 211//197 212//197 213//197
f 213//246 212//246 214//246
f 214//247 212//247 215//247
f 214//248 215//248 216//248
f 216//249 215//249 217//249
f 217//250 215//250 218//250
f 217//251 218//251 219//251
f 219//252 218//252 220//252
f 219//197 220//197 221//197
f 221//197 220//197 222//197
f 221//197 222//197 223//197
f 223//253 222//253 224//253
f 224//254 222//254 225//254
f 224//255 225//255 226//255
f 226//256 225//256 227//256
f 226//257 227//257 228//257
f 228//258 227//258 229//258
f 229//259 227//259 230//259
f 229//197 230//197 231//197
f 231//197 230//197 232//197
f 232//197 230//197 233//197
f 232//197 233//197 234//197
f 234//197 233//197 235//197
f 235//260 233//260 236//260
f 236//261 233//261 237//261
f 237//262 233//262 238//262
f 238//263 233//263 239//263
f 239//197 233//197 240//197
f 239//197 240//197 241//197
f 241//197 240//197 242//197
f 242//197 240//197 243//197
f 243//197 240//197 244//197
f 243//264 244//264 245//264
f 245//265 244//265 246//265
f 246//197 244//197 247//197
f 247//197 244//197 248//197
f 247//197 248//197 249//197
f 249//197 248//197 250//197
f 250//197 248//197 251//197
f 251//266 248//266 252//266
f 252//267 248//267 253//267
f 253//197 248//197 254//197
f 253//197 254//197 255//197
f 255//268 254//268 256//268
f 256//269 254//269 257//269
f 257//197 254//197 258//197
f 258//197 254//197 259//197
f 259//270 254//270 260//270
f 260//271 254//271 261//271
f 260//272 261//272 262//272
f 262//273 263//273 260//273
f 234//197 264//197 232//197
f 232//197 264//197 265//197
f 232//197 265//197 266//197
f 266//197 265//197 267//197
f 266//197 267//197 268//197
f 268//197 267//197 269//197
f 268//197 269//197 270//197
f 268//197 270//197 271//197
f 271//197 270//197 272//197
f 271//274 272//274 273//274
f 273//275 272//275 274//275
f 275//276 276//276 176//276
f 176//277 276//277 277//277
f 176//278 277//278 278//278
f 276//279 275//279 279//279
f 279//280 275//280 280//280
f 279//281 280//281 281//281
f 281//282 280//282 282//282
f 281//283 282//283 283//283
f 283//284 282//284 284//284
f 283//285 284//285 285//285
f 285//286 284//286 286//286
f 285//287 286//287 287//287
f 287//288 286//288 288//288
f 287//289 288//289 289//289
f 289//290 288//290 290//290
f 289//291 290//291 291//291
f 291//292 290//292 292//292
f 291//293 292//293 293//293
f 293//294 292//294 294//294
f 293//295 294//295 295//295
f 295//296 294//296 296//296
f 295//197 296//197 297//197
f 297//197 296//197 298//197
f 297//197 298//197 299//197
f 299//197 298//197 300//197
f 299//297 300//297 301//297
f 301//298 300//298 302//298
f 301//299 302//299 303//299
f 303//300 302//300 304//300
f 303//301 304//301 305//301
f 303//302 305//302 306//302
f 306//303 305//303 307//303
f 306//304 307//304 308//304
f 306//305 308//305 309//305
f 309//306 308//306 310//306
f 309//307 310//307 311//307
f 309//308 311//308 312//308
f 312//309 311//309 313//309
f 312//310 313//310 314//310
f 314//311 313//311 315//311
f 314//312 315//312 316//312
f 316//313 315//313 317//313
f 316//314 317//314 318//314
f 316//315 318//315 319//315
f 319//316 318//316 320//316
f 319//317 320//317 321//317
f 321//318 320//318 322//318
f 321//319 322//319 323//319
f 323//320 322//320 324//320
f 323//321 324//321 325//321
f 323//322 325//322 326//322
f 326//323 325//323 327//323
f 326//324 327//324 328//324
f 328//325 327//325 329//325
f 328//326 329//326 330//326
f 330//327 329//327 331//327
f 330//328 331//328 332//328
f 332//329 331//329 333//329
f 332//330 333//330 334//330
f 334//331 333//331 335//331
f 334//332 335//332 336//332
f 337//333 338//333 333//333
f 333//334 338//334 335//334
f 339//335 340//335 338//335
f 338//336 340//336 341//336
f 338//337 341//337 342//337
f 343//197 344//197 340//197
f 340//197 344//197 345//197
f 340//197 345//197 346//197
f 346//197 341//197 340//197
f 342//338 347//338 338//338
f 338//339 347//339 335//339
f 336//340 348//340 334//340
f 334//341 348//341 349//341
f 334//342 349//342 350//342
f 278//343 351//343 176//343
f 176//344 351//344 352//344
f 176//345 352//345 353//345
f 353//346 177//346 176//346
f 178//347 354//347 174//347
f 174//348 354//348 21//348
f 174//349 21//349 20//349
f 354//350 355//350 21//350
f 21//351 355//351 356//351
f 21//352 356//352 357//352
f 358//197 359//197 357//197
f 357//197 359//197 360//197
f 357//353 360//353 21//353
f 21//354 360//354 361//354
f 21//355 361//355 362//355
f 362//197 361//197 363//197
f 362//356 363//356 364//356
f 364//357 363//357 365//357
f 364//358 365//358 366//358
f 366//197 365//197 367//197
f 366//197 367//197 368//197
f 368//197 367//197 369//197
f 368//197 369//197 370//197
f 370//359 369//359 371//359
f 370//360 371//360 372//360
f 372//361 371//361 373//361
f 372//362 373//362 374//362
f 374//363 373//363 375//363
f 374//364 375//364 376//364
f 376//197 375//197 377//197
f 377//197 375//197 378//197
f 377//365 378//365 379//365
f 379//366 378//366 380//366
f 379//367 380//367 381//367
f 381//368 380//368 382//368
f 381//369 382//369 383//369
f 383//370 382//370 384//370
f 384//197 382//197 385//197
f 384//197 385//197 386//197
f 386//371 385//371 387//371
f 386//372 387//372 388//372
f 388//373 387//373 389//373
f 388//374 389//374 390//374
f 390//375 389//375 391//375
f 390//376 391//376 392//376
f 392//377 391//377 393//377
f 392//378 393//378 394//378
f 394//379 393//379 395//379
f 394//380 395//380 396//380
f 358//197 397//197 359//197
f 359//197 397//197 398//197
f 360//197 359//197 399//197
f 399//197 359//197 400//197
f 399//197 400//197 401//197
f 401//197 402//197 399//197
f 399//197 402//197 403//197
f 399//381 403//381 404//381
f 399//382 404//382 405//382
f 405//383 404//383 406//383
f 405//197 406//197 407//197
f 407//197 406//197 408//197
f 408//197 406//197 409//197
f 408//197 409//197 410//197
f 410//384 409//384 411//384
f 411//385 409//385 412//385
f 411//386 412//386 413//386
f 413//387 412//387 414//387
f 414//388 412//388 415//388
f 414//389 415//389 416//389
f 416//390 415//390 417//390
f 417//391 415//391 418//391
f 417//392 418//392 419//392
f 419//393 418//393 420//393
f 420//394 418//394 421//394
f 420//395 421//395 422//395
f 422//396 421//396 423//396
f 422//397 423//397 424//397
f 422//398 424//398 425//398
f 425//399 424//399 426//399
f 425//400 426//400 427//400
f 427//401 426//401 428//401
f 427//402 428//402 429//402
f 429//403 428//403 430//403
f 430//404 428//404 431//404
f 430//405 431//405 432//405
f 432//406 431//406 433//406
f 432//407 433//407 434//407
f 434//197 433//197 435//197
f 434//197 435//197 436//197
f 436//197 435//197 437//197
f 436//197 437//197 438//197
f 438//197 437//197 439//197
f 438//197 439//197 440//197
f 440//197 439//197 441//197
f 440//197 441//197 442//197
f 442//197 441//197 443//197
f 442//197 443//197 444//197
f 444//197 443//197 445//197
f 444//197 445//197 446//197
f 446//197 445//197 447//197
f 446//197 447//197 448//197
f 448//197 447//197 449//197
f 449//197 447//197 450//197
f 449//197 450//197 451//197
f 451//197 450//197 452//197
f 451//197 452//197 453//197
f 453//197 452//197 454//197
f 453//197 454//197 455//197
f 455//197 454//197 456//197
f 455//197 456//197 457//197
f 457//408 456//408 458//408
f 457//409 458//409 459//409
f 458//410 456//410 460//410
f 460//411 456//411 461//411
f 460//412 461//412 462//412
f 463//197 464//197 462//197
f 462//197 464//197 465//197
f 462//197 465//197 466//197
f 466//197 460//197 462//197
f 467//413 468//413 399//413
f 399//414 468//414 469//414
f 399//415 469//415 470//415
f 470//416 469//416 471//416
f 472//417 473//417 467//417
f 467//418 473//418 474//418
f 467//419 474//419 468//419
f 473//420 472//420 475//420
f 475//421 472//421 476//421
f 475//422 476//422 477//422
f 477//423 476//423 478//423
f 477//424 478//424 479//424
f 479//425 478//425 480//425
f 479//426 480//426 481//426
f 481//427 480//427 482//427
f 481//428 482//428 483//428
f 483//429 482//429 484//429
f 483//430 484//430 485//430
f 485//431 484//431 486//431
f 486//432 484//432 487//432
f 486//433 487//433 488//433
f 488//434 487//434 489//434
f 488//435 489//435 490//435
f 490//436 489//436 491//436
f 490//437 491//437 492//437
f 492//438 491//438 493//438
f 492//439 493//439 494//439
f 494//440 493//440 495//440
f 494//441 495//441 496//441
f 496//442 495//442 497//442
f 496//443 497//443 498//443
f 498//444 497//444 499//444
f 499//445 497//445 500//445
f 499//446 500//446 501//446
f 501//447 500//447 502//447
f 501//448 502//448 503//448
f 503//449 502//449 504//449
f 503//450 504//450 505//450
f 505//451 504//451 506//451
f 505//452 506//452 507//452
f 507//453 506//453 508//453
f 507//454 508//454 509//454
f 509//455 508//455 510//455
f 509//456 510//456 511//456
f 511//457 510//457 512//457
f 511//458 512//458 513//458
f 513//459 512//459 514//459
f 513//460 514//460 515//460
f 515//461 514//461 516//461
f 515//462 516//462 517//462
f 518//463 519//463 517//463
f 517//464 519//464 520//464
f 517//465 520//465 515//465
f 521//466 522//466 519//466
f 519//467 522//467 520//467
f 523//468 524//468 522//468
f 522//469 524//469 520//469
f 470//470 360//470 399//470
f 361//471 360//471 525//471
f 525//472 360//472 526//472
f 525//473 526//473 527//473
f 527//474 528//474 525//474
f 525//475 528//475 529//475
f 529//476 528//476 530//476
f 529//477 530//477 531//477
f 531//478 530//478 532//478
f 531//479 532//479 533//479
f 533//480 532//480 534//480
f 533//481 534//481 535//481
f 535//482 534//482 536//482
f 536//483 534//483 537//483
f 536//484 537//484 538//484
f 538//485 537//485 539//485
f 539//486 537//486 540//486
f 539//197 540//197 541//197
f 541//487 540//487 542//487
f 541//488 542//488 543//488
f 543//489 542//489 544//489
f 544//490 542//490 545//490
f 544//491 545//491 546//491
f 546//492 545//492 547//492
f 546//197 547//197 548//197
f 548//493 547//493 549//493
f 548//494 549//494 550//494
f 550//495 549//495 551//495
f 550//496 551//496 552//496
f 552//497 551//497 553//497
f 552//498 553//498 554//498
f 554//499 553//499 555//499
f 554//500 555//500 556//500
f 556//501 555//501 557//501
f 556//502 557//502 558//502
f 558//503 557//503 559//503
f 558//197 559//197 560//197
f 560//197 559//197 561//197
f 561//504 559//504 562//504
f 561//505 562//505 563//505
f 563//506 562//506 564//506
f 564//507 562//507 565//507
f 565//508 562//508 566//508
f 565//509 566//509 567//509
f 567//510 566//510 568//510
f 568//511 566//511 569//511
f 569//512 566//512 570//512
f 570//513 566//513 571//513
f 571//514 566//514 572//514
f 571//515 572//515 573//515
f 573//516 572//516 574//516
f 574//517 572//517 575//517
f 574//518 575//518 576//518
f 576//519 575//519 577//519
f 576//520 577//520 578//520
f 578//521 577//521 579//521
f 578//522 579//522 580//522
f 580//523 579//523 581//523
f 580//524 581//524 582//524
f 582//525 581//525 583//525
f 582//526 583//526 584//526
f 584//527 583//527 585//527
f 584//528 585//528 586//528
f 586//529 585//529 587//529
f 586//530 587//530 588//530
f 588//531 587//531 589//531
f 589//532 587//532 590//532
f 589//533 590//533 591//533
f 591//534 590//534 592//534
f 591//535 592//535 593//535
f 593//536 592//536 594//536
f 593//537 594//537 595//537
f 593//538 595//538 596//538
f 596//539 595//539 597//539
f 596//540 597//540 598//540
f 596//541 598//541 599//541
f 599//542 598//542 600//542
f 599//543 600//543 601//543
f 601//544 600//544 602//544
f 602//545 600//545 603//545
f 602//546 603//546 604//546
f 604//547 603//547 605//547
f 604//548 605//548 606//548
f 606//549 605//549 607//549
f 606//550 607//550 608//550
f 608//551 607//551 609//551
f 608//552 609//552 610//552
f 610//553 609//553 611//553
f 611//554 609//554 612//554
f 612//555 609//555 613//555
f 614//556 615//556 606//556
f 606//557 615//557 616//557
f 606//558 616//558 604//558
f 361//559 525//559 617//559
f 617//560 525//560 618//560
f 617//561 618//561 619//561
f 619//562 618//562 620//562
f 619//563 620//563 621//563
f 621//564 620//564 622//564
f 621//565 622//565 623//565
f 623//197 622//197 624//197
f 623//197 624//197 625//197
f 625//197 624//197 626//197
f 625//197 626//197 627//197
f 627//566 626//566 628//566
f 627//567 628//567 629//567
f 629//568 628//568 630//568
f 629//569 630//569 631//569
f 631//570 630//570 632//570
f 631//571 632//571 633//571
f 633//572 632//572 634//572
f 633//573 634//573 635//573
f 635//574 634//574 636//574
f 635//575 636//575 637//575
f 637//576 636//576 638//576
f 637//577 638//577 639//577
f 639//578 638//578 640//578
f 639//579 640//579 641//579
f 639//580 641//580 642//580
f 642//197 641//197 643//197
f 642//197 643//197 644//197
f 644//197 643//197 645//197
f 644//197 645//197 646//197
f 646//197 645//197 647//197
f 646//197 647//197 648//197
f 648//197 647//197 649//197
f 648//197 649//197 650//197
f 650//581 649//581 651//581
f 650//582 651//582 652//582
f 652//583 651//583 653//583
f 652//584 653//584 654//584
f 654//585 653//585 655//585
f 654//197 655//197 656//197
f 656//586 655//586 657//586
f 656//587 657//587 658//587
f 658//588 657//588 659//588
f 658//197 659//197 660//197
f 660//589 659//589 661//589
f 660//590 661//590 662//590
f 662//591 661//591 663//591
f 662//592 663//592 664//592
f 664//593 663//593 665//593
f 664//594 665//594 666//594
f 667//595 668//595 663//595
f 663//596 668//596 669//596
f 663//597 669//597 665//597
f 670//598 671//598 667//598
f 667//599 671//599 672//599
f 667//197 672//197 673//197
f 674//600 675//600 673//600
f 673//601 675//601 667//601
f 675//602 668//602 667//602
f 666//603 676//603 664//603
f 664//604 676//604 677//604
f 664//605 677//605 678//605
f 678//606 677//606 679//606
f 394//607 396//607 680//607
f 680//608 396//608 681//608
f 680//609 681//609 682//609
f 682//610 681//610 683//610
f 682//611 683//611 684//611
f 684//612 683//612 685//612
f 684//613 685//613 686//613
f 686//614 685//614 687//614
f 686//615 687//615 688//615
f 688//616 687//616 689//616
f 688//617 689//617 690//617
f 690//618 689//618 691//618
f 690//619 691//619 692//619
f 692//620 691//620 693//620
f 692//621 693//621 694//621
f 694//622 693//622 695//622
f 694//623 695//623 696//623
f 696//624 695//624 697//624
f 696//625 697//625 698//625
f 698//626 697//626 699//626
f 698//627 699//627 700//627
f 700//628 699//628 701//628
f 700//629 701//629 702//629
f 699//630 703//630 701//630
f 700//631 702//631 704//631
f 704//632 702//632 705//632
f 704//633 705//633 706//633
f 706//634 707//634 704//634
f 704//635 707//635 708//635
f 708//636 707//636 709//636
f 709//637 707//637 710//637
f 710//638 707//638 711//638
f 711//639 707//639 712//639
f 704//640 713//640 700//640
f 20//641 18//641 174//641
f 174//642 18//642 24//642
f 103//643 105//643 714//643
f 714//644 105//644 715//644
f 714//645 715//645 716//645
f 716//646 715//646 717//646
f 716//647 717//647 718//647
f 718//648 717//648 719//648
f 719//649 717//649 720//649
f 719//650 720//650 721//650
f 721//651 720//651 722//651
f 722//652 720//652 723//652
f 722//653 723//653 724//653
f 724//654 723//654 725//654
f 725//655 723//655 726//655
f 725//656 726//656 727//656
f 727//657 726//657 728//657
f 727//658 728//658 729//658
f 729//659 728//659 730//659
f 730//660 728//660 731//660
f 730//661 731//661 732//661
f 732//662 731//662 733//662
f 733//663 731//663 734//663
f 733//664 734//664 735//664
f 735//665 734//665 736//665
f 736//666 734//666 737//666
f 736//667 737//667 738//667
f 738//668 737//668 739//668
f 739//669 737//669 740//669
f 739//670 740//670 741//670
f 741//671 740//671 742//671
f 741//672 742//672 743//672
f 743//673 742//673 744//673
f 743//674 744//674 745//674
f 745//675 744//675 746//675
f 745//676 746//676 747//676
f 747//677 746//677 748//677
f 747//678 748//678 749//678
f 749//679 748//679 750//679
f 749//680 750//680 751//680
f 751//681 750//681 752//681
f 751//682 752//682 753//682
f 753//683 752//683 754//683
f 753//684 754//684 755//684
f 755//685 754//685 756//685
f 755//686 756//686 757//686
f 757//687 756//687 758//687
f 757//688 758//688 759//688
f 759//689 758//689 760//689
f 759//690 760//690 761//690
f 761//691 760//691 762//691
f 761//692 762//692 763//692
f 763//693 762//693 713//693
f 763//694 713//694 764//694
f 764//695 713//695 704//695
f 764//696 704//696 765//696
f 765//697 704//697 708//697
f 765//698 708//698 766//698
f 767//699 768//699 769//699
f 769//700 768//700 770//700
f 769//701 770//701 158//701
f 158//702 770//702 159//702
f 159//703 770//703 771//703
f 159//704 771//704 772//704
f 772//705 771//705 773//705
f 773//706 771//706 770//706
f 774//707 775//707 772//707
f 772//708 775//708 160//708
f 772//709 160//709 159//709
f 776//710 161//710 774//710
f 774//711 161//711 160//711
f 774//712 160//712 775//712
f 161//713 776//713 162//713
f 162//714 776//714 777//714
f 162//715 777//715 163//715
f 163//716 777//716 778//716
f 163//717 778//717 164//717
f 164//718 778//718 165//718
f 165//719 778//719 779//719
f 165//720 779//720 166//720
f 166//721 779//721 167//721
f 167//722 779//722 780//722
f 167//723 780//723 168//723
f 168//724 780//724 781//724
f 168//725 781//725 169//725
f 169//726 781//726 782//726
f 169//727 782//727 170//727
f 170//728 782//728 783//728
f 170//729 783//729 171//729
f 171//730 783//730 172//730
f 172//731 783//731 784//731
f 172//732 784//732 173//732
f 173//733 784//733 174//733
f 158//734 157//734 769//734
f 769//735 157//735 785//735
f 769//736 785//736 767//736
f 785//737 157//737 786//737
f 786//738 157//738 156//738
f 786//739 156//739 155//739
f 154//740 787//740 155//740
f 155//741 787//741 788//741
f 155//742 788//742 786//742
f 786//743 788//743 789//743
f 786//744 789//744 790//744
f 787//745 154//745 791//745
f 791//746 154//746 153//746
f 791//747 153//747 792//747
f 792//748 153//748 152//748
f 792//749 152//749 793//749
f 793//750 152//750 151//750
f 793//751 151//751 794//751
f 794//752 151//752 795//752
f 795//753 151//753 796//753
f 796//754 151//754 150//754
f 796//755 150//755 797//755
f 797//756 150//756 798//756
f 798//757 150//757 149//757
f 798//758 149//758 799//758
f 799//759 149//759 800//759
f 800//760 149//760 148//760
f 800//761 148//761 801//761
f 801//762 148//762 802//762
f 802//763 148//763 147//763
f 802//764 147//764 803//764
f 803//765 147//765 804//765
f 804//766 147//766 805//766
f 805//767 147//767 146//767
f 805//768 146//768 806//768
f 806//769 146//769 807//769
f 807//770 146//770 145//770
f 807//771 145//771 808//771
f 808//772 145//772 144//772
f 808//773 144//773 809//773
f 809//774 144//774 143//774
f 809//775 143//775 142//775
f 794//776 810//776 793//776
f 793//777 810//777 811//777
f 793//778 811//778 792//778
f 792//779 811//779 812//779
f 792//780 812//780 791//780
f 791//781 812//781 813//781
f 791//782 813//782 814//782
f 791//783 814//783 787//783
f 787//784 814//784 815//784
f 787//785 815//785 816//785
f 787//786 816//786 788//786
f 788//787 816//787 789//787
f 790//788 817//788 786//788
f 786//789 817//789 785//789
f 818//790 768//790 819//790
f 819//791 768//791 767//791
f 819//792 767//792 820//792
f 820//793 767//793 785//793
f 820//794 785//794 821//794
f 821//795 785//795 817//795
f 821//796 817//796 822//796
f 822//797 817//797 790//797
f 822//798 790//798 823//798
f 823//799 790//799 789//799
f 823//800 789//800 824//800
f 824//801 789//801 816//801
f 824//802 816//802 825//802
f 825//803 816//803 815//803
f 825//804 815//804 826//804
f 826//805 815//805 814//805
f 826//806 814//806 827//806
f 827//807 814//807 813//807
f 827//808 813//808 828//808
f 828//809 813//809 812//809
f 828//810 812//810 829//810
f 829//811 812//811 811//811
f 829//812 811//812 830//812
f 830//813 811//813 810//813
f 830//814 810//814 831//814
f 831//815 810//815 794//815
f 831//816 794//816 832//816
f 832//817 794//817 795//817
f 832//818 795//818 833//818
f 833//819 795//819 796//819
f 833//820 796//820 834//820
f 834//821 796//821 797//821
f 834//822 797//822 835//822
f 835//823 797//823 798//823
f 835//824 798//824 836//824
f 836//825 798//825 799//825
f 836//826 799//826 837//826
f 837//827 799//827 800//827
f 837//828 800//828 838//828
f 838//829 800//829 801//829
f 838//830 801//830 839//830
f 839//831 801//831 802//831
f 839//832 802//832 840//832
f 840//833 802//833 803//833
f 840//834 803//834 841//834
f 841//835 803//835 804//835
f 841//836 804//836 805//836
f 841//837 805//837 842//837
f 842//838 805//838 806//838
f 842//839 806//839 843//839
f 843//840 806//840 807//840
f 843//841 807//841 844//841
f 844//842 807//842 808//842
f 844//843 808//843 845//843
f 845//844 808//844 846//844
f 846//845 808//845 809//845
f 846//846 809//846 847//846
f 847//847 809//847 142//847
f 847//848 142//848 848//848
f 848//849 142//849 849//849
f 849//850 142//850 141//850
f 849//851 141//851 850//851
f 850//852 141//852 140//852
f 140//853 137//853 850//853
f 850//853 137//853 138//853
f 174//854 784//854 175//854
f 175//855 784//855 180//855
f 180//856 784//856 783//856
f 180//857 783//857 182//857
f 182//858 783//858 185//858
f 185//859 783//859 782//859
f 185//860 782//860 189//860
f 189//861 782//861 781//861
f 189//862 781//862 192//862
f 192//863 781//863 194//863
f 194//864 781//864 780//864
f 194//865 780//865 196//865
f 196//866 780//866 779//866
f 196//867 779//867 197//867
f 197//868 779//868 199//868
f 199//869 779//869 778//869
f 199//870 778//870 201//870
f 201//871 778//871 202//871
f 202//872 778//872 777//872
f 202//873 777//873 204//873
f 204//874 777//874 776//874
f 204//875 776//875 206//875
f 206//876 776//876 774//876
f 206//877 774//877 209//877
f 209//878 774//878 772//878
f 209//879 772//879 773//879
f 209//880 773//880 212//880
f 212//881 773//881 770//881
f 212//882 770//882 215//882
f 215//883 770//883 768//883
f 215//884 768//884 218//884
f 218//885 768//885 851//885
f 218//886 851//886 220//886
f 220//887 851//887 222//887
f 222//888 851//888 852//888
f 222//889 852//889 225//889
f 225//890 852//890 853//890
f 225//891 853//891 227//891
f 227//892 853//892 854//892
f 227//893 854//893 855//893
f 768//894 818//894 851//894
f 227//895 855//895 230//895
f 230//896 855//896 856//896
f 230//897 856//897 233//897
f 233//898 856//898 857//898
f 233//899 857//899 858//899
f 233//900 858//900 240//900
f 240//901 858//901 859//901
f 240//902 859//902 244//902
f 244//903 859//903 860//903
f 244//904 860//904 861//904
f 244//905 861//905 248//905
f 248//906 861//906 862//906
f 248//907 862//907 254//907
f 254//908 862//908 863//908
f 14//1 864//1 139//1
f 139//1 864//1 865//1
f 139//1 865//1 16//1
f 16//1 865//1 866//1
f 16//1 866//1 867//1
f 864//1 14//1 868//1
f 868//1 14//1 15//1
f 868//1 15//1 869//1
f 869//1 15//1 870//1
f 869//1 870//1 871//1
f 16//1 872//1 15//1
f 15//1 872//1 873//1
f 15//1 873//1 874//1
f 850//1 138//1 849//1
f 849//1 138//1 136//1
f 849//1 136//1 134//1
f 134//1 133//1 849//1
f 849//1 133//1 848//1
f 848//1 133//1 132//1
f 848//1 132//1 131//1
f 130//1 818//1 131//1
f 131//1 818//1 819//1
f 131//1 819//1 820//1
f 130//1 129//1 818//1
f 818//1 129//1 128//1
f 818//1 128//1 127//1
f 127//1 126//1 818//1
f 818//1 126//1 125//1
f 818//1 125//1 124//1
f 124//1 123//1 818//1
f 818//1 123//1 122//1
f 818//1 122//1 121//1
f 121//1 120//1 818//1
f 818//1 120//1 119//1
f 818//1 119//1 118//1
f 118//1 117//1 818//1
f 818//1 117//1 116//1
f 818//1 116//1 115//1
f 115//1 114//1 818//1
f 818//1 114//1 113//1
f 818//1 113//1 112//1
f 112//1 111//1 818//1
f 818//1 111//1 110//1
f 818//1 110//1 109//1
f 109//1 108//1 818//1
f 818//1 108//1 107//1
f 818//1 107//1 106//1
f 106//1 104//1 818//1
f 818//1 104//1 103//1
f 818//1 103//1 875//1
f 875//1 103//1 721//1
f 875//1 721//1 876//1
f 876//1 721//1 722//1
f 876//1 722//1 877//1
f 877//1 722//1 724//1
f 877//1 724//1 878//1
f 878//1 724//1 725//1
f 878//1 725//1 879//1
f 879//1 725//1 727//1
f 879//1 727//1 880//1
f 880//1 727//1 729//1
f 880//1 729//1 881//1
f 881//1 729//1 730//1
f 881//1 730//1 882//1
f 882//1 730//1 732//1
f 882//1 732//1 733//1
f 103//1 714//1 721//1
f 721//1 714//1 716//1
f 721//1 716//1 718//1
f 718//1 719//1 721//1
f 882//1 733//1 883//1
f 883//1 733//1 735//1
f 883//1 735//1 884//1
f 884//1 735//1 736//1
f 884//1 736//1 885//1
f 885//1 736//1 738//1
f 885//1 738//1 739//1
f 885//1 739//1 886//1
f 886//1 739//1 741//1
f 886//1 741//1 887//1
f 887//1 741//1 743//1
f 887//1 743//1 745//1
f 887//1 745//1 888//1
f 888//1 745//1 747//1
f 888//1 747//1 889//1
f 889//1 747//1 749//1
f 889//1 749//1 751//1
f 889//1 751//1 890//1
f 890//1 751//1 753//1
f 890//1 753//1 755//1
f 890//1 755//1 891//1
f 891//1 755//1 757//1
f 891//1 757//1 892//1
f 892//1 757//1 759//1
f 892//1 759//1 761//1
f 892//1 761//1 893//1
f 893//1 761//1 763//1
f 893//1 763//1 894//1
f 894//1 763//1 764//1
f 894//1 764//1 765//1
f 894//1 765//1 895//1
f 895//1 765//1 766//1
f 895//1 766//1 896//1
f 896//1 897//1 895//1
f 895//1 897//1 898//1
f 895//1 898//1 899//1
f 899//1 898//1 900//1
f 899//1 900//1 901//1
f 902//1 865//1 901//1
f 901//1 865//1 903//1
f 901//1 903//1 904//1
f 902//1 866//1 865//1
f 867//1 905//1 16//1
f 16//1 905//1 906//1
f 16//1 906//1 872//1
f 874//1 907//1 15//1
f 15//1 907//1 908//1
f 15//1 908//1 909//1
f 909//1 910//1 15//1
f 15//1 910//1 911//1
f 15//1 911//1 912//1
f 15//1 912//1 870//1
f 870//1 912//1 913//1
f 870//1 913//1 914//1
f 914//1 915//1 870//1
f 870//1 915//1 916//1
f 870//1 916//1 917//1
f 917//1 918//1 870//1
f 870//1 918//1 919//1
f 870//1 919//1 920//1
f 920//1 921//1 870//1
f 870//1 921//1 922//1
f 870//1 922//1 923//1
f 923//1 924//1 870//1
f 871//1 925//1 869//1
f 869//1 925//1 926//1
f 869//1 926//1 927//1
f 927//1 928//1 869//1
f 869//1 928//1 929//1
f 869//1 929//1 930//1
f 930//1 931//1 869//1
f 869//1 931//1 932//1
f 869//1 932//1 933//1
f 933//1 934//1 869//1
f 869//1 934//1 935//1
f 869//1 935//1 936//1
f 936//1 937//1 869//1
f 869//1 937//1 938//1
f 869//1 938//1 939//1
f 939//1 940//1 869//1
f 869//1 940//1 941//1
f 869//1 941//1 942//1
f 942//1 943//1 869//1
f 869//1 943//1 944//1
f 869//1 944//1 945//1
f 945//1 946//1 869//1
f 869//1 946//1 947//1
f 869//1 947//1 948//1
f 948//1 949//1 869//1
f 869//1 949//1 950//1
f 869//1 950//1 951//1
f 951//1 952//1 869//1
f 869//1 952//1 953//1
f 869//1 953//1 954//1
f 954//1 955//1 869//1
f 869//1 955//1 956//1
f 869//1 956//1 957//1
f 957//1 956//1 958//1
f 958//1 956//1 959//1
f 959//1 956//1 960//1
f 960//1 956//1 961//1
f 961//1 956//1 962//1
f 961//1 962//1 963//1
f 963//1 964//1 961//1
f 961//1 964//1 965//1
f 961//1 965//1 966//1
f 966//1 965//1 967//1
f 968//1 969//1 966//1
f 966//1 969//1 970//1
f 966//1 970//1 971//1
f 968//1 972//1 969//1
f 969//1 972//1 973//1
f 969//1 973//1 974//1
f 971//1 975//1 966//1
f 966//1 975//1 976//1
f 966//1 976//1 977//1
f 977//1 978//1 966//1
f 966//1 978//1 979//1
f 966//1 979//1 961//1
f 961//1 979//1 980//1
f 961//1 980//1 981//1
f 981//1 982//1 961//1
f 961//1 982//1 983//1
f 961//1 983//1 984//1
f 984//1 985//1 961//1
f 961//1 985//1 986//1
f 961//1 986//1 987//1
f 987//1 988//1 961//1
f 961//1 988//1 989//1
f 961//1 989//1 990//1
f 990//1 991//1 961//1
f 961//1 991//1 992//1
f 961//1 992//1 993//1
f 993//1 994//1 961//1
f 961//1 994//1 995//1
f 961//1 995//1 996//1
f 996//1 997//1 961//1
f 961//1 997//1 998//1
f 869//1 999//1 868//1
f 868//1 999//1 1000//1
f 868//1 1000//1 1001//1
f 1001//1 1002//1 868//1
f 868//1 1002//1 1003//1
f 868//1 1003//1 1004//1
f 1005//1 1006//1 1004//1
f 1004//1 1006//1 1007//1
f 1004//1 1007//1 868//1
f 1006//1 1005//1 1008//1
f 1008//1 1005//1 1009//1
f 1008//1 1009//1 1010//1
f 1010//1 1009//1 1011//1
f 1011//1 1009//1 1012//1
f 1011//1 1012//1 1013//1
f 1013//1 1012//1 1014//1
f 1014//1 1012//1 1015//1
f 1014//1 1015//1 1016//1
f 1016//1 1015//1 1017//1
f 1017//1 1015//1 1018//1
f 1018//1 1015//1 1019//1
f 1018//1 1019//1 1020//1
f 1020//1 1019//1 1021//1
f 1021//1 1019//1 1022//1
f 1021//1 1022//1 1023//1
f 1023//1 1022//1 1024//1
f 1024//1 1022//1 1025//1
f 1024//1 1025//1 1026//1
f 1026//1 1025//1 1027//1
f 1027//1 1025//1 1028//1
f 1027//1 1028//1 1029//1
f 1029//1 1028//1 1030//1
f 1029//1 1030//1 1031//1
f 1031//1 1030//1 1032//1
f 1032//1 1030//1 1033//1
f 1032//1 1033//1 1034//1
f 1034//1 1033//1 1035//1
f 1034//1 1035//1 1036//1
f 1036//1 1035//1 1037//1
f 1036//1 1037//1 1038//1
f 1038//1 1037//1 1039//1
f 1038//1 1039//1 1040//1
f 1040//1 1039//1 1041//1
f 1040//1 1041//1 1042//1
f 1042//1 1041//1 1043//1
f 1042//1 1043//1 1044//1
f 1044//1 1043//1 1045//1
f 1044//1 1045//1 1046//1
f 1044//1 1046//1 1047//1
f 1047//1 1046//1 1048//1
f 1047//1 1048//1 1049//1
f 1049//1 1048//1 1050//1
f 1049//1 1050//1 1051//1
f 1049//1 1051//1 1052//1
f 1052//1 1051//1 1053//1
f 1052//1 1053//1 1054//1
f 1054//1 1053//1 1055//1
f 1054//1 1055//1 1056//1
f 1054//1 1056//1 1057//1
f 1057//1 1056//1 1058//1
f 1057//1 1058//1 1059//1
f 1059//1 1058//1 1060//1
f 1059//1 1060//1 1061//1
f 1061//1 1062//1 1059//1
f 1063//1 1064//1 868//1
f 868//1 1064//1 1065//1
f 868//1 1065//1 1066//1
f 1063//1 1067//1 1064//1
f 1064//1 1067//1 1068//1
f 1064//1 1068//1 1069//1
f 1069//1 1070//1 1064//1
f 1064//1 1070//1 1071//1
f 1064//1 1071//1 1072//1
f 1072//1 1073//1 1064//1
f 1064//1 1073//1 1074//1
f 1074//1 1073//1 1075//1
f 1075//1 1073//1 1076//1
f 1076//1 1073//1 1077//1
f 1077//1 1073//1 1078//1
f 1077//1 1078//1 1079//1
f 1080//1 1081//1 1073//1
f 1073//1 1081//1 1082//1
f 1073//1 1082//1 1083//1
f 1083//1 1084//1 1073//1
f 1073//1 1084//1 1085//1
f 1073//1 1085//1 1086//1
f 1086//1 1087//1 1073//1
f 1073//1 1087//1 1088//1
f 1073//1 1088//1 1089//1
f 1089//1 1090//1 1073//1
f 1073//1 1090//1 1091//1
f 1073//1 1091//1 1092//1
f 1092//1 1093//1 1073//1
f 1073//1 1093//1 1094//1
f 1073//1 1094//1 1095//1
f 1095//1 1096//1 1073//1
f 1073//1 1096//1 1097//1
f 1073//1 1097//1 1098//1
f 1098//1 1099//1 1073//1
f 1073//1 1099//1 1100//1
f 1073//1 1100//1 1078//1
f 1078//1 1100//1 1101//1
f 1078//1 1101//1 1102//1
f 1102//1 1103//1 1078//1
f 1066//1 1104//1 868//1
f 868//1 1104//1 1105//1
f 868//1 1105//1 1106//1
f 1106//1 1107//1 868//1
f 868//1 1107//1 1108//1
f 868//1 1108//1 1109//1
f 1109//1 1110//1 868//1
f 868//1 1110//1 1111//1
f 868//1 1111//1 1112//1
f 1112//1 1113//1 868//1
f 868//1 1113//1 1114//1
f 868//1 1114//1 1115//1
f 1115//1 1116//1 868//1
f 868//1 1116//1 1117//1
f 868//1 1117//1 1118//1
f 1118//1 1119//1 868//1
f 868//1 1119//1 1120//1
f 868//1 1120//1 1121//1
f 1121//1 1122//1 868//1
f 868//1 1122//1 1123//1
f 868//1 1123//1 1124//1
f 1124//1 1125//1 868//1
f 868//1 1125//1 1126//1
f 868//1 1126//1 1127//1
f 1127//1 864//1 868//1
f 864//1 1128//1 865//1
f 865//1 1128//1 1129//1
f 865//1 1129//1 1130//1
f 1130//1 1131//1 865//1
f 865//1 1131//1 1132//1
f 865//1 1132//1 1133//1
f 1133//1 1134//1 865//1
f 865//1 1134//1 1135//1
f 865//1 1135//1 1136//1
f 1136//1 1137//1 865//1
f 865//1 1137//1 1138//1
f 1138//1 1137//1 1139//1
f 1138//1 1139//1 1140//1
f 1140//1 1141//1 1138//1
f 1138//1 1141//1 1142//1
f 1138//1 1142//1 1143//1
f 1143//1 1144//1 1138//1
f 1138//1 1144//1 1145//1
f 1138//1 1145//1 1146//1
f 1146//1 1145//1 1147//1
f 1146//1 1147//1 1148//1
f 1148//1 1147//1 1149//1
f 1148//1 1149//1 1150//1
f 1150//1 1149//1 1151//1
f 1150//1 1151//1 1152//1
f 1152//1 1151//1 1153//1
f 1152//1 1153//1 1154//1
f 1154//1 1153//1 1155//1
f 1154//1 1155//1 1156//1
f 1156//1 1155//1 1157//1
f 1156//1 1157//1 1158//1
f 904//1 899//1 901//1
f 876//1 1159//1 875//1
f 875//1 1159//1 1160//1
f 1160//1 1159//1 1161//1
f 1160//1 1161//1 1162//1
f 1162//1 1161//1 1163//1
f 1162//1 1163//1 1164//1
f 1164//1 1163//1 1165//1
f 1164//1 1165//1 1166//1
f 1166//1 1165//1 1167//1
f 1166//1 1167//1 1168//1
f 1168//1 1167//1 1169//1
f 818//1 875//1 1170//1
f 1170//1 875//1 1171//1
f 1170//1 1171//1 1172//1
f 1172//1 1173//1 1170//1
f 1170//1 1173//1 1174//1
f 1170//1 1174//1 1175//1
f 1175//1 1176//1 1170//1
f 1170//1 1176//1 1177//1
f 1170//1 1177//1 1178//1
f 1178//1 1179//1 1170//1
f 1170//1 1179//1 1180//1
f 1170//1 1180//1 1181//1
f 1181//1 1182//1 1170//1
f 1170//1 1182//1 1183//1
f 1170//1 1183//1 1184//1
f 1184//1 1185//1 1170//1
f 1170//1 1185//1 1186//1
f 1170//1 1186//1 1187//1
f 1187//1 1188//1 1170//1
f 1170//1 1188//1 1189//1
f 1189//1 1188//1 1190//1
f 1190//1 1188//1 1191//1
f 1191//1 1188//1 1192//1
f 1192//1 1188//1 1193//1
f 1193//1 1188//1 1194//1
f 1194//1 1188//1 1195//1
f 1195//1 1188//1 1196//1
f 1196//1 1188//1 1197//1
f 1197//1 1188//1 1198//1
f 1198//1 1188//1 1199//1
f 1199//1 1188//1 1200//1
f 1200//1 1188//1 1201//1
f 1201//1 1188//1 1202//1
f 1202//1 1188//1 1203//1
f 1203//1 1188//1 1204//1
f 1204//1 1188//1 1205//1
f 1205//1 1188//1 1206//1
f 1206//1 1188//1 1207//1
f 1207//1 1188//1 1208//1
f 1208//1 1188//1 1209//1
f 1209//1 1188//1 1210//1
f 1209//1 1210//1 1211//1
f 1211//1 1210//1 1212//1
f 1211//1 1212//1 1213//1
f 1213//1 1212//1 1214//1
f 1213//1 1214//1 1215//1
f 1215//1 1214//1 1216//1
f 1215//1 1216//1 1217//1
f 1217//1 1216//1 1218//1
f 1217//1 1218//1 1219//1
f 1219//1 1218//1 1220//1
f 1219//1 1220//1 1221//1
f 1221//1 1220//1 1222//1
f 1221//1 1222//1 1223//1
f 1223//1 1222//1 1224//1
f 1223//1 1224//1 1225//1
f 1225//1 1224//1 1226//1
f 1225//1 1226//1 1227//1
f 1225//1 1227//1 1228//1
f 1228//1 1227//1 1229//1
f 1228//1 1229//1 1230//1
f 1230//1 1229//1 1231//1
f 1230//1 1231//1 1232//1
f 1232//1 1233//1 1230//1
f 1230//1 1233//1 1234//1
f 1230//1 1234//1 1235//1
f 1233//1 1236//1 1234//1
f 1170//1 1237//1 818//1
f 818//1 1237//1 1238//1
f 818//1 1238//1 851//1
f 851//1 1238//1 1239//1
f 851//1 1239//1 852//1
f 852//1 1239//1 1240//1
f 852//1 1240//1 853//1
f 853//1 1240//1 1241//1
f 853//1 1241//1 1242//1
f 853//1 1242//1 854//1
f 854//1 1242//1 1243//1
f 854//1 1243//1 1244//1
f 854//1 1244//1 855//1
f 855//1 1244//1 1245//1
f 855//1 1245//1 856//1
f 856//1 1245//1 1246//1
f 856//1 1246//1 1247//1
f 1247//1 1248//1 856//1
f 856//1 1248//1 1249//1
f 856//1 1249//1 1250//1
f 1250//1 1251//1 856//1
f 856//1 1251//1 1252//1
f 856//1 1252//1 1253//1
f 1253//1 1254//1 856//1
f 856//1 1254//1 1255//1
f 856//1 1255//1 1256//1
f 1256//1 1257//1 856//1
f 856//1 1257//1 1258//1
f 856//1 1258//1 1259//1
f 1259//1 1260//1 856//1
f 856//1 1260//1 1261//1
f 856//1 1261//1 1262//1
f 1262//1 1263//1 856//1
f 856//1 1263//1 1264//1
f 856//1 1264//1 1265//1
f 1265//1 1266//1 856//1
f 856//1 1266//1 857//1
f 857//1 1266//1 1267//1
f 857//1 1267//1 1268//1
f 857//1 1268//1 858//1
f 858//1 1268//1 1269//1
f 858//1 1269//1 1270//1
f 1270//1 1271//1 858//1
f 858//1 1271//1 859//1
f 859//1 1271//1 1272//1
f 859//1 1272//1 1273//1
f 859//1 1273//1 860//1
f 860//1 1273//1 1274//1
f 860//1 1274//1 1275//1
f 860//1 1275//1 861//1
f 861//1 1275//1 1276//1
f 861//1 1276//1 1277//1
f 861//1 1277//1 862//1
f 862//1 1277//1 1278//1
f 862//1 1278//1 1279//1
f 1279//1 1280//1 862//1
f 862//1 1280//1 863//1
f 863//1 1280//1 1281//1
f 863//1 1281//1 1282//1
f 1282//1 1283//1 863//1
f 863//1 1283//1 1284//1
f 863//1 1284//1 1285//1
f 1285//1 1286//1 863//1
f 863//1 1286//1 1287//1
f 1287//1 1286//1 1288//1
f 820//1 821//1 131//1
f 131//1 821//1 822//1
f 131//1 822//1 823//1
f 823//1 824//1 131//1
f 131//1 824//1 825//1
f 131//1 825//1 826//1
f 826//1 827//1 131//1
f 131//1 827//1 828//1
f 131//1 828//1 829//1
f 829//1 830//1 131//1
f 131//1 830//1 831//1
f 131//1 831//1 832//1
f 832//1 833//1 131//1
f 131//1 833//1 834//1
f 131//1 834//1 835//1
f 835//1 836//1 131//1
f 131//1 836//1 837//1
f 131//1 837//1 838//1
f 838//1 839//1 131//1
f 131//1 839//1 840//1
f 131//1 840//1 841//1
f 841//1 842//1 131//1
f 131//1 842//1 843//1
f 131//1 843//1 844//1
f 844//1 845//1 131//1
f 131//1 845//1 846//1
f 131//1 846//1 847//1
f 847//1 848//1 131//1
f 1289//909 1290//909 1291//909
f 1291//910 1290//910 421//910
f 1291//911 421//911 1292//911
f 1292//912 421//912 418//912
f 1292//913 418//913 1293//913
f 1293//914 418//914 1294//914
f 1293//915 1294//915 1295//915
f 1295//916 1294//916 418//916
f 1295//917 418//917 415//917
f 1290//918 1289//918 1296//918
f 1296//919 1289//919 1297//919
f 1296//920 1297//920 1298//920
f 1298//921 1299//921 1296//921
f 1296//922 1299//922 1300//922
f 1296//923 1300//923 1301//923
f 1301//924 1300//924 1302//924
f 1301//925 1302//925 1303//925
f 1301//926 1303//926 1304//926
f 1304//927 1303//927 1305//927
f 1304//928 1305//928 1306//928
f 1306//929 1307//929 1304//929
f 1304//930 1307//930 1308//930
f 1304//931 1308//931 428//931
f 428//932 1308//932 431//932
f 431//933 1308//933 1309//933
f 431//934 1309//934 1310//934
f 1310//935 1309//935 1311//935
f 1310//936 1311//936 1312//936
f 1307//937 1313//937 1308//937
f 1308//938 1313//938 1314//938
f 1308//939 1314//939 1309//939
f 1309//940 1314//940 1315//940
f 1309//941 1315//941 1311//941
f 1310//942 1312//942 1316//942
f 1316//943 1312//943 1317//943
f 1316//944 1317//944 1318//944
f 1316//945 1318//945 1319//945
f 1319//946 1318//946 1320//946
f 1319//947 1320//947 1321//947
f 1321//948 1320//948 1322//948
f 1321//949 1322//949 1323//949
f 1321//950 1323//950 1324//950
f 1324//951 1323//951 1325//951
f 1324//952 1325//952 1326//952
f 1324//953 1326//953 1327//953
f 1327//954 1326//954 1328//954
f 1327//955 1328//955 1329//955
f 1329//956 1328//956 1330//956
f 1329//957 1330//957 1331//957
f 1331//958 1330//958 1332//958
f 1331//959 1332//959 1333//959
f 1333//960 1332//960 1334//960
f 1333//961 1334//961 445//961
f 445//962 1334//962 1335//962
f 445//963 1335//963 447//963
f 447//964 1335//964 1336//964
f 447//965 1336//965 1337//965
f 1337//966 1336//966 1338//966
f 1337//967 1338//967 1339//967
f 1332//968 1340//968 1334//968
f 1334//969 1340//969 1335//969
f 1340//970 1341//970 1335//970
f 1335//971 1341//971 1336//971
f 1341//972 1338//972 1336//972
f 1337//973 1339//973 450//973
f 450//974 1339//974 1342//974
f 450//975 1342//975 1343//975
f 450//976 1343//976 452//976
f 452//977 1343//977 1344//977
f 452//978 1344//978 1345//978
f 452//979 1345//979 454//979
f 454//980 1345//980 1346//980
f 454//981 1346//981 1347//981
f 1348//982 456//982 1347//982
f 1347//983 456//983 454//983
f 450//984 447//984 1337//984
f 445//985 443//985 1333//985
f 1333//986 443//986 1331//986
f 1331//987 443//987 1329//987
f 1329//988 443//988 441//988
f 1329//989 441//989 1327//989
f 1327//990 441//990 1324//990
f 441//991 439//991 1324//991
f 1324//992 439//992 1321//992
f 439//993 437//993 1321//993
f 1321//994 437//994 1319//994
f 437//995 435//995 1319//995
f 1319//996 435//996 1316//996
f 435//997 433//997 1316//997
f 1316//998 433//998 1310//998
f 433//999 431//999 1310//999
f 428//1000 426//1000 1304//1000
f 1304//1001 426//1001 1301//1001
f 426//1002 424//1002 1301//1002
f 1301//1003 424//1003 1296//1003
f 1296//1004 424//1004 1290//1004
f 1290//1005 424//1005 423//1005
f 1290//1006 423//1006 421//1006
f 412//1007 1349//1007 415//1007
f 415//1008 1349//1008 1350//1008
f 415//1009 1350//1009 1295//1009
f 1295//1010 1350//1010 1349//1010
f 409//1011 1351//1011 412//1011
f 412//1012 1351//1012 1352//1012
f 412//1013 1352//1013 1353//1013
f 406//1014 1354//1014 409//1014
f 409//1015 1354//1015 1355//1015
f 409//1016 1355//1016 1356//1016
f 404//1017 1357//1017 406//1017
f 406//1018 1357//1018 1358//1018
f 406//1019 1358//1019 1354//1019
f 403//1020 1359//1020 404//1020
f 404//1021 1359//1021 1360//1021
f 404//1022 1360//1022 1357//1022
f 1356//1023 1351//1023 409//1023
f 1353//1024 1349//1024 412//1024
f 1293//1025 1361//1025 1292//1025
f 1292//1026 1361//1026 1291//1026
f 1298//1027 875//1027 1299//1027
f 1299//1028 875//1028 1160//1028
f 461//1029 456//1029 1362//1029
f 1362//1029 456//1029 1363//1029
f 1363//1029 456//1029 1348//1029
f 359//1030 1364//1030 400//1030
f 400//1031 1364//1031 1365//1031
f 400//1032 1365//1032 401//1032
f 401//1033 1365//1033 1366//1033
f 401//1034 1366//1034 402//1034
f 402//1035 1366//1035 1367//1035
f 402//1036 1367//1036 403//1036
f 403//1037 1367//1037 1368//1037
f 403//1038 1368//1038 1359//1038
f 1359//1039 1368//1039 1369//1039
f 1359//1040 1369//1040 1360//1040
f 1360//1041 1369//1041 1370//1041
f 1360//1042 1370//1042 1371//1042
f 1360//1043 1371//1043 1357//1043
f 1357//1044 1371//1044 1372//1044
f 1357//1045 1372//1045 1373//1045
f 1357//1046 1373//1046 1358//1046
f 1358//1047 1373//1047 1374//1047
f 1358//1048 1374//1048 1375//1048
f 1358//1049 1375//1049 1354//1049
f 1354//1050 1375//1050 1376//1050
f 1354//1051 1376//1051 1377//1051
f 1354//1052 1377//1052 1355//1052
f 1355//1053 1377//1053 1378//1053
f 1355//1054 1378//1054 1356//1054
f 1356//1055 1378//1055 1379//1055
f 1356//1056 1379//1056 1351//1056
f 1351//1057 1379//1057 1380//1057
f 1351//1058 1380//1058 1352//1058
f 1352//1059 1380//1059 1381//1059
f 1352//1060 1381//1060 1353//1060
f 1353//1061 1381//1061 1382//1061
f 1353//1062 1382//1062 1349//1062
f 1349//1063 1382//1063 1383//1063
f 1349//1064 1383//1064 1295//1064
f 1295//1065 1383//1065 1384//1065
f 1295//1066 1384//1066 1385//1066
f 1291//1067 1361//1067 1385//1067
f 1385//1068 1361//1068 1293//1068
f 1385//1069 1293//1069 1295//1069
f 460//1070 466//1070 865//1070
f 865//1071 466//1071 465//1071
f 865//1072 465//1072 903//1072
f 903//1073 465//1073 464//1073
f 903//1074 464//1074 463//1074
f 463//1075 462//1075 903//1075
f 903//1075 462//1075 904//1075
f 462//1076 461//1076 904//1076
f 904//1077 461//1077 899//1077
f 899//1078 461//1078 1362//1078
f 899//1079 1362//1079 895//1079
f 895//1080 1362//1080 1363//1080
f 895//1081 1363//1081 894//1081
f 894//1082 1363//1082 1348//1082
f 894//1083 1348//1083 893//1083
f 893//1084 1348//1084 1347//1084
f 893//1085 1347//1085 892//1085
f 892//1086 1347//1086 1346//1086
f 892//1087 1346//1087 1345//1087
f 892//1088 1345//1088 891//1088
f 891//1089 1345//1089 1344//1089
f 891//1090 1344//1090 890//1090
f 890//1091 1344//1091 1343//1091
f 890//1092 1343//1092 889//1092
f 889//1093 1343//1093 1342//1093
f 889//1094 1342//1094 888//1094
f 888//1095 1342//1095 1339//1095
f 888//1096 1339//1096 1338//1096
f 888//1097 1338//1097 887//1097
f 887//1098 1338//1098 1341//1098
f 887//1099 1341//1099 886//1099
f 886//1100 1341//1100 1340//1100
f 886//1101 1340//1101 885//1101
f 885//1102 1340//1102 1332//1102
f 885//1103 1332//1103 884//1103
f 884//1104 1332//1104 1330//1104
f 884//1105 1330//1105 883//1105
f 883//1106 1330//1106 1328//1106
f 883//1107 1328//1107 882//1107
f 882//1108 1328//1108 1326//1108
f 882//1109 1326//1109 881//1109
f 881//1110 1326//1110 1325//1110
f 881//1111 1325//1111 880//1111
f 880//1112 1325//1112 1323//1112
f 880//1113 1323//1113 1322//1113
f 880//1114 1322//1114 879//1114
f 879//1115 1322//1115 1320//1115
f 879//1116 1320//1116 878//1116
f 878//1117 1320//1117 1318//1117
f 878//1118 1318//1118 877//1118
f 877//1119 1318//1119 1317//1119
f 877//1120 1317//1120 876//1120
f 876//1121 1317//1121 1312//1121
f 876//1122 1312//1122 1159//1122
f 1159//1123 1312//1123 1311//1123
f 1159//1124 1311//1124 1161//1124
f 1161//1125 1311//1125 1315//1125
f 1161//1126 1315//1126 1163//1126
f 1163//1127 1315//1127 1314//1127
f 1163//1128 1314//1128 1165//1128
f 1165//1129 1314//1129 1313//1129
f 1165//1130 1313//1130 1167//1130
f 1167//1131 1313//1131 1307//1131
f 1167//1132 1307//1132 1169//1132
f 1169//1133 1307//1133 1306//1133
f 1169//1134 1306//1134 1168//1134
f 1168//1135 1306//1135 1305//1135
f 1168//1136 1305//1136 1166//1136
f 1166//1137 1305//1137 1303//1137
f 1166//1138 1303//1138 1164//1138
f 1164//1139 1303//1139 1302//1139
f 1164//1140 1302//1140 1162//1140
f 1162//1141 1302//1141 1300//1141
f 1162//1142 1300//1142 1160//1142
f 1160//1143 1300//1143 1299//1143
f 865//1144 1138//1144 460//1144
f 460//1145 1138//1145 458//1145
f 458//1146 1138//1146 1146//1146
f 458//1147 1146//1147 459//1147
f 459//1148 1146//1148 1148//1148
f 459//1149 1148//1149 1386//1149
f 1386//1150 1148//1150 1150//1150
f 1386//1151 1150//1151 1387//1151
f 1387//1152 1150//1152 1152//1152
f 1387//1153 1152//1153 1388//1153
f 1388//1154 1152//1154 1154//1154
f 1388//1155 1154//1155 1389//1155
f 1389//1156 1154//1156 1156//1156
f 1389//1157 1156//1157 1390//1157
f 1390//1158 1156//1158 1158//1158
f 1390//1159 1158//1159 1391//1159
f 1391//1160 1158//1160 1157//1160
f 1391//1161 1157//1161 1392//1161
f 1392//1162 1157//1162 1155//1162
f 1392//1163 1155//1163 1393//1163
f 1393//1164 1155//1164 1153//1164
f 1393//1165 1153//1165 1394//1165
f 1394//1166 1153//1166 1395//1166
f 1395//1167 1153//1167 1151//1167
f 1395//1168 1151//1168 1396//1168
f 1396//1169 1151//1169 1149//1169
f 1396//1170 1149//1170 1397//1170
f 1397//1171 1149//1171 1147//1171
f 1397//1172 1147//1172 1398//1172
f 1398//1173 1147//1173 1145//1173
f 1398//1174 1145//1174 1399//1174
f 1399//1175 1145//1175 1144//1175
f 1399//1176 1144//1176 1400//1176
f 1400//1177 1144//1177 1143//1177
f 1400//1178 1143//1178 1401//1178
f 1401//1179 1143//1179 1142//1179
f 1401//1180 1142//1180 1402//1180
f 1402//1181 1142//1181 1141//1181
f 1402//1182 1141//1182 1403//1182
f 1403//1183 1141//1183 1140//1183
f 1403//1184 1140//1184 1404//1184
f 1404//1185 1140//1185 1405//1185
f 1405//1186 1140//1186 1139//1186
f 1405//1187 1139//1187 1406//1187
f 1406//1188 1139//1188 1137//1188
f 1406//1189 1137//1189 1407//1189
f 1407//1190 1137//1190 1136//1190
f 1407//1191 1136//1191 1408//1191
f 1408//1192 1136//1192 1135//1192
f 1408//1193 1135//1193 1134//1193
f 1408//1194 1134//1194 1409//1194
f 1409//1195 1134//1195 1133//1195
f 1409//1196 1133//1196 1132//1196
f 1409//1197 1132//1197 1410//1197
f 1410//1198 1132//1198 1131//1198
f 1410//1199 1131//1199 1411//1199
f 1411//1200 1131//1200 1130//1200
f 1411//1201 1130//1201 1129//1201
f 1411//1202 1129//1202 1412//1202
f 1412//1203 1129//1203 1128//1203
f 1412//1204 1128//1204 1413//1204
f 1413//1205 1128//1205 864//1205
f 1414//1206 1415//1206 1413//1206
f 1413//1207 1415//1207 1412//1207
f 357//1208 1416//1208 358//1208
f 358//1209 1416//1209 397//1209
f 397//1210 1416//1210 398//1210
f 1364//1211 359//1211 1416//1211
f 1416//1212 359//1212 398//1212
f 459//1213 1386//1213 457//1213
f 457//1213 1386//1213 1387//1213
f 1417//1214 1418//1214 1419//1214
f 1419//1215 1418//1215 1420//1215
f 1419//1216 1420//1216 1421//1216
f 1421//1217 1420//1217 1422//1217
f 1421//1218 1422//1218 425//1218
f 425//1219 1422//1219 1423//1219
f 425//1220 1423//1220 422//1220
f 422//1221 1423//1221 1424//1221
f 422//1222 1424//1222 1425//1222
f 1420//1223 1423//1223 1422//1223
f 422//1224 1425//1224 420//1224
f 420//1225 1425//1225 1426//1225
f 420//1226 1426//1226 419//1226
f 419//1227 1426//1227 1427//1227
f 419//1228 1427//1228 417//1228
f 417//1229 1427//1229 1428//1229
f 417//1230 1428//1230 416//1230
f 416//1231 1428//1231 1429//1231
f 416//1232 1429//1232 414//1232
f 414//1233 1429//1233 1430//1233
f 414//1234 1430//1234 413//1234
f 413//1235 1430//1235 1431//1235
f 413//1236 1431//1236 411//1236
f 411//1237 1431//1237 410//1237
f 410//1238 1431//1238 1432//1238
f 410//1239 1432//1239 408//1239
f 408//1240 1432//1240 1433//1240
f 408//1241 1433//1241 407//1241
f 407//1242 1433//1242 1434//1242
f 407//1243 1434//1243 405//1243
f 405//1244 1434//1244 399//1244
f 425//1245 427//1245 1421//1245
f 1421//1246 427//1246 1419//1246
f 427//1247 429//1247 1419//1247
f 1419//1248 429//1248 430//1248
f 1419//1249 430//1249 1417//1249
f 1417//1250 430//1250 1435//1250
f 1417//1251 1435//1251 1436//1251
f 1436//1252 1435//1252 1437//1252
f 1437//1253 1435//1253 1438//1253
f 1437//1254 1438//1254 1415//1254
f 1415//1255 1438//1255 1439//1255
f 1415//1256 1439//1256 1412//1256
f 1412//1257 1439//1257 1411//1257
f 1411//1258 1439//1258 1440//1258
f 1411//1259 1440//1259 1410//1259
f 1410//1260 1440//1260 1441//1260
f 1410//1261 1441//1261 1409//1261
f 1409//1262 1441//1262 1442//1262
f 1409//1263 1442//1263 1408//1263
f 1408//1264 1442//1264 1443//1264
f 1408//1265 1443//1265 1407//1265
f 1407//1266 1443//1266 442//1266
f 1407//1267 442//1267 1444//1267
f 1444//1268 442//1268 444//1268
f 1444//1269 444//1269 1404//1269
f 1404//1270 444//1270 1403//1270
f 1403//1271 444//1271 446//1271
f 1403//1272 446//1272 1402//1272
f 1402//1273 446//1273 1401//1273
f 1401//1274 446//1274 448//1274
f 1401//1275 448//1275 1400//1275
f 1400//1276 448//1276 1399//1276
f 1399//1277 448//1277 1398//1277
f 1398//1278 448//1278 449//1278
f 1398//1279 449//1279 1397//1279
f 1397//1280 449//1280 1396//1280
f 1396//1281 449//1281 451//1281
f 1396//1282 451//1282 1395//1282
f 1395//1283 451//1283 1394//1283
f 1394//1284 451//1284 1393//1284
f 1393//1285 451//1285 453//1285
f 1393//1286 453//1286 1392//1286
f 1392//1287 453//1287 1391//1287
f 1391//1288 453//1288 1390//1288
f 1390//1289 453//1289 455//1289
f 1390//1290 455//1290 1389//1290
f 1389//1291 455//1291 1388//1291
f 1388//1292 455//1292 457//1292
f 1388//1293 457//1293 1387//1293
f 430//1294 432//1294 1435//1294
f 1435//1295 432//1295 1438//1295
f 432//1296 434//1296 1438//1296
f 1438//1297 434//1297 1439//1297
f 434//1298 436//1298 1439//1298
f 1439//1299 436//1299 1440//1299
f 1440//1300 436//1300 1441//1300
f 1441//1301 436//1301 438//1301
f 1441//1302 438//1302 1442//1302
f 1442//1303 438//1303 440//1303
f 1442//1304 440//1304 1443//1304
f 1443//1305 440//1305 442//1305
f 1404//1306 1405//1306 1444//1306
f 1444//1307 1405//1307 1406//1307
f 1444//1308 1406//1308 1407//1308
f 1414//1309 1445//1309 1415//1309
f 1415//1310 1445//1310 1437//1310
f 1437//1311 1445//1311 1446//1311
f 1437//1312 1446//1312 1436//1312
f 1436//1313 1446//1313 1447//1313
f 1436//1314 1447//1314 1417//1314
f 1417//1315 1447//1315 1418//1315
f 399//1316 1434//1316 467//1316
f 467//1317 1434//1317 472//1317
f 472//1318 1434//1318 1433//1318
f 472//1319 1433//1319 476//1319
f 476//1320 1433//1320 1432//1320
f 476//1321 1432//1321 478//1321
f 478//1322 1432//1322 1431//1322
f 478//1323 1431//1323 480//1323
f 480//1324 1431//1324 1430//1324
f 480//1325 1430//1325 482//1325
f 482//1326 1430//1326 1429//1326
f 482//1327 1429//1327 1428//1327
f 482//1328 1428//1328 484//1328
f 484//1329 1428//1329 1427//1329
f 484//1330 1427//1330 1426//1330
f 484//1331 1426//1331 487//1331
f 487//1332 1426//1332 1425//1332
f 487//1333 1425//1333 489//1333
f 489//1334 1425//1334 1424//1334
f 489//1335 1424//1335 491//1335
f 491//1336 1424//1336 1423//1336
f 491//1337 1423//1337 1448//1337
f 1448//1338 1423//1338 1420//1338
f 1448//1339 1420//1339 1449//1339
f 1449//1340 1420//1340 1450//1340
f 1449//1341 1450//1341 497//1341
f 497//1342 1450//1342 500//1342
f 500//1343 1450//1343 1451//1343
f 500//1344 1451//1344 502//1344
f 502//1345 1451//1345 1452//1345
f 502//1346 1452//1346 1453//1346
f 1453//1347 1452//1347 1454//1347
f 1453//1348 1454//1348 1455//1348
f 1420//1349 1418//1349 1450//1349
f 1450//1350 1418//1350 1451//1350
f 1418//1351 1447//1351 1451//1351
f 1451//1352 1447//1352 1446//1352
f 1451//1353 1446//1353 1445//1353
f 1445//1354 1414//1354 1451//1354
f 1451//1355 1414//1355 1452//1355
f 1413//1356 1456//1356 1414//1356
f 1414//1357 1456//1357 1452//1357
f 1456//1358 1457//1358 1452//1358
f 1452//1359 1457//1359 1454//1359
f 1455//1360 1458//1360 1453//1360
f 1453//1361 1458//1361 1459//1361
f 1453//1362 1459//1362 504//1362
f 504//1363 1459//1363 1460//1363
f 504//1364 1460//1364 506//1364
f 506//1365 1460//1365 1461//1365
f 506//1366 1461//1366 1462//1366
f 1462//1367 1461//1367 1463//1367
f 1462//1368 1463//1368 1464//1368
f 1458//1369 1465//1369 1459//1369
f 1459//1370 1465//1370 1460//1370
f 1465//1371 1466//1371 1460//1371
f 1460//1372 1466//1372 1467//1372
f 1460//1373 1467//1373 1461//1373
f 1461//1374 1467//1374 1468//1374
f 1461//1375 1468//1375 1463//1375
f 1464//1376 1469//1376 1462//1376
f 1462//1377 1469//1377 1470//1377
f 1462//1378 1470//1378 508//1378
f 508//1379 1470//1379 1471//1379
f 508//1380 1471//1380 510//1380
f 510//1381 1471//1381 1472//1381
f 510//1382 1472//1382 1473//1382
f 1473//1383 1472//1383 1474//1383
f 1474//1384 1472//1384 1471//1384
f 1474//1385 1471//1385 1475//1385
f 1475//1386 1471//1386 1476//1386
f 1476//1387 1471//1387 1470//1387
f 1476//1388 1470//1388 1477//1388
f 1477//1389 1470//1389 1469//1389
f 510//1390 1473//1390 1478//1390
f 1478//1391 1473//1391 1479//1391
f 1478//1392 1479//1392 1480//1392
f 1480//1393 1481//1393 1478//1393
f 1478//1394 1481//1394 510//1394
f 510//1395 1481//1395 512//1395
f 512//1396 1481//1396 1482//1396
f 512//1397 1482//1397 1483//1397
f 1483//1398 1484//1398 512//1398
f 512//1399 1484//1399 514//1399
f 514//1400 1484//1400 1485//1400
f 514//1401 1485//1401 1486//1401
f 514//1402 1486//1402 516//1402
f 516//1403 1486//1403 1487//1403
f 516//1404 1487//1404 1488//1404
f 1488//1405 1489//1405 516//1405
f 516//1406 1489//1406 517//1406
f 517//1407 1489//1407 1490//1407
f 517//1408 1490//1408 1491//1408
f 1491//1409 1492//1409 517//1409
f 517//1410 1492//1410 518//1410
f 508//1411 506//1411 1462//1411
f 504//1412 502//1412 1453//1412
f 497//1413 495//1413 1449//1413
f 1449//1414 495//1414 1448//1414
f 495//1415 493//1415 1448//1415
f 1448//1416 493//1416 491//1416
f 1413//1417 864//1417 1456//1417
f 1456//1418 864//1418 1127//1418
f 1456//1419 1127//1419 1457//1419
f 1457//1420 1127//1420 1126//1420
f 1457//1421 1126//1421 1454//1421
f 1454//1422 1126//1422 1125//1422
f 1454//1423 1125//1423 1455//1423
f 1455//1424 1125//1424 1124//1424
f 1455//1425 1124//1425 1458//1425
f 1458//1426 1124//1426 1465//1426
f 1465//1427 1124//1427 1123//1427
f 1465//1428 1123//1428 1466//1428
f 1466//1429 1123//1429 1122//1429
f 1466//1430 1122//1430 1467//1430
f 1467//1431 1122//1431 1121//1431
f 1467//1432 1121//1432 1468//1432
f 1468//1433 1121//1433 1120//1433
f 1468//1434 1120//1434 1463//1434
f 1463//1435 1120//1435 1119//1435
f 1463//1436 1119//1436 1464//1436
f 1464//1437 1119//1437 1118//1437
f 1464//1438 1118//1438 1469//1438
f 1469//1439 1118//1439 1117//1439
f 1469//1440 1117//1440 1477//1440
f 1477//1441 1117//1441 1116//1441
f 1477//1442 1116//1442 1476//1442
f 1476//1443 1116//1443 1115//1443
f 1476//1444 1115//1444 1475//1444
f 1475//1445 1115//1445 1114//1445
f 1475//1446 1114//1446 1474//1446
f 1474//1447 1114//1447 1113//1447
f 1474//1448 1113//1448 1473//1448
f 1473//1449 1113//1449 1112//1449
f 1473//1450 1112//1450 1479//1450
f 1479//1451 1112//1451 1111//1451
f 1479//1452 1111//1452 1480//1452
f 1480//1453 1111//1453 1110//1453
f 1480//1454 1110//1454 1481//1454
f 1481//1455 1110//1455 1109//1455
f 1481//1456 1109//1456 1482//1456
f 1482//1457 1109//1457 1108//1457
f 1482//1458 1108//1458 1483//1458
f 1483//1459 1108//1459 1107//1459
f 1483//1460 1107//1460 1484//1460
f 1484//1461 1107//1461 1106//1461
f 1484//1462 1106//1462 1485//1462
f 1485//1463 1106//1463 1105//1463
f 1485//1464 1105//1464 1486//1464
f 1486//1465 1105//1465 1104//1465
f 1486//1466 1104//1466 1487//1466
f 1487//1467 1104//1467 1066//1467
f 1487//1468 1066//1468 1488//1468
f 1488//1469 1066//1469 1065//1469
f 1488//1470 1065//1470 1489//1470
f 1489//1471 1065//1471 1064//1471
f 1489//1472 1064//1472 1490//1472
f 1490//1473 1064//1473 1074//1473
f 1490//1474 1074//1474 1491//1474
f 1491//1475 1074//1475 1075//1475
f 1491//1476 1075//1476 1492//1476
f 1492//1477 1075//1477 1076//1477
f 1492//1478 1076//1478 518//1478
f 518//1479 1076//1479 1077//1479
f 518//1480 1077//1480 519//1480
f 519//1481 1077//1481 1079//1481
f 519//1482 1079//1482 521//1482
f 1078//1483 522//1483 1079//1483
f 1079//1483 522//1483 521//1483
f 869//1484 1493//1484 999//1484
f 999//1485 1493//1485 1494//1485
f 999//1486 1494//1486 1000//1486
f 1000//1487 1494//1487 1495//1487
f 1000//1488 1495//1488 1001//1488
f 1001//1489 1495//1489 1002//1489
f 1002//1490 1495//1490 1496//1490
f 1002//1491 1496//1491 1003//1491
f 1003//1492 1496//1492 1004//1492
f 1004//1493 1496//1493 1497//1493
f 1004//1494 1497//1494 1005//1494
f 1005//1495 1497//1495 1498//1495
f 1005//1496 1498//1496 1009//1496
f 1009//1497 1498//1497 1499//1497
f 1009//1498 1499//1498 1012//1498
f 1012//1499 1499//1499 1500//1499
f 1012//1500 1500//1500 1015//1500
f 1015//1501 1500//1501 1501//1501
f 1015//1502 1501//1502 1019//1502
f 1019//1503 1501//1503 1502//1503
f 1019//1504 1502//1504 1022//1504
f 1022//1505 1502//1505 1503//1505
f 1022//1506 1503//1506 1025//1506
f 1025//1507 1503//1507 1504//1507
f 1025//1508 1504//1508 1028//1508
f 1028//1509 1504//1509 1505//1509
f 1028//1510 1505//1510 1030//1510
f 1030//1511 1505//1511 1506//1511
f 1030//1512 1506//1512 1033//1512
f 1033//1513 1506//1513 1507//1513
f 1033//1514 1507//1514 1035//1514
f 1035//1515 1507//1515 1508//1515
f 1035//1516 1508//1516 1037//1516
f 1037//1517 1508//1517 1509//1517
f 1037//1518 1509//1518 1039//1518
f 1039//1519 1509//1519 1510//1519
f 1039//1520 1510//1520 1041//1520
f 1041//1521 1510//1521 1511//1521
f 1041//1522 1511//1522 1043//1522
f 1043//1523 1511//1523 1512//1523
f 1043//1524 1512//1524 1045//1524
f 1045//1525 1512//1525 1513//1525
f 1045//1526 1513//1526 1046//1526
f 1046//1527 1513//1527 1514//1527
f 1046//1528 1514//1528 1048//1528
f 1048//1529 1514//1529 1515//1529
f 1048//1530 1515//1530 1050//1530
f 1050//1531 1515//1531 1516//1531
f 1050//1532 1516//1532 1051//1532
f 1051//1533 1516//1533 1517//1533
f 1051//1534 1517//1534 1053//1534
f 1053//1535 1517//1535 1518//1535
f 1053//1536 1518//1536 1055//1536
f 1055//1537 1518//1537 1519//1537
f 1055//1538 1519//1538 1520//1538
f 1055//1539 1520//1539 1056//1539
f 1056//1540 1520//1540 1521//1540
f 1056//1541 1521//1541 1522//1541
f 1056//1542 1522//1542 1058//1542
f 1058//1543 1522//1543 1523//1543
f 1058//1544 1523//1544 614//1544
f 1058//1545 614//1545 1060//1545
f 1060//1546 614//1546 606//1546
f 1060//1547 606//1547 1061//1547
f 1061//1548 606//1548 608//1548
f 1524//1549 1525//1549 1526//1549
f 1526//1550 1525//1550 558//1550
f 1526//1551 558//1551 1527//1551
f 1527//1552 558//1552 560//1552
f 1527//1553 560//1553 1528//1553
f 1528//1554 560//1554 1529//1554
f 1528//1555 1529//1555 1530//1555
f 1530//1556 1529//1556 1531//1556
f 1531//1557 1529//1557 1532//1557
f 1532//1558 1529//1558 1533//1558
f 1532//1559 1533//1559 1493//1559
f 1493//1560 1533//1560 1534//1560
f 1493//1561 1534//1561 1494//1561
f 1494//1562 1534//1562 1495//1562
f 1495//1563 1534//1563 1535//1563
f 1495//1564 1535//1564 1536//1564
f 1536//1565 1535//1565 565//1565
f 1536//1566 565//1566 567//1566
f 1537//1567 1538//1567 1524//1567
f 1524//1568 1538//1568 556//1568
f 1524//1569 556//1569 1525//1569
f 1525//1570 556//1570 558//1570
f 1539//1571 552//1571 1537//1571
f 1537//1572 552//1572 554//1572
f 1537//1573 554//1573 1538//1573
f 1538//1574 554//1574 556//1574
f 552//1575 1539//1575 550//1575
f 550//1576 1539//1576 1540//1576
f 550//1577 1540//1577 1541//1577
f 550//1578 1541//1578 548//1578
f 548//1579 1541//1579 1542//1579
f 548//1580 1542//1580 546//1580
f 546//1581 1542//1581 1543//1581
f 546//1582 1543//1582 544//1582
f 544//1583 1543//1583 1544//1583
f 544//1584 1544//1584 543//1584
f 543//1585 1544//1585 1545//1585
f 543//1586 1545//1586 541//1586
f 541//1587 1545//1587 539//1587
f 539//1588 1545//1588 1546//1588
f 539//1589 1546//1589 538//1589
f 538//1590 1546//1590 536//1590
f 536//1591 1546//1591 1547//1591
f 536//1592 1547//1592 535//1592
f 535//1593 1547//1593 533//1593
f 533//1594 1547//1594 1548//1594
f 533//1595 1548//1595 531//1595
f 531//1596 1548//1596 529//1596
f 529//1597 1548//1597 525//1597
f 560//1598 561//1598 1529//1598
f 1529//1599 561//1599 1533//1599
f 561//1600 563//1600 1533//1600
f 1533//1601 563//1601 1534//1601
f 563//1602 564//1602 1534//1602
f 1534//1603 564//1603 1535//1603
f 564//1604 565//1604 1535//1604
f 1536//1605 567//1605 1549//1605
f 1549//1606 567//1606 568//1606
f 1549//1607 568//1607 1550//1607
f 1550//1608 568//1608 569//1608
f 1550//1609 569//1609 1551//1609
f 1551//1610 569//1610 570//1610
f 1551//1611 570//1611 1552//1611
f 1552//1612 570//1612 571//1612
f 1552//1613 571//1613 1553//1613
f 1553//1614 571//1614 1554//1614
f 1553//1615 1554//1615 1501//1615
f 1501//1616 1554//1616 1502//1616
f 1502//1617 1554//1617 1555//1617
f 1502//1618 1555//1618 1503//1618
f 1503//1619 1555//1619 1556//1619
f 1503//1620 1556//1620 1504//1620
f 1504//1621 1556//1621 1557//1621
f 1504//1622 1557//1622 1505//1622
f 1505//1623 1557//1623 1506//1623
f 1506//1624 1557//1624 1558//1624
f 1506//1625 1558//1625 1507//1625
f 1507//1626 1558//1626 580//1626
f 1507//1627 580//1627 582//1627
f 571//1628 573//1628 1554//1628
f 1554//1629 573//1629 1555//1629
f 573//1630 574//1630 1555//1630
f 1555//1631 574//1631 1556//1631
f 574//1632 576//1632 1556//1632
f 1556//1633 576//1633 1557//1633
f 576//1634 578//1634 1557//1634
f 1557//1635 578//1635 1558//1635
f 578//1636 580//1636 1558//1636
f 1507//1637 582//1637 1508//1637
f 1508//1638 582//1638 584//1638
f 1508//1639 584//1639 1509//1639
f 1509//1640 584//1640 586//1640
f 1509//1641 586//1641 1510//1641
f 1510//1642 586//1642 588//1642
f 1510//1643 588//1643 1511//1643
f 1511//1644 588//1644 589//1644
f 1511//1645 589//1645 1512//1645
f 1512//1646 589//1646 591//1646
f 1512//1647 591//1647 1513//1647
f 1513//1648 591//1648 593//1648
f 1513//1649 593//1649 1514//1649
f 1514//1650 593//1650 596//1650
f 1514//1651 596//1651 1515//1651
f 1515//1652 596//1652 599//1652
f 1515//1653 599//1653 1516//1653
f 1516//1654 599//1654 601//1654
f 1516//1655 601//1655 1517//1655
f 1517//1656 601//1656 602//1656
f 1517//1657 602//1657 1518//1657
f 1518//1658 602//1658 604//1658
f 1518//1659 604//1659 1519//1659
f 1519//1660 604//1660 1520//1660
f 1520//1661 604//1661 616//1661
f 1520//1662 616//1662 1521//1662
f 1521//1663 616//1663 1522//1663
f 1522//1664 616//1664 615//1664
f 1522//1665 615//1665 1523//1665
f 1523//1666 615//1666 614//1666
f 1501//1667 1500//1667 1553//1667
f 1553//1668 1500//1668 1552//1668
f 1500//1669 1499//1669 1552//1669
f 1552//1670 1499//1670 1551//1670
f 1499//1671 1498//1671 1551//1671
f 1551//1672 1498//1672 1550//1672
f 1498//1673 1497//1673 1550//1673
f 1550//1674 1497//1674 1549//1674
f 1497//1675 1496//1675 1549//1675
f 1549//1676 1496//1676 1536//1676
f 1496//1677 1495//1677 1536//1677
f 1530//1678 1559//1678 1528//1678
f 1528//1679 1559//1679 1560//1679
f 1528//1680 1560//1680 1561//1680
f 1528//1681 1561//1681 1527//1681
f 1527//1682 1561//1682 1562//1682
f 1527//1683 1562//1683 1526//1683
f 525//1684 1548//1684 618//1684
f 618//1685 1548//1685 620//1685
f 620//1686 1548//1686 1547//1686
f 620//1687 1547//1687 622//1687
f 622//1688 1547//1688 1546//1688
f 622//1689 1546//1689 624//1689
f 624//1690 1546//1690 1545//1690
f 624//1691 1545//1691 626//1691
f 626//1692 1545//1692 1544//1692
f 626//1693 1544//1693 628//1693
f 628//1694 1544//1694 1543//1694
f 628//1695 1543//1695 630//1695
f 630//1696 1543//1696 1542//1696
f 630//1697 1542//1697 632//1697
f 632//1698 1542//1698 1541//1698
f 632//1699 1541//1699 634//1699
f 634//1700 1541//1700 1540//1700
f 634//1701 1540//1701 636//1701
f 636//1702 1540//1702 1539//1702
f 636//1703 1539//1703 638//1703
f 638//1704 1539//1704 1537//1704
f 638//1705 1537//1705 640//1705
f 640//1706 1537//1706 1563//1706
f 640//1707 1563//1707 641//1707
f 641//1708 1563//1708 643//1708
f 643//1709 1563//1709 1564//1709
f 643//1710 1564//1710 645//1710
f 645//1711 1564//1711 1565//1711
f 645//1712 1565//1712 647//1712
f 647//1713 1565//1713 1566//1713
f 647//1714 1566//1714 649//1714
f 649//1715 1566//1715 1567//1715
f 649//1716 1567//1716 1568//1716
f 1568//1717 1567//1717 1569//1717
f 1568//1718 1569//1718 1570//1718
f 1537//1719 1524//1719 1563//1719
f 1563//1720 1524//1720 1564//1720
f 1524//1721 1526//1721 1564//1721
f 1564//1722 1526//1722 1565//1722
f 1526//1723 1571//1723 1565//1723
f 1565//1724 1571//1724 1566//1724
f 1571//1725 1572//1725 1566//1725
f 1566//1726 1572//1726 1573//1726
f 1566//1727 1573//1727 1567//1727
f 1567//1728 1573//1728 1574//1728
f 1567//1729 1574//1729 1575//1729
f 1575//1730 1569//1730 1567//1730
f 1570//1731 1576//1731 1568//1731
f 1568//1732 1576//1732 1577//1732
f 1568//1733 1577//1733 651//1733
f 651//1734 1577//1734 653//1734
f 653//1735 1577//1735 1578//1735
f 653//1736 1578//1736 1579//1736
f 1579//1737 1578//1737 1580//1737
f 1579//1738 1580//1738 1581//1738
f 1576//1739 1582//1739 1577//1739
f 1577//1740 1582//1740 1583//1740
f 1577//1741 1583//1741 1584//1741
f 1577//1742 1584//1742 1578//1742
f 1578//1743 1584//1743 1585//1743
f 1578//1744 1585//1744 1580//1744
f 1581//1745 1586//1745 1579//1745
f 1579//1746 1586//1746 1587//1746
f 1579//1747 1587//1747 1588//1747
f 1588//1748 1587//1748 1589//1748
f 1588//1749 1589//1749 1590//1749
f 1588//1750 1590//1750 655//1750
f 655//1751 1590//1751 1591//1751
f 655//1752 1591//1752 1592//1752
f 1592//1753 1591//1753 1593//1753
f 1592//1754 1593//1754 1594//1754
f 1592//1755 1594//1755 657//1755
f 657//1756 1594//1756 1595//1756
f 657//1757 1595//1757 1596//1757
f 1596//1758 1597//1758 657//1758
f 657//1759 1597//1759 1598//1759
f 657//1760 1598//1760 1599//1760
f 657//1761 1599//1761 659//1761
f 659//1762 1599//1762 1600//1762
f 659//1763 1600//1763 1601//1763
f 1601//1764 1602//1764 659//1764
f 659//1765 1602//1765 661//1765
f 661//1766 1602//1766 1603//1766
f 661//1767 1603//1767 1604//1767
f 661//1768 1604//1768 663//1768
f 663//1769 1604//1769 1605//1769
f 663//1770 1605//1770 667//1770
f 657//1771 655//1771 1592//1771
f 1588//1772 655//1772 1579//1772
f 1579//1773 655//1773 653//1773
f 651//1774 649//1774 1568//1774
f 1606//1775 1607//1775 1608//1775
f 1608//1776 1607//1776 1609//1776
f 1609//1777 1607//1777 1610//1777
f 1609//1778 1610//1778 1611//1778
f 1611//1779 1610//1779 1612//1779
f 1611//1780 1612//1780 471//1780
f 471//1781 1612//1781 470//1781
f 470//1782 1612//1782 360//1782
f 1613//1783 1614//1783 1615//1783
f 1615//1784 1614//1784 1616//1784
f 1615//1785 1616//1785 1617//1785
f 1617//1786 1616//1786 1618//1786
f 1617//1787 1618//1787 1619//1787
f 1619//1788 1618//1788 1620//1788
f 1620//1789 1618//1789 1621//1789
f 1620//1790 1621//1790 1622//1790
f 1622//1791 1621//1791 1623//1791
f 1622//1792 1623//1792 1624//1792
f 1624//1793 1623//1793 1625//1793
f 1625//1794 1623//1794 1626//1794
f 1626//1795 1623//1795 1627//1795
f 1626//1796 1627//1796 1628//1796
f 1628//1797 1627//1797 1629//1797
f 1629//1798 1627//1798 1630//1798
f 1629//1799 1630//1799 1631//1799
f 1631//1800 1630//1800 1632//1800
f 1632//1801 1630//1801 1633//1801
f 1632//1802 1633//1802 1634//1802
f 1634//1803 1633//1803 1635//1803
f 1635//1804 1633//1804 1636//1804
f 1635//1805 1636//1805 1637//1805
f 1637//1806 1636//1806 1638//1806
f 1638//1807 1636//1807 1639//1807
f 1638//1808 1639//1808 1640//1808
f 1640//1809 1639//1809 1641//1809
f 1641//1810 1639//1810 1642//1810
f 1641//1811 1642//1811 1643//1811
f 1643//1812 1642//1812 1644//1812
f 1644//1813 1642//1813 1645//1813
f 1644//1814 1645//1814 1646//1814
f 1646//1815 1645//1815 1647//1815
f 1647//1816 1645//1816 1648//1816
f 1647//1817 1648//1817 1649//1817
f 1649//1818 1648//1818 1650//1818
f 1650//1819 1648//1819 1651//1819
f 1651//1820 1648//1820 1652//1820
f 1651//1821 1652//1821 1653//1821
f 1653//1822 1652//1822 1654//1822
f 1654//1823 1652//1823 515//1823
f 1654//1824 515//1824 1655//1824
f 1655//1825 515//1825 1656//1825
f 1656//1826 515//1826 1657//1826
f 1657//1827 515//1827 1658//1827
f 1658//1828 515//1828 1659//1828
f 1659//1829 515//1829 520//1829
f 1659//1830 520//1830 1660//1830
f 1660//1831 520//1831 1661//1831
f 1661//1832 520//1832 1662//1832
f 1662//1833 520//1833 1663//1833
f 1663//1834 520//1834 524//1834
f 1664//1835 1665//1835 1613//1835
f 1613//1836 1665//1836 496//1836
f 1613//1837 496//1837 1614//1837
f 1614//1838 496//1838 498//1838
f 1614//1839 498//1839 499//1839
f 1665//1840 1664//1840 1666//1840
f 1666//1841 1664//1841 1667//1841
f 1666//1842 1667//1842 490//1842
f 490//1843 1667//1843 488//1843
f 488//1844 1667//1844 486//1844
f 486//1845 1667//1845 1668//1845
f 486//1846 1668//1846 485//1846
f 485//1847 1668//1847 1669//1847
f 485//1848 1669//1848 483//1848
f 483//1849 1669//1849 1670//1849
f 483//1850 1670//1850 481//1850
f 481//1851 1670//1851 1671//1851
f 481//1852 1671//1852 1672//1852
f 481//1853 1672//1853 479//1853
f 479//1854 1672//1854 1673//1854
f 479//1855 1673//1855 477//1855
f 477//1856 1673//1856 1674//1856
f 477//1857 1674//1857 475//1857
f 475//1858 1674//1858 1675//1858
f 475//1859 1675//1859 473//1859
f 473//1860 1675//1860 1606//1860
f 473//1861 1606//1861 474//1861
f 474//1862 1606//1862 1608//1862
f 474//1863 1608//1863 468//1863
f 468//1864 1608//1864 1609//1864
f 468//1865 1609//1865 469//1865
f 469//1866 1609//1866 1611//1866
f 469//1867 1611//1867 471//1867
f 490//1868 492//1868 1666//1868
f 1666//1869 492//1869 494//1869
f 1666//1870 494//1870 1665//1870
f 1665//1871 494//1871 496//1871
f 499//1872 501//1872 1614//1872
f 1614//1873 501//1873 1616//1873
f 1616//1874 501//1874 1618//1874
f 1618//1875 501//1875 503//1875
f 1618//1876 503//1876 1621//1876
f 1621//1877 503//1877 505//1877
f 1621//1878 505//1878 1623//1878
f 1623//1879 505//1879 507//1879
f 1623//1880 507//1880 1627//1880
f 1627//1881 507//1881 1630//1881
f 507//1882 509//1882 1630//1882
f 1630//1883 509//1883 1633//1883
f 1633//1884 509//1884 1636//1884
f 1636//1885 509//1885 511//1885
f 1636//1886 511//1886 1639//1886
f 1639//1887 511//1887 1642//1887
f 1642//1888 511//1888 1645//1888
f 1645//1889 511//1889 513//1889
f 1645//1890 513//1890 1648//1890
f 1648//1891 513//1891 1652//1891
f 513//1892 515//1892 1652//1892
f 868//1893 1625//1893 1063//1893
f 1063//1894 1625//1894 1626//1894
f 1063//1895 1626//1895 1067//1895
f 1067//1896 1626//1896 1628//1896
f 1067//1897 1628//1897 1068//1897
f 1068//1898 1628//1898 1629//1898
f 1068//1899 1629//1899 1069//1899
f 1069//1900 1629//1900 1631//1900
f 1069//1901 1631//1901 1070//1901
f 1070//1902 1631//1902 1632//1902
f 1070//1903 1632//1903 1071//1903
f 1071//1904 1632//1904 1634//1904
f 1071//1905 1634//1905 1072//1905
f 1072//1906 1634//1906 1635//1906
f 1072//1907 1635//1907 1073//1907
f 1073//1908 1635//1908 1637//1908
f 1073//1909 1637//1909 1080//1909
f 1080//1910 1637//1910 1638//1910
f 1080//1911 1638//1911 1081//1911
f 1081//1912 1638//1912 1640//1912
f 1081//1913 1640//1913 1082//1913
f 1082//1914 1640//1914 1641//1914
f 1082//1915 1641//1915 1083//1915
f 1083//1916 1641//1916 1643//1916
f 1083//1917 1643//1917 1084//1917
f 1084//1918 1643//1918 1644//1918
f 1084//1919 1644//1919 1085//1919
f 1085//1920 1644//1920 1646//1920
f 1085//1921 1646//1921 1086//1921
f 1086//1922 1646//1922 1647//1922
f 1086//1923 1647//1923 1087//1923
f 1087//1924 1647//1924 1649//1924
f 1087//1925 1649//1925 1088//1925
f 1088//1926 1649//1926 1650//1926
f 1088//1927 1650//1927 1089//1927
f 1089//1928 1650//1928 1651//1928
f 1089//1929 1651//1929 1090//1929
f 1090//1930 1651//1930 1653//1930
f 1090//1931 1653//1931 1091//1931
f 1091//1932 1653//1932 1654//1932
f 1091//1933 1654//1933 1092//1933
f 1092//1934 1654//1934 1655//1934
f 1092//1935 1655//1935 1093//1935
f 1093//1936 1655//1936 1656//1936
f 1093//1937 1656//1937 1094//1937
f 1094//1938 1656//1938 1657//1938
f 1094//1939 1657//1939 1095//1939
f 1095//1940 1657//1940 1658//1940
f 1095//1941 1658//1941 1096//1941
f 1096//1942 1658//1942 1659//1942
f 1096//1943 1659//1943 1097//1943
f 1097//1944 1659//1944 1660//1944
f 1097//1945 1660//1945 1661//1945
f 1097//1946 1661//1946 1098//1946
f 1098//1947 1661//1947 1662//1947
f 1098//1948 1662//1948 1099//1948
f 1099//1949 1662//1949 1663//1949
f 1099//1950 1663//1950 1100//1950
f 1100//1951 1663//1951 1101//1951
f 1101//1952 1663//1952 524//1952
f 1101//1953 524//1953 1102//1953
f 1102//1954 524//1954 523//1954
f 1102//1955 523//1955 1103//1955
f 522//1956 1078//1956 523//1956
f 523//1956 1078//1956 1103//1956
f 360//1957 1612//1957 526//1957
f 526//1958 1612//1958 1610//1958
f 526//1959 1610//1959 527//1959
f 527//1960 1610//1960 1607//1960
f 527//1961 1607//1961 528//1961
f 528//1962 1607//1962 1606//1962
f 528//1963 1606//1963 530//1963
f 530//1964 1606//1964 1675//1964
f 530//1965 1675//1965 532//1965
f 532//1966 1675//1966 534//1966
f 534//1967 1675//1967 1674//1967
f 534//1968 1674//1968 537//1968
f 537//1969 1674//1969 1673//1969
f 537//1970 1673//1970 540//1970
f 540//1971 1673//1971 1672//1971
f 540//1972 1672//1972 1671//1972
f 540//1973 1671//1973 542//1973
f 542//1974 1671//1974 1670//1974
f 542//1975 1670//1975 1669//1975
f 542//1976 1669//1976 545//1976
f 545//1977 1669//1977 1668//1977
f 545//1978 1668//1978 1667//1978
f 1664//1979 1676//1979 1667//1979
f 1667//1980 1676//1980 549//1980
f 1667//1981 549//1981 547//1981
f 1613//1982 1677//1982 1664//1982
f 1664//1983 1677//1983 551//1983
f 1664//1984 551//1984 1676//1984
f 1676//1985 551//1985 549//1985
f 1615//1986 555//1986 1613//1986
f 1613//1987 555//1987 553//1987
f 1613//1988 553//1988 1677//1988
f 1677//1989 553//1989 551//1989
f 555//1990 1615//1990 1678//1990
f 1678//1991 1615//1991 1679//1991
f 1678//1992 1679//1992 1680//1992
f 1681//1993 1682//1993 1680//1993
f 1680//1994 1682//1994 557//1994
f 1680//1995 557//1995 1678//1995
f 1678//1996 557//1996 555//1996
f 1681//1997 1683//1997 1682//1997
f 1682//1998 1683//1998 1684//1998
f 1682//1999 1684//1999 559//1999
f 559//2000 1684//2000 1685//2000
f 559//2001 1685//2001 1686//2001
f 1686//2002 1685//2002 1687//2002
f 1686//2003 1687//2003 1688//2003
f 1683//2004 1689//2004 1684//2004
f 1684//2005 1689//2005 1690//2005
f 1684//2006 1690//2006 1685//2006
f 1685//2007 1690//2007 1687//2007
f 1688//2008 1691//2008 1686//2008
f 1686//2009 1691//2009 1692//2009
f 1686//2010 1692//2010 562//2010
f 562//2011 1692//2011 1693//2011
f 562//2012 1693//2012 1694//2012
f 1694//2013 1693//2013 1695//2013
f 1694//2014 1695//2014 1696//2014
f 1691//2015 1697//2015 1692//2015
f 1692//2016 1697//2016 1693//2016
f 1697//2017 1698//2017 1693//2017
f 1693//2018 1698//2018 1695//2018
f 1694//2019 1696//2019 1699//2019
f 1699//2020 1696//2020 1700//2020
f 1699//2021 1700//2021 1701//2021
f 1701//2022 1700//2022 1702//2022
f 1701//2023 1702//2023 1703//2023
f 1701//2024 1703//2024 1704//2024
f 1704//2025 1703//2025 1705//2025
f 1704//2026 1705//2026 1706//2026
f 1706//2027 1705//2027 1707//2027
f 1706//2028 1707//2028 1708//2028
f 1708//2029 1707//2029 1709//2029
f 1708//2030 1709//2030 1710//2030
f 1710//2031 1709//2031 1711//2031
f 1710//2032 1711//2032 1712//2032
f 1710//2033 1712//2033 1713//2033
f 1713//2034 1712//2034 1714//2034
f 1713//2035 1714//2035 1715//2035
f 1715//2036 1714//2036 1716//2036
f 1715//2037 1716//2037 579//2037
f 579//2038 1716//2038 1717//2038
f 579//2039 1717//2039 581//2039
f 581//2040 1717//2040 1718//2040
f 581//2041 1718//2041 1719//2041
f 1719//2042 1718//2042 1720//2042
f 1719//2043 1720//2043 583//2043
f 583//2044 1720//2044 1721//2044
f 583//2045 1721//2045 585//2045
f 585//2046 1721//2046 1722//2046
f 585//2047 1722//2047 587//2047
f 587//2048 1722//2048 1723//2048
f 587//2049 1723//2049 590//2049
f 590//2050 1723//2050 1724//2050
f 590//2051 1724//2051 592//2051
f 592//2052 1724//2052 1725//2052
f 592//2053 1725//2053 594//2053
f 594//2054 1725//2054 1726//2054
f 594//2055 1726//2055 595//2055
f 595//2056 1726//2056 597//2056
f 597//2057 1726//2057 598//2057
f 598//2058 1726//2058 1727//2058
f 598//2059 1727//2059 600//2059
f 600//2060 1727//2060 1728//2060
f 600//2061 1728//2061 603//2061
f 603//2062 1728//2062 1729//2062
f 603//2063 1729//2063 605//2063
f 605//2064 1729//2064 1730//2064
f 605//2065 1730//2065 607//2065
f 607//2066 1730//2066 609//2066
f 1716//2067 1718//2067 1717//2067
f 583//2068 581//2068 1719//2068
f 579//2069 577//2069 1715//2069
f 1715//2070 577//2070 1713//2070
f 577//2071 575//2071 1713//2071
f 1713//2072 575//2072 1710//2072
f 575//2073 572//2073 1710//2073
f 1710//2074 572//2074 1708//2074
f 572//2075 566//2075 1708//2075
f 1708//2076 566//2076 1706//2076
f 562//2077 1699//2077 566//2077
f 566//2078 1699//2078 1701//2078
f 566//2079 1701//2079 1704//2079
f 562//2080 559//2080 1686//2080
f 559//2081 557//2081 1682//2081
f 547//2082 545//2082 1667//2082
f 1699//2083 562//2083 1694//2083
f 1706//2084 566//2084 1704//2084
f 1615//2085 1617//2085 1679//2085
f 1679//2086 1617//2086 1619//2086
f 1679//2087 1619//2087 1680//2087
f 1680//2088 1619//2088 1620//2088
f 1680//2089 1620//2089 1681//2089
f 1681//2090 1620//2090 1683//2090
f 1683//2091 1620//2091 1622//2091
f 1622//2092 1624//2092 1683//2092
f 1683//2093 1624//2093 1689//2093
f 1689//2094 1624//2094 1625//2094
f 1689//2095 1625//2095 1690//2095
f 1690//2096 1625//2096 868//2096
f 1690//2097 868//2097 1007//2097
f 1690//2098 1007//2098 1687//2098
f 1687//2099 1007//2099 1006//2099
f 1687//2100 1006//2100 1688//2100
f 1688//2101 1006//2101 1008//2101
f 1688//2102 1008//2102 1691//2102
f 1691//2103 1008//2103 1010//2103
f 1691//2104 1010//2104 1697//2104
f 1697//2105 1010//2105 1011//2105
f 1697//2106 1011//2106 1698//2106
f 1698//2107 1011//2107 1013//2107
f 1698//2108 1013//2108 1695//2108
f 1695//2109 1013//2109 1014//2109
f 1695//2110 1014//2110 1696//2110
f 1696//2111 1014//2111 1016//2111
f 1696//2112 1016//2112 1700//2112
f 1700//2113 1016//2113 1017//2113
f 1700//2114 1017//2114 1702//2114
f 1702//2115 1017//2115 1018//2115
f 1702//2116 1018//2116 1703//2116
f 1703//2117 1018//2117 1020//2117
f 1703//2118 1020//2118 1705//2118
f 1705//2119 1020//2119 1021//2119
f 1705//2120 1021//2120 1707//2120
f 1707//2121 1021//2121 1023//2121
f 1707//2122 1023//2122 1709//2122
f 1709//2123 1023//2123 1024//2123
f 1709//2124 1024//2124 1711//2124
f 1711//2125 1024//2125 1026//2125
f 1711//2126 1026//2126 1027//2126
f 1711//2127 1027//2127 1712//2127
f 1712//2128 1027//2128 1029//2128
f 1712//2129 1029//2129 1714//2129
f 1714//2130 1029//2130 1031//2130
f 1714//2131 1031//2131 1716//2131
f 1716//2132 1031//2132 1032//2132
f 1716//2133 1032//2133 1718//2133
f 1718//2134 1032//2134 1034//2134
f 1718//2135 1034//2135 1720//2135
f 1720//2136 1034//2136 1036//2136
f 1720//2137 1036//2137 1721//2137
f 1721//2138 1036//2138 1038//2138
f 1721//2139 1038//2139 1722//2139
f 1722//2140 1038//2140 1040//2140
f 1722//2141 1040//2141 1723//2141
f 1723//2142 1040//2142 1042//2142
f 1723//2143 1042//2143 1724//2143
f 1724//2144 1042//2144 1044//2144
f 1724//2145 1044//2145 1725//2145
f 1725//2146 1044//2146 1047//2146
f 1725//2147 1047//2147 1726//2147
f 1726//2148 1047//2148 1049//2148
f 1726//2149 1049//2149 1727//2149
f 1727//2150 1049//2150 1052//2150
f 1727//2151 1052//2151 1728//2151
f 1728//2152 1052//2152 1054//2152
f 1728//2153 1054//2153 1729//2153
f 1729//2154 1054//2154 1730//2154
f 1730//2155 1054//2155 1057//2155
f 1730//2156 1057//2156 609//2156
f 609//2157 1057//2157 1059//2157
f 609//2158 1059//2158 613//2158
f 613//2159 1059//2159 1062//2159
f 608//2160 610//2160 1061//2160
f 1061//2161 610//2161 611//2161
f 1061//2162 611//2162 1062//2162
f 1062//2163 611//2163 612//2163
f 1062//2164 612//2164 613//2164
f 869//2165 957//2165 1493//2165
f 1493//2166 957//2166 1576//2166
f 1493//2167 1576//2167 1570//2167
f 1493//2168 1570//2168 1532//2168
f 1532//2169 1570//2169 1569//2169
f 1532//2170 1569//2170 1531//2170
f 1531//2171 1569//2171 1575//2171
f 1531//2172 1575//2172 1530//2172
f 1530//2173 1575//2173 1574//2173
f 1530//2174 1574//2174 1559//2174
f 1559//2175 1574//2175 1573//2175
f 1559//2176 1573//2176 1560//2176
f 1560//2177 1573//2177 1572//2177
f 1560//2178 1572//2178 1561//2178
f 1561//2179 1572//2179 1571//2179
f 1561//2180 1571//2180 1562//2180
f 1562//2181 1571//2181 1526//2181
f 966//2182 673//2182 968//2182
f 968//2183 673//2183 672//2183
f 968//2184 672//2184 972//2184
f 972//2185 672//2185 671//2185
f 972//2186 671//2186 973//2186
f 973//2187 671//2187 670//2187
f 973//2188 670//2188 974//2188
f 974//2189 670//2189 969//2189
f 969//2190 670//2190 667//2190
f 969//2191 667//2191 970//2191
f 970//2192 667//2192 1605//2192
f 970//2193 1605//2193 971//2193
f 971//2194 1605//2194 1604//2194
f 971//2195 1604//2195 975//2195
f 975//2196 1604//2196 976//2196
f 976//2197 1604//2197 1603//2197
f 976//2198 1603//2198 977//2198
f 977//2199 1603//2199 978//2199
f 978//2200 1603//2200 1602//2200
f 978//2201 1602//2201 979//2201
f 979//2202 1602//2202 1601//2202
f 979//2203 1601//2203 980//2203
f 980//2204 1601//2204 981//2204
f 981//2205 1601//2205 1600//2205
f 981//2206 1600//2206 982//2206
f 982//2207 1600//2207 983//2207
f 983//2208 1600//2208 1599//2208
f 983//2209 1599//2209 984//2209
f 984//2210 1599//2210 1598//2210
f 984//2211 1598//2211 985//2211
f 985//2212 1598//2212 1597//2212
f 985//2213 1597//2213 986//2213
f 986//2214 1597//2214 1596//2214
f 986//2215 1596//2215 987//2215
f 987//2216 1596//2216 1595//2216
f 987//2217 1595//2217 988//2217
f 988//2218 1595//2218 1594//2218
f 988//2219 1594//2219 989//2219
f 989//2220 1594//2220 1593//2220
f 989//2221 1593//2221 990//2221
f 990//2222 1593//2222 1591//2222
f 990//2223 1591//2223 991//2223
f 991//2224 1591//2224 1590//2224
f 991//2225 1590//2225 992//2225
f 992//2226 1590//2226 1589//2226
f 992//2227 1589//2227 993//2227
f 993//2228 1589//2228 1587//2228
f 993//2229 1587//2229 994//2229
f 994//2230 1587//2230 995//2230
f 995//2231 1587//2231 1586//2231
f 995//2232 1586//2232 996//2232
f 996//2233 1586//2233 1581//2233
f 996//2234 1581//2234 997//2234
f 997//2235 1581//2235 1580//2235
f 997//2236 1580//2236 998//2236
f 998//2237 1580//2237 1585//2237
f 998//2238 1585//2238 961//2238
f 961//2239 1585//2239 1584//2239
f 961//2240 1584//2240 960//2240
f 960//2241 1584//2241 1583//2241
f 960//2242 1583//2242 959//2242
f 959//2243 1583//2243 1582//2243
f 959//2244 1582//2244 958//2244
f 958//2245 1582//2245 1576//2245
f 958//2246 1576//2246 957//2246
f 98//2247 53//2247 1731//2247
f 1731//2248 53//2248 51//2248
f 1731//2249 51//2249 1732//2249
f 1732//2250 51//2250 49//2250
f 1732//2251 49//2251 386//2251
f 386//2252 49//2252 1733//2252
f 386//2253 1733//2253 384//2253
f 384//2254 1733//2254 383//2254
f 383//2255 1733//2255 1734//2255
f 383//2256 1734//2256 381//2256
f 381//2257 1734//2257 43//2257
f 381//2258 43//2258 41//2258
f 1733//2259 49//2259 1734//2259
f 1734//2260 49//2260 43//2260
f 381//2261 41//2261 379//2261
f 379//2262 41//2262 40//2262
f 379//2263 40//2263 377//2263
f 377//2264 40//2264 38//2264
f 377//2265 38//2265 36//2265
f 377//2266 36//2266 376//2266
f 376//2267 36//2267 33//2267
f 376//2268 33//2268 374//2268
f 374//2269 33//2269 31//2269
f 374//2270 31//2270 372//2270
f 372//2271 31//2271 29//2271
f 372//2272 29//2272 370//2272
f 370//2273 29//2273 25//2273
f 370//2274 25//2274 368//2274
f 368//2275 25//2275 22//2275
f 368//2276 22//2276 366//2276
f 366//2277 22//2277 17//2277
f 366//2278 17//2278 364//2278
f 364//2279 17//2279 19//2279
f 364//2280 19//2280 362//2280
f 362//2281 19//2281 21//2281
f 386//2282 388//2282 1732//2282
f 1732//2283 388//2283 1731//2283
f 388//2284 390//2284 1731//2284
f 1731//2285 390//2285 1735//2285
f 1731//2286 1735//2286 98//2286
f 98//2287 1735//2287 99//2287
f 99//2288 1735//2288 100//2288
f 100//2289 1735//2289 101//2289
f 101//2290 1735//2290 102//2290
f 102//2291 1735//2291 1736//2291
f 102//2292 1736//2292 105//2292
f 105//2293 1736//2293 715//2293
f 715//2294 1736//2294 1737//2294
f 715//2295 1737//2295 717//2295
f 717//2296 1737//2296 1738//2296
f 717//2297 1738//2297 720//2297
f 720//2298 1738//2298 1739//2298
f 720//2299 1739//2299 723//2299
f 723//2300 1739//2300 1740//2300
f 723//2301 1740//2301 726//2301
f 726//2302 1740//2302 728//2302
f 728//2303 1740//2303 1741//2303
f 728//2304 1741//2304 731//2304
f 731//2305 1741//2305 688//2305
f 731//2306 688//2306 734//2306
f 734//2307 688//2307 690//2307
f 734//2308 690//2308 737//2308
f 737//2309 690//2309 692//2309
f 737//2310 692//2310 740//2310
f 740//2311 692//2311 694//2311
f 740//2312 694//2312 742//2312
f 742//2313 694//2313 744//2313
f 744//2314 694//2314 746//2314
f 746//2315 694//2315 696//2315
f 746//2316 696//2316 748//2316
f 748//2317 696//2317 750//2317
f 750//2318 696//2318 698//2318
f 750//2319 698//2319 752//2319
f 752//2320 698//2320 754//2320
f 754//2321 698//2321 756//2321
f 756//2322 698//2322 700//2322
f 756//2323 700//2323 758//2323
f 758//2324 700//2324 760//2324
f 760//2325 700//2325 762//2325
f 762//2326 700//2326 713//2326
f 390//2327 392//2327 1735//2327
f 1735//2328 392//2328 1736//2328
f 392//2329 394//2329 1736//2329
f 1736//2330 394//2330 1737//2330
f 394//2331 680//2331 1737//2331
f 1737//2332 680//2332 1738//2332
f 680//2333 682//2333 1738//2333
f 1738//2334 682//2334 1739//2334
f 682//2335 684//2335 1739//2335
f 1739//2336 684//2336 1740//2336
f 684//2337 686//2337 1740//2337
f 1740//2338 686//2338 1741//2338
f 686//2339 688//2339 1741//2339
f 870//2340 1742//2340 871//2340
f 871//2341 1742//2341 1743//2341
f 871//2342 1743//2342 925//2342
f 925//2343 1743//2343 1744//2343
f 925//2344 1744//2344 926//2344
f 926//2345 1744//2345 1745//2345
f 926//2346 1745//2346 927//2346
f 927//2347 1745//2347 1746//2347
f 927//2348 1746//2348 928//2348
f 928//2349 1746//2349 929//2349
f 929//2350 1746//2350 1747//2350
f 929//2351 1747//2351 930//2351
f 930//2352 1747//2352 1748//2352
f 930//2353 1748//2353 931//2353
f 931//2354 1748//2354 932//2354
f 932//2355 1748//2355 1749//2355
f 932//2356 1749//2356 933//2356
f 933//2357 1749//2357 1750//2357
f 933//2358 1750//2358 934//2358
f 934//2359 1750//2359 1751//2359
f 934//2360 1751//2360 935//2360
f 935//2361 1751//2361 1752//2361
f 935//2362 1752//2362 936//2362
f 936//2363 1752//2363 1753//2363
f 936//2364 1753//2364 937//2364
f 937//2365 1753//2365 1754//2365
f 937//2366 1754//2366 938//2366
f 938//2367 1754//2367 1755//2367
f 938//2368 1755//2368 939//2368
f 939//2369 1755//2369 1756//2369
f 939//2370 1756//2370 1757//2370
f 939//2371 1757//2371 940//2371
f 940//2372 1757//2372 1758//2372
f 940//2373 1758//2373 941//2373
f 941//2374 1758//2374 1759//2374
f 941//2375 1759//2375 942//2375
f 942//2376 1759//2376 1760//2376
f 942//2377 1760//2377 943//2377
f 943//2378 1760//2378 1761//2378
f 943//2379 1761//2379 944//2379
f 944//2380 1761//2380 1762//2380
f 944//2381 1762//2381 945//2381
f 945//2382 1762//2382 1763//2382
f 945//2383 1763//2383 946//2383
f 946//2384 1763//2384 1764//2384
f 946//2385 1764//2385 947//2385
f 947//2386 1764//2386 1765//2386
f 947//2387 1765//2387 948//2387
f 948//2388 1765//2388 1766//2388
f 948//2389 1766//2389 949//2389
f 949//2390 1766//2390 1767//2390
f 949//2391 1767//2391 950//2391
f 950//2392 1767//2392 1768//2392
f 950//2393 1768//2393 951//2393
f 951//2394 1768//2394 1769//2394
f 951//2395 1769//2395 952//2395
f 952//2396 1769//2396 1770//2396
f 952//2397 1770//2397 953//2397
f 953//2398 1770//2398 1771//2398
f 953//2399 1771//2399 954//2399
f 954//2400 1771//2400 1772//2400
f 954//2401 1772//2401 955//2401
f 955//2402 1772//2402 1773//2402
f 955//2403 1773//2403 956//2403
f 956//2404 1773//2404 1774//2404
f 956//2405 1774//2405 679//2405
f 956//2406 679//2406 962//2406
f 962//2407 679//2407 677//2407
f 962//2408 677//2408 676//2408
f 962//2409 676//2409 963//2409
f 963//2410 676//2410 666//2410
f 963//2411 666//2411 665//2411
f 963//2412 665//2412 964//2412
f 964//2413 665//2413 669//2413
f 964//2414 669//2414 965//2414
f 965//2415 669//2415 668//2415
f 965//2416 668//2416 675//2416
f 674//2417 967//2417 675//2417
f 675//2418 967//2418 965//2418
f 1775//2419 1776//2419 631//2419
f 631//2420 1776//2420 1777//2420
f 631//2421 1777//2421 629//2421
f 629//2422 1777//2422 1778//2422
f 629//2423 1778//2423 627//2423
f 627//2424 1778//2424 1779//2424
f 627//2425 1779//2425 625//2425
f 625//2426 1779//2426 1780//2426
f 625//2427 1780//2427 623//2427
f 623//2428 1780//2428 1781//2428
f 623//2429 1781//2429 621//2429
f 621//2430 1781//2430 1782//2430
f 621//2431 1782//2431 619//2431
f 619//2432 1782//2432 1783//2432
f 619//2433 1783//2433 617//2433
f 617//2434 1783//2434 361//2434
f 631//2435 633//2435 1775//2435
f 1775//2436 633//2436 1784//2436
f 1784//2437 633//2437 635//2437
f 1784//2438 635//2438 1785//2438
f 1785//2439 635//2439 637//2439
f 1785//2440 637//2440 1786//2440
f 1786//2441 637//2441 639//2441
f 1786//2442 639//2442 1787//2442
f 1787//2443 639//2443 642//2443
f 1787//2444 642//2444 1788//2444
f 1788//2445 642//2445 1789//2445
f 1788//2446 1789//2446 1790//2446
f 1790//2447 1789//2447 1791//2447
f 1791//2448 1789//2448 1792//2448
f 1791//2449 1792//2449 1793//2449
f 1793//2450 1792//2450 648//2450
f 1793//2451 648//2451 650//2451
f 642//2452 644//2452 1789//2452
f 1789//2453 644//2453 646//2453
f 1789//2454 646//2454 1792//2454
f 1792//2455 646//2455 648//2455
f 652//2456 1794//2456 650//2456
f 650//2457 1794//2457 1795//2457
f 650//2458 1795//2458 1793//2458
f 1793//2459 1795//2459 1796//2459
f 1793//2460 1796//2460 1791//2460
f 1794//2461 652//2461 1797//2461
f 1797//2462 652//2462 654//2462
f 1797//2463 654//2463 1798//2463
f 1798//2464 654//2464 1799//2464
f 1798//2465 1799//2465 1746//2465
f 1746//2466 1799//2466 1747//2466
f 1747//2467 1799//2467 1748//2467
f 1748//2468 1799//2468 1800//2468
f 1748//2469 1800//2469 1749//2469
f 1749//2470 1800//2470 1750//2470
f 1750//2471 1800//2471 1801//2471
f 1750//2472 1801//2472 1751//2472
f 1751//2473 1801//2473 1752//2473
f 1752//2474 1801//2474 1802//2474
f 1752//2475 1802//2475 1753//2475
f 1753//2476 1802//2476 1754//2476
f 1754//2477 1802//2477 1803//2477
f 1754//2478 1803//2478 1755//2478
f 1755//2479 1803//2479 1756//2479
f 1756//2480 1803//2480 1804//2480
f 1756//2481 1804//2481 1757//2481
f 1757//2482 1804//2482 1758//2482
f 1758//2483 1804//2483 1805//2483
f 1758//2484 1805//2484 1759//2484
f 1759//2485 1805//2485 1806//2485
f 1759//2486 1806//2486 1760//2486
f 1760//2487 1806//2487 660//2487
f 1760//2488 660//2488 1761//2488
f 1761//2489 660//2489 662//2489
f 1761//2490 662//2490 1762//2490
f 1762//2491 662//2491 1763//2491
f 1763//2492 662//2492 1764//2492
f 1764//2493 662//2493 1765//2493
f 1765//2494 662//2494 1766//2494
f 1766//2495 662//2495 664//2495
f 1766//2496 664//2496 1767//2496
f 1767//2497 664//2497 1768//2497
f 1768//2498 664//2498 1769//2498
f 1769//2499 664//2499 1770//2499
f 1770//2500 664//2500 1771//2500
f 1771//2501 664//2501 678//2501
f 1771//2502 678//2502 1772//2502
f 1772//2503 678//2503 1773//2503
f 1773//2504 678//2504 1774//2504
f 654//2505 656//2505 1799//2505
f 1799//2506 656//2506 1800//2506
f 1800//2507 656//2507 1801//2507
f 1801//2508 656//2508 658//2508
f 1801//2509 658//2509 1802//2509
f 1802//2510 658//2510 1803//2510
f 658//2511 660//2511 1803//2511
f 1803//2512 660//2512 1804//2512
f 1746//2513 1745//2513 1798//2513
f 1798//2514 1745//2514 1744//2514
f 1798//2515 1744//2515 1797//2515
f 1797//2516 1744//2516 1743//2516
f 1797//2517 1743//2517 1742//2517
f 1742//2518 1807//2518 1797//2518
f 1797//2519 1807//2519 1794//2519
f 1807//2520 1808//2520 1794//2520
f 1794//2521 1808//2521 1795//2521
f 1808//2522 1796//2522 1795//2522
f 1788//2523 1786//2523 1787//2523
f 1805//2524 1804//2524 660//2524
f 1805//2525 660//2525 1806//2525
f 678//2526 679//2526 1774//2526
f 674//2527 673//2527 967//2527
f 967//2527 673//2527 966//2527
f 361//2528 1783//2528 363//2528
f 363//2529 1783//2529 1782//2529
f 363//2530 1782//2530 365//2530
f 365//2531 1782//2531 1781//2531
f 365//2532 1781//2532 367//2532
f 367//2533 1781//2533 1780//2533
f 367//2534 1780//2534 369//2534
f 369//2535 1780//2535 1779//2535
f 369//2536 1779//2536 371//2536
f 371//2537 1779//2537 1778//2537
f 371//2538 1778//2538 373//2538
f 373//2539 1778//2539 1777//2539
f 373//2540 1777//2540 375//2540
f 375//2541 1777//2541 1776//2541
f 375//2542 1776//2542 1809//2542
f 1809//2543 1810//2543 375//2543
f 375//2544 1810//2544 378//2544
f 378//2545 1810//2545 1811//2545
f 378//2546 1811//2546 1812//2546
f 378//2547 1812//2547 380//2547
f 380//2548 1812//2548 1813//2548
f 380//2549 1813//2549 1814//2549
f 1814//2550 1813//2550 1815//2550
f 1814//2551 1815//2551 382//2551
f 382//2552 1815//2552 1816//2552
f 382//2553 1816//2553 385//2553
f 385//2554 1816//2554 387//2554
f 387//2555 1816//2555 1817//2555
f 387//2556 1817//2556 389//2556
f 389//2557 1817//2557 1818//2557
f 389//2558 1818//2558 391//2558
f 391//2559 1818//2559 1819//2559
f 391//2560 1819//2560 393//2560
f 393//2561 1819//2561 1820//2561
f 393//2562 1820//2562 395//2562
f 395//2563 1820//2563 1821//2563
f 395//2564 1821//2564 396//2564
f 396//2565 1821//2565 1822//2565
f 396//2566 1822//2566 681//2566
f 681//2567 1822//2567 1823//2567
f 681//2568 1823//2568 683//2568
f 683//2569 1823//2569 1824//2569
f 683//2570 1824//2570 685//2570
f 685//2571 1824//2571 1825//2571
f 685//2572 1825//2572 687//2572
f 687//2573 1825//2573 1826//2573
f 687//2574 1826//2574 1827//2574
f 1815//2575 1828//2575 1816//2575
f 1816//2576 1828//2576 1817//2576
f 1828//2577 1829//2577 1817//2577
f 1817//2578 1829//2578 1818//2578
f 1829//2579 1830//2579 1818//2579
f 1818//2580 1830//2580 1819//2580
f 1830//2581 1831//2581 1819//2581
f 1819//2582 1831//2582 1820//2582
f 1831//2583 1832//2583 1820//2583
f 1820//2584 1832//2584 1821//2584
f 1832//2585 1833//2585 1821//2585
f 1821//2586 1833//2586 1834//2586
f 1821//2587 1834//2587 1822//2587
f 1822//2588 1834//2588 1835//2588
f 1822//2589 1835//2589 1836//2589
f 1836//2590 1837//2590 1822//2590
f 1822//2591 1837//2591 1823//2591
f 1837//2592 1838//2592 1823//2592
f 1823//2593 1838//2593 1839//2593
f 1823//2594 1839//2594 1824//2594
f 1824//2595 1839//2595 1840//2595
f 1824//2596 1840//2596 1841//2596
f 1841//2597 1825//2597 1824//2597
f 687//2598 1827//2598 689//2598
f 689//2599 1827//2599 1842//2599
f 689//2600 1842//2600 691//2600
f 691//2601 1842//2601 1843//2601
f 691//2602 1843//2602 693//2602
f 693//2603 1843//2603 1844//2603
f 693//2604 1844//2604 1845//2604
f 693//2605 1845//2605 695//2605
f 695//2606 1845//2606 1846//2606
f 695//2607 1846//2607 697//2607
f 697//2608 1846//2608 1847//2608
f 697//2609 1847//2609 699//2609
f 699//2610 1847//2610 1848//2610
f 699//2611 1848//2611 1849//2611
f 1849//2612 1850//2612 699//2612
f 699//2613 1850//2613 703//2613
f 382//2614 380//2614 1814//2614
f 1776//2615 1775//2615 1809//2615
f 1809//2616 1775//2616 1810//2616
f 1810//2617 1775//2617 1784//2617
f 1810//2618 1784//2618 1811//2618
f 1811//2619 1784//2619 1785//2619
f 1811//2620 1785//2620 1812//2620
f 1812//2621 1785//2621 1786//2621
f 1812//2622 1786//2622 1788//2622
f 1790//2623 1815//2623 1788//2623
f 1788//2624 1815//2624 1813//2624
f 1788//2625 1813//2625 1812//2625
f 1815//2626 1790//2626 1828//2626
f 1828//2627 1790//2627 1791//2627
f 1828//2628 1791//2628 1829//2628
f 1829//2629 1791//2629 1796//2629
f 1829//2630 1796//2630 1830//2630
f 1830//2631 1796//2631 1808//2631
f 1830//2632 1808//2632 1831//2632
f 1831//2633 1808//2633 1807//2633
f 708//2634 709//2634 766//2634
f 766//2635 709//2635 710//2635
f 766//2636 710//2636 896//2636
f 896//2637 710//2637 711//2637
f 896//2638 711//2638 712//2638
f 870//2639 924//2639 1742//2639
f 1742//2640 924//2640 1832//2640
f 1742//2641 1832//2641 1831//2641
f 1832//2642 924//2642 1833//2642
f 1833//2643 924//2643 923//2643
f 1833//2644 923//2644 1834//2644
f 1834//2645 923//2645 922//2645
f 1834//2646 922//2646 1835//2646
f 1835//2647 922//2647 921//2647
f 1835//2648 921//2648 1836//2648
f 1836//2649 921//2649 920//2649
f 1836//2650 920//2650 1837//2650
f 1837//2651 920//2651 919//2651
f 1837//2652 919//2652 1838//2652
f 1838//2653 919//2653 918//2653
f 1838//2654 918//2654 1839//2654
f 1839//2655 918//2655 1840//2655
f 1840//2656 918//2656 917//2656
f 1840//2657 917//2657 1841//2657
f 1841//2658 917//2658 916//2658
f 1841//2659 916//2659 1825//2659
f 1825//2660 916//2660 915//2660
f 1825//2661 915//2661 914//2661
f 1825//2662 914//2662 1826//2662
f 1826//2663 914//2663 913//2663
f 1826//2664 913//2664 912//2664
f 1826//2665 912//2665 1827//2665
f 1827//2666 912//2666 911//2666
f 1827//2667 911//2667 1842//2667
f 1842//2668 911//2668 910//2668
f 1842//2669 910//2669 1843//2669
f 1843//2670 910//2670 909//2670
f 1843//2671 909//2671 908//2671
f 1843//2672 908//2672 1844//2672
f 1844//2673 908//2673 907//2673
f 1844//2674 907//2674 1845//2674
f 1845//2675 907//2675 874//2675
f 1845//2676 874//2676 873//2676
f 1845//2677 873//2677 1846//2677
f 1846//2678 873//2678 872//2678
f 1846//2679 872//2679 906//2679
f 1846//2680 906//2680 1847//2680
f 1847//2681 906//2681 905//2681
f 1847//2682 905//2682 1848//2682
f 1848//2683 905//2683 867//2683
f 1848//2684 867//2684 1849//2684
f 1849//2685 867//2685 866//2685
f 1849//2686 866//2686 1850//2686
f 1850//2687 866//2687 902//2687
f 1850//2688 902//2688 703//2688
f 703//2689 902//2689 901//2689
f 703//2690 901//2690 701//2690
f 701//2691 901//2691 900//2691
f 701//2692 900//2692 702//2692
f 702//2693 900//2693 898//2693
f 702//2694 898//2694 705//2694
f 705//2695 898//2695 897//2695
f 705//2696 897//2696 706//2696
f 706//2697 897//2697 707//2697
f 707//2698 897//2698 896//2698
f 707//2699 896//2699 712//2699
f 1831//2700 1807//2700 1742//2700
f 1385//2701 1851//2701 1291//2701
f 1291//2702 1851//2702 303//2702
f 1291//2703 303//2703 1852//2703
f 1852//2704 303//2704 306//2704
f 1852//2705 306//2705 1853//2705
f 1853//2706 306//2706 309//2706
f 1853//2707 309//2707 1854//2707
f 1854//2708 309//2708 1855//2708
f 1854//2709 1855//2709 1856//2709
f 1856//2710 1855//2710 1857//2710
f 1857//2711 1855//2711 1858//2711
f 1857//2712 1858//2712 1859//2712
f 1859//2713 1858//2713 1860//2713
f 1860//2714 1858//2714 1861//2714
f 1860//2715 1861//2715 1862//2715
f 1862//2716 1861//2716 1863//2716
f 1863//2717 1861//2717 1864//2717
f 1863//2718 1864//2718 1865//2718
f 1865//2719 1864//2719 1866//2719
f 1865//2720 1866//2720 1867//2720
f 1867//2721 1866//2721 1868//2721
f 1868//2722 1866//2722 1869//2722
f 1868//2723 1869//2723 1870//2723
f 1870//2724 1869//2724 1871//2724
f 1871//2725 1869//2725 1872//2725
f 1871//2726 1872//2726 1873//2726
f 1873//2727 1872//2727 1874//2727
f 1874//2728 1872//2728 1875//2728
f 1874//2729 1875//2729 1876//2729
f 1876//2730 1875//2730 323//2730
f 1876//2731 323//2731 1877//2731
f 1877//2732 323//2732 326//2732
f 1877//2733 326//2733 1878//2733
f 1878//2734 326//2734 1879//2734
f 1879//2735 326//2735 1880//2735
f 1880//2736 326//2736 328//2736
f 1880//2737 328//2737 1881//2737
f 1881//2738 328//2738 1882//2738
f 1882//2739 328//2739 1883//2739
f 1883//2740 328//2740 330//2740
f 1883//2741 330//2741 1884//2741
f 1884//2742 330//2742 1885//2742
f 1885//2743 330//2743 332//2743
f 1885//2744 332//2744 1886//2744
f 1886//2745 332//2745 1887//2745
f 1887//2746 332//2746 334//2746
f 1887//2747 334//2747 1888//2747
f 1888//2748 334//2748 1889//2748
f 1889//2749 334//2749 1890//2749
f 1890//2750 334//2750 1891//2750
f 1891//2751 334//2751 350//2751
f 1384//2752 1892//2752 1385//2752
f 1385//2753 1892//2753 1893//2753
f 1385//2754 1893//2754 1851//2754
f 1851//2755 1893//2755 299//2755
f 1851//2756 299//2756 301//2756
f 1892//2757 1384//2757 1894//2757
f 1894//2758 1384//2758 1383//2758
f 1894//2759 1383//2759 295//2759
f 295//2760 1383//2760 293//2760
f 293//2761 1383//2761 1895//2761
f 293//2762 1895//2762 1896//2762
f 1896//2763 1895//2763 1382//2763
f 1896//2764 1382//2764 291//2764
f 291//2765 1382//2765 1381//2765
f 291//2766 1381//2766 289//2766
f 289//2767 1381//2767 1380//2767
f 289//2768 1380//2768 287//2768
f 287//2769 1380//2769 285//2769
f 285//2770 1380//2770 1379//2770
f 285//2771 1379//2771 283//2771
f 283//2772 1379//2772 1378//2772
f 283//2773 1378//2773 281//2773
f 281//2774 1378//2774 1377//2774
f 281//2775 1377//2775 1376//2775
f 1383//2776 1382//2776 1895//2776
f 281//2777 1376//2777 279//2777
f 279//2778 1376//2778 1375//2778
f 279//2779 1375//2779 1374//2779
f 1373//2780 277//2780 1374//2780
f 1374//2781 277//2781 276//2781
f 1374//2782 276//2782 279//2782
f 277//2783 1373//2783 278//2783
f 278//2784 1373//2784 1372//2784
f 278//2785 1372//2785 351//2785
f 351//2786 1372//2786 1371//2786
f 351//2787 1371//2787 352//2787
f 352//2788 1371//2788 1370//2788
f 352//2789 1370//2789 353//2789
f 353//2790 1370//2790 1369//2790
f 353//2791 1369//2791 177//2791
f 177//2792 1369//2792 1368//2792
f 177//2793 1368//2793 178//2793
f 178//2794 1368//2794 1367//2794
f 178//2795 1367//2795 354//2795
f 354//2796 1367//2796 1366//2796
f 354//2797 1366//2797 355//2797
f 355//2798 1366//2798 1365//2798
f 355//2799 1365//2799 356//2799
f 356//2800 1365//2800 1364//2800
f 356//2801 1364//2801 1416//2801
f 1416//2802 357//2802 356//2802
f 291//2803 293//2803 1896//2803
f 1894//2804 295//2804 1892//2804
f 1892//2805 295//2805 297//2805
f 1892//2806 297//2806 1893//2806
f 1893//2807 297//2807 299//2807
f 301//2808 303//2808 1851//2808
f 309//2809 312//2809 1855//2809
f 1855//2810 312//2810 1858//2810
f 312//2811 314//2811 1858//2811
f 1858//2812 314//2812 1861//2812
f 314//2813 316//2813 1861//2813
f 1861//2814 316//2814 1864//2814
f 1864//2815 316//2815 1866//2815
f 1866//2816 316//2816 319//2816
f 1866//2817 319//2817 1869//2817
f 1869//2818 319//2818 321//2818
f 1869//2819 321//2819 1872//2819
f 1872//2820 321//2820 323//2820
f 1872//2821 323//2821 1875//2821
f 1878//2822 1897//2822 1877//2822
f 1877//2823 1897//2823 1876//2823
f 1856//2824 1898//2824 1854//2824
f 1854//2825 1898//2825 1899//2825
f 1854//2826 1899//2826 1900//2826
f 1854//2827 1900//2827 1853//2827
f 1853//2828 1900//2828 1297//2828
f 1853//2829 1297//2829 1289//2829
f 1853//2830 1289//2830 1852//2830
f 1852//2831 1289//2831 1291//2831
f 1297//2832 1900//2832 1298//2832
f 1298//2833 1900//2833 1899//2833
f 1298//2834 1899//2834 875//2834
f 875//2835 1899//2835 1171//2835
f 1171//2836 1899//2836 1898//2836
f 1171//2837 1898//2837 1856//2837
f 1171//2838 1856//2838 1172//2838
f 1172//2839 1856//2839 1857//2839
f 1172//2840 1857//2840 1173//2840
f 1173//2841 1857//2841 1859//2841
f 1173//2842 1859//2842 1174//2842
f 1174//2843 1859//2843 1860//2843
f 1174//2844 1860//2844 1862//2844
f 1174//2845 1862//2845 1175//2845
f 1175//2846 1862//2846 1863//2846
f 1175//2847 1863//2847 1176//2847
f 1176//2848 1863//2848 1865//2848
f 1176//2849 1865//2849 1177//2849
f 1177//2850 1865//2850 1867//2850
f 1177//2851 1867//2851 1868//2851
f 1177//2852 1868//2852 1178//2852
f 1178//2853 1868//2853 1870//2853
f 1178//2854 1870//2854 1179//2854
f 1179//2855 1870//2855 1871//2855
f 1179//2856 1871//2856 1180//2856
f 1180//2857 1871//2857 1873//2857
f 1180//2858 1873//2858 1181//2858
f 1181//2859 1873//2859 1874//2859
f 1181//2860 1874//2860 1876//2860
f 1181//2861 1876//2861 1182//2861
f 1182//2862 1876//2862 1897//2862
f 1182//2863 1897//2863 1183//2863
f 1183//2864 1897//2864 1878//2864
f 1183//2865 1878//2865 1184//2865
f 1184//2866 1878//2866 1879//2866
f 1184//2867 1879//2867 1185//2867
f 1185//2868 1879//2868 1880//2868
f 1185//2869 1880//2869 1186//2869
f 1186//2870 1880//2870 1881//2870
f 1186//2871 1881//2871 1187//2871
f 1187//2872 1881//2872 1882//2872
f 1187//2873 1882//2873 1188//2873
f 1188//2874 1882//2874 1883//2874
f 1188//2875 1883//2875 1210//2875
f 1210//2876 1883//2876 1884//2876
f 1210//2877 1884//2877 1212//2877
f 1212//2878 1884//2878 1885//2878
f 1212//2879 1885//2879 1214//2879
f 1214//2880 1885//2880 1886//2880
f 1214//2881 1886//2881 1216//2881
f 1216//2882 1886//2882 1887//2882
f 1216//2883 1887//2883 1218//2883
f 1218//2884 1887//2884 1888//2884
f 1218//2885 1888//2885 1220//2885
f 1220//2886 1888//2886 1889//2886
f 1220//2887 1889//2887 1222//2887
f 1222//2888 1889//2888 1224//2888
f 1224//2889 1889//2889 1890//2889
f 1224//2890 1890//2890 1226//2890
f 1226//2891 1890//2891 1891//2891
f 1226//2892 1891//2892 350//2892
f 1226//2893 350//2893 1227//2893
f 1227//2894 350//2894 349//2894
f 1227//2895 349//2895 1229//2895
f 1229//2896 349//2896 348//2896
f 1229//2897 348//2897 336//2897
f 1229//2898 336//2898 1231//2898
f 1231//2899 336//2899 335//2899
f 1231//2900 335//2900 1232//2900
f 1232//2901 335//2901 347//2901
f 1232//2902 347//2902 342//2902
f 341//2903 1233//2903 342//2903
f 342//2904 1233//2904 1232//2904
f 341//2905 346//2905 1233//2905
f 1233//2906 346//2906 345//2906
f 1233//2907 345//2907 1236//2907
f 1236//2908 345//2908 344//2908
f 1236//2909 344//2909 343//2909
f 343//2910 340//2910 1236//2910
f 1236//2911 340//2911 1234//2911
f 1234//2912 340//2912 339//2912
f 1234//2913 339//2913 1235//2913
f 339//2914 338//2914 1235//2914
f 1235//2915 338//2915 1230//2915
f 1230//2916 338//2916 337//2916
f 1230//2917 337//2917 1228//2917
f 1228//2918 337//2918 1901//2918
f 1228//2919 1901//2919 1225//2919
f 1225//2920 1901//2920 1902//2920
f 1225//2921 1902//2921 1223//2921
f 1223//2922 1902//2922 1903//2922
f 1223//2923 1903//2923 1221//2923
f 1221//2924 1903//2924 1904//2924
f 1221//2925 1904//2925 1219//2925
f 1219//2926 1904//2926 1905//2926
f 1219//2927 1905//2927 1217//2927
f 1217//2928 1905//2928 1215//2928
f 1215//2929 1905//2929 1906//2929
f 1215//2930 1906//2930 1213//2930
f 1213//2931 1906//2931 1907//2931
f 1213//2932 1907//2932 1211//2932
f 1211//2933 1907//2933 1908//2933
f 1211//2934 1908//2934 1209//2934
f 1209//2935 1908//2935 1909//2935
f 1209//2936 1909//2936 1208//2936
f 1208//2937 1909//2937 1910//2937
f 1208//2938 1910//2938 1207//2938
f 1207//2939 1910//2939 1911//2939
f 1207//2940 1911//2940 1206//2940
f 1206//2941 1911//2941 1912//2941
f 1206//2942 1912//2942 1205//2942
f 1205//2943 1912//2943 1913//2943
f 1205//2944 1913//2944 1204//2944
f 1204//2945 1913//2945 1914//2945
f 1204//2946 1914//2946 1203//2946
f 1203//2947 1914//2947 1915//2947
f 1203//2948 1915//2948 1916//2948
f 1203//2949 1916//2949 1202//2949
f 1202//2950 1916//2950 1917//2950
f 1202//2951 1917//2951 1201//2951
f 1201//2952 1917//2952 1918//2952
f 1201//2953 1918//2953 1200//2953
f 1200//2954 1918//2954 1919//2954
f 1200//2955 1919//2955 1199//2955
f 1199//2956 1919//2956 1920//2956
f 1199//2957 1920//2957 1198//2957
f 1198//2958 1920//2958 1197//2958
f 1197//2959 1920//2959 1921//2959
f 1197//2960 1921//2960 1196//2960
f 1196//2961 1921//2961 1922//2961
f 1196//2962 1922//2962 1195//2962
f 1195//2963 1922//2963 1194//2963
f 1194//2964 1922//2964 1923//2964
f 1194//2965 1923//2965 1193//2965
f 1193//2966 1923//2966 1192//2966
f 1192//2967 1923//2967 1924//2967
f 1192//2968 1924//2968 1191//2968
f 1191//2969 1924//2969 1190//2969
f 1190//2970 1924//2970 1925//2970
f 1190//2971 1925//2971 1189//2971
f 1189//2972 1925//2972 1926//2972
f 1189//2973 1926//2973 1170//2973
f 337//2974 333//2974 1901//2974
f 1901//2975 333//2975 1902//2975
f 1902//2976 333//2976 1903//2976
f 1903//2977 333//2977 331//2977
f 1903//2978 331//2978 1904//2978
f 1904//2979 331//2979 1905//2979
f 1905//2980 331//2980 329//2980
f 1905//2981 329//2981 1906//2981
f 1906//2982 329//2982 1907//2982
f 1907//2983 329//2983 1908//2983
f 1908//2984 329//2984 327//2984
f 1908//2985 327//2985 1909//2985
f 1909//2986 327//2986 1910//2986
f 1910//2987 327//2987 325//2987
f 1910//2988 325//2988 1911//2988
f 1911//2989 325//2989 1912//2989
f 1912//2990 325//2990 324//2990
f 1912//2991 324//2991 1913//2991
f 1913//2992 324//2992 1914//2992
f 1914//2993 324//2993 322//2993
f 1914//2994 322//2994 1915//2994
f 1915//2995 322//2995 1916//2995
f 1916//2996 322//2996 320//2996
f 1916//2997 320//2997 1917//2997
f 1917//2998 320//2998 1927//2998
f 1917//2999 1927//2999 1918//2999
f 1918//3000 1927//3000 1919//3000
f 1919//3001 1927//3001 318//3001
f 1919//3002 318//3002 1920//3002
f 1920//3003 318//3003 1928//3003
f 1920//3004 1928//3004 1921//3004
f 1921//3005 1928//3005 317//3005
f 1921//3006 317//3006 1929//3006
f 1929//3007 317//3007 315//3007
f 1929//3008 315//3008 1930//3008
f 1930//3009 315//3009 313//3009
f 1930//3010 313//3010 311//3010
f 320//3011 318//3011 1927//3011
f 318//3012 317//3012 1928//3012
f 1930//3013 311//3013 1931//3013
f 1931//3014 311//3014 310//3014
f 1931//3015 310//3015 1925//3015
f 1925//3016 310//3016 1926//3016
f 1926//3017 310//3017 1932//3017
f 1926//3018 1932//3018 1933//3018
f 1933//3019 1932//3019 1934//3019
f 1934//3020 1932//3020 307//3020
f 1934//3021 307//3021 305//3021
f 310//3022 308//3022 1932//3022
f 1932//3023 308//3023 307//3023
f 1934//3024 305//3024 1935//3024
f 1935//3025 305//3025 304//3025
f 1935//3026 304//3026 1936//3026
f 1936//3027 304//3027 302//3027
f 1936//3028 302//3028 1937//3028
f 1937//3029 302//3029 1938//3029
f 1938//3030 302//3030 300//3030
f 1938//3031 300//3031 1939//3031
f 1939//3032 300//3032 298//3032
f 1939//3033 298//3033 296//3033
f 1939//3034 296//3034 1940//3034
f 1940//3035 296//3035 294//3035
f 1940//3036 294//3036 1941//3036
f 1941//3037 294//3037 292//3037
f 1941//3038 292//3038 1942//3038
f 1942//3039 292//3039 290//3039
f 1942//3040 290//3040 1943//3040
f 1943//3041 290//3041 288//3041
f 1943//3042 288//3042 1944//3042
f 1944//3043 288//3043 286//3043
f 1944//3044 286//3044 1945//3044
f 1945//3045 286//3045 284//3045
f 1945//3046 284//3046 1946//3046
f 1946//3047 284//3047 1947//3047
f 1947//3048 284//3048 282//3048
f 1947//3049 282//3049 1948//3049
f 1948//3050 282//3050 1949//3050
f 1949//3051 282//3051 280//3051
f 1949//3052 280//3052 1950//3052
f 1950//3053 280//3053 1951//3053
f 1951//3054 280//3054 275//3054
f 1951//3055 275//3055 1952//3055
f 1952//3056 275//3056 176//3056
f 1937//3057 1953//3057 1936//3057
f 1936//3058 1953//3058 1935//3058
f 1953//3059 1934//3059 1935//3059
f 1925//3060 1924//3060 1931//3060
f 1931//3061 1924//3061 1930//3061
f 1924//3062 1923//3062 1930//3062
f 1930//3063 1923//3063 1922//3063
f 1930//3064 1922//3064 1929//3064
f 1929//3065 1922//3065 1921//3065
f 176//3066 179//3066 1952//3066
f 1952//3067 179//3067 1951//3067
f 1951//3068 179//3068 181//3068
f 1951//3069 181//3069 1950//3069
f 1950//3070 181//3070 183//3070
f 1950//3071 183//3071 1949//3071
f 1949//3072 183//3072 184//3072
f 1949//3073 184//3073 1948//3073
f 1948//3074 184//3074 186//3074
f 1948//3075 186//3075 1947//3075
f 1947//3076 186//3076 187//3076
f 1947//3077 187//3077 188//3077
f 188//3078 190//3078 1947//3078
f 1947//3079 190//3079 1946//3079
f 1946//3080 190//3080 191//3080
f 1946//3081 191//3081 1945//3081
f 1945//3082 191//3082 193//3082
f 1945//3083 193//3083 1944//3083
f 1944//3084 193//3084 195//3084
f 1944//3085 195//3085 1943//3085
f 1943//3086 195//3086 198//3086
f 1943//3087 198//3087 1942//3087
f 1942//3088 198//3088 1941//3088
f 1941//3089 198//3089 200//3089
f 1941//3090 200//3090 1940//3090
f 1940//3091 200//3091 203//3091
f 1940//3092 203//3092 1939//3092
f 1939//3093 203//3093 205//3093
f 1939//3094 205//3094 1938//3094
f 1938//3095 205//3095 207//3095
f 1938//3096 207//3096 1937//3096
f 1937//3097 207//3097 208//3097
f 1937//3098 208//3098 1953//3098
f 1953//3099 208//3099 210//3099
f 1953//3100 210//3100 1934//3100
f 1934//3101 210//3101 211//3101
f 1934//3102 211//3102 1933//3102
f 1933//3103 211//3103 213//3103
f 1933//3104 213//3104 214//3104
f 1933//3105 214//3105 1926//3105
f 1926//3106 214//3106 216//3106
f 1926//3107 216//3107 1170//3107
f 1170//3108 216//3108 1237//3108
f 1237//3109 216//3109 217//3109
f 1237//3110 217//3110 219//3110
f 1237//3111 219//3111 1238//3111
f 1238//3112 219//3112 221//3112
f 1238//3113 221//3113 1239//3113
f 1239//3114 221//3114 223//3114
f 1239//3115 223//3115 1240//3115
f 1240//3116 223//3116 224//3116
f 1240//3117 224//3117 1241//3117
f 1241//3118 224//3118 226//3118
f 1241//3119 226//3119 1242//3119
f 1242//3120 226//3120 228//3120
f 1242//3121 228//3121 1243//3121
f 1243//3122 228//3122 229//3122
f 1243//3123 229//3123 1244//3123
f 1244//3124 229//3124 1245//3124
f 1245//3125 229//3125 231//3125
f 1245//3126 231//3126 1246//3126
f 1246//3127 231//3127 232//3127
f 1246//3128 232//3128 1247//3128
f 1247//3129 232//3129 1248//3129
f 1248//3130 232//3130 266//3130
f 1248//3131 266//3131 1249//3131
f 1249//3132 266//3132 268//3132
f 1249//3133 268//3133 1250//3133
f 1250//3134 268//3134 1251//3134
f 1251//3135 268//3135 271//3135
f 1251//3136 271//3136 1252//3136
f 1252//3137 271//3137 1253//3137
f 1253//3138 271//3138 273//3138
f 1253//3139 273//3139 1254//3139
f 1254//3140 273//3140 1255//3140
f 1255//3141 273//3141 274//3141
f 1255//3142 274//3142 1256//3142
f 1256//3143 274//3143 1257//3143
f 1257//3144 274//3144 272//3144
f 1257//3145 272//3145 1258//3145
f 1258//3146 272//3146 1259//3146
f 1259//3147 272//3147 270//3147
f 1259//3148 270//3148 1260//3148
f 1260//3149 270//3149 269//3149
f 1260//3150 269//3150 1261//3150
f 1261//3151 269//3151 267//3151
f 1261//3152 267//3152 1262//3152
f 1262//3153 267//3153 265//3153
f 1262//3154 265//3154 1263//3154
f 1263//3155 265//3155 264//3155
f 1263//3156 264//3156 1264//3156
f 1264//3157 264//3157 234//3157
f 1264//3158 234//3158 1265//3158
f 1265//3159 234//3159 235//3159
f 1265//3160 235//3160 1266//3160
f 1266//3161 235//3161 236//3161
f 1266//3162 236//3162 1267//3162
f 1267//3163 236//3163 237//3163
f 1267//3164 237//3164 238//3164
f 1267//3165 238//3165 1268//3165
f 1268//3166 238//3166 239//3166
f 1268//3167 239//3167 1269//3167
f 1269//3168 239//3168 241//3168
f 1269//3169 241//3169 1270//3169
f 1270//3170 241//3170 242//3170
f 1270//3171 242//3171 1271//3171
f 1271//3172 242//3172 243//3172
f 1271//3173 243//3173 1272//3173
f 1272//3174 243//3174 245//3174
f 1272//3175 245//3175 1273//3175
f 1273//3176 245//3176 246//3176
f 1273//3177 246//3177 1274//3177
f 1274//3178 246//3178 247//3178
f 1274//3179 247//3179 1275//3179
f 1275//3180 247//3180 249//3180
f 1275//3181 249//3181 1276//3181
f 1276//3182 249//3182 250//3182
f 1276//3183 250//3183 1277//3183
f 1277//3184 250//3184 251//3184
f 1277//3185 251//3185 1278//3185
f 1278//3186 251//3186 252//3186
f 1278//3187 252//3187 1279//3187
f 1279//3188 252//3188 253//3188
f 1279//3189 253//3189 1280//3189
f 1280//3190 253//3190 255//3190
f 1280//3191 255//3191 256//3191
f 1280//3192 256//3192 1281//3192
f 1281//3193 256//3193 257//3193
f 1281//3194 257//3194 1282//3194
f 1282//3195 257//3195 1283//3195
f 1283//3196 257//3196 258//3196
f 1283//3197 258//3197 1284//3197
f 1284//3198 258//3198 259//3198
f 1284//3199 259//3199 1285//3199
f 1285//3200 259//3200 260//3200
f 1285//3201 260//3201 1286//3201
f 1286//3202 260//3202 263//3202
f 1286//3203 263//3203 1288//3203
f 1288//3204 263//3204 262//3204
f 1288//3205 262//3205 261//3205
f 1288//3206 261//3206 1287//3206
f 1287//3207 261//3207 254//3207
f 1287//3208 254//3208 863//3208
# Vertices: 1953, normals: 3208, texture coordinates: 0, faces: 3902

