# Blender 3.6.1
# www.blender.org
mtllib major2.mtl
o major_rank_insignia
v -0.865641 0.965645 -2.400000
v -0.748310 0.885797 -2.400000
v -0.283450 0.873679 -2.400000
v -0.631114 0.805750 -2.400000
v -0.275085 0.832452 -2.400000
v -0.514055 0.725502 -2.400000
v -0.266725 0.791225 -2.400000
v -0.258822 0.752230 -2.400000
v -0.287202 0.696201 -2.400000
v -0.250924 0.713235 -2.400000
v -0.397134 0.645055 -2.400000
v -0.360307 0.662111 -2.400000
v -0.323510 0.679231 -2.400000
v -0.250924 0.713235 0.000000
v -0.397134 0.645055 0.000000
v -0.865641 0.965645 0.000000
v -4.367537 2.575110 -2.765694
v -2.514953 2.530311 -2.900000
v -2.943940 1.891147 -2.831334
v -1.987494 1.849590 -2.900000
v -1.485831 1.194875 -2.900000
v -5.759065 3.247249 -2.702899
v -3.642119 3.960285 -2.900000
v -3.066923 3.234666 -2.900000
v -7.120965 3.908050 -2.642769
v -4.857056 5.465828 -2.900000
v -4.239258 4.704797 -2.900000
v -5.494228 6.241009 -2.900000
v -8.455683 4.557996 -2.585124
v -6.149491 7.027968 -2.900000
v -9.765659 5.197574 -2.529785
v -6.821560 7.824334 -2.900000
v -11.053339 5.827267 -2.476572
v -7.509151 8.627734 -2.900000
v -8.210979 9.435798 -2.900000
v -12.321163 6.447561 -2.425304
v -8.925762 10.246154 -2.900000
v -13.571575 7.058942 -2.375803
v -10.389053 11.864257 -2.900000
v -14.808873 7.662808 -2.327825
v -16.064659 8.273993 -2.280260
v -11.134993 12.667261 -2.900000
v -17.342802 8.893541 -2.233049
v -11.893675 13.468335 -2.900000
v -17.638987 9.462768 -2.250000
v -12.669025 14.270321 -2.900000
v -18.499958 10.341494 -2.250000
v -13.459363 15.069881 -2.900000
v -19.930857 10.136799 -2.141241
v -19.372313 11.209426 -2.250000
v -21.223112 10.750041 -2.097416
v -20.254274 12.063027 -2.250000
v -22.502415 11.350713 -2.055494
v -21.144066 12.898761 -2.250000
v -22.891239 11.712903 -2.055654
v -23.068691 11.891848 -2.056801
v -23.234407 12.069257 -2.058670
v -22.039913 13.713086 -2.250000
v -15.903443 17.420612 -2.900000
v -16.736877 18.177071 -2.900000
v -17.576872 18.914404 -2.900000
v -22.940037 14.502466 -2.250000
v -18.421745 19.629269 -2.900000
v -23.842663 15.263364 -2.250000
v -19.275566 20.322929 -2.900000
v -24.746014 15.992240 -2.250000
v -20.149794 21.001381 -2.900000
v -25.401539 16.174454 -2.225223
v -25.629225 16.893595 -2.267194
v -23.388063 12.245051 -2.061268
v -23.529343 12.419156 -2.064605
v -23.657919 12.591493 -2.068686
v -23.773472 12.761985 -2.073522
v -24.157648 13.419554 -2.096586
v -24.514561 14.089733 -2.123145
v -24.842190 14.772375 -2.153342
v -25.138521 15.467331 -2.187320
v -21.041378 21.657917 -2.900000
v -25.819565 17.624605 -2.313378
v -25.970539 18.367338 -2.363918
v -21.946598 22.285261 -2.900000
v -26.079847 19.119158 -2.418765
v -26.145494 19.872328 -2.477387
v -22.861727 22.876141 -2.900000
v -26.167278 20.626303 -2.539710
v -23.321842 23.155634 -2.900000
v -26.145092 21.381086 -2.605702
v -23.783037 23.423283 -2.900000
v -26.078854 22.136469 -2.675308
v -24.244846 23.678177 -2.900000
v -25.969639 22.885889 -2.747833
v -24.706804 23.919409 -2.900000
v -25.819248 23.626181 -2.822797
v -25.168446 24.146069 -2.900000
v -25.629305 24.357246 -2.900000
v -15.078256 16.648369 -2.900000
v -14.263001 15.863678 -2.900000
v -22.864578 11.686818 -2.028314
v -23.204304 12.036106 -1.999715
v -23.510853 12.395518 -1.969843
v -23.648325 12.578062 -1.954474
v -23.773472 12.761985 -1.938841
v -23.782343 12.776544 0.000000
v -24.013479 13.165964 0.000000
v -23.782343 12.776544 -1.937591
v -24.232840 13.555436 0.000000
v -24.440420 13.944961 0.000000
v -24.636223 14.334537 0.000000
v -24.820246 14.724165 0.000000
v -24.992491 15.113846 0.000000
v -25.152958 15.503578 0.000000
v -25.301647 15.893363 0.000000
v -25.438557 16.283199 0.000000
v -25.563688 16.673088 0.000000
v -25.677040 17.063030 0.000000
v -25.778616 17.453022 0.000000
v -25.868412 17.843067 0.000000
v -25.946430 18.233164 0.000000
v -26.012669 18.623314 0.000000
v -26.067129 19.013515 0.000000
v -26.109812 19.403769 0.000000
v -26.140715 19.794073 0.000000
v -26.159842 20.184431 0.000000
v -26.167189 20.574841 0.000000
v -26.162756 20.965302 0.000000
v -26.146545 21.355814 0.000000
v -26.118559 21.746380 0.000000
v -26.078791 22.136997 0.000000
v -26.027246 22.527668 0.000000
v -25.963923 22.918390 0.000000
v -25.888821 23.309164 0.000000
v -25.801939 23.699989 0.000000
v -25.703279 24.090868 0.000000
v -25.592842 24.481798 0.000000
v -25.490292 24.812330 -2.900000
v -25.470627 24.872780 0.000000
v -25.336632 25.263813 -2.900000
v -25.336632 25.263813 0.000000
v -0.283450 0.873679 0.000000
v -25.310955 25.339737 -2.900000
v -24.575218 25.557102 -2.900000
v -23.830713 25.763365 -2.900000
v -23.375031 25.538147 -2.900000
v -22.922071 25.301077 -2.900000
v -22.026594 24.795750 -2.900000
v -21.148832 24.256128 -2.900000
v -20.293335 23.690964 -2.900000
v -19.464653 23.109001 -2.900000
v -18.665863 22.517866 -2.900000
v -17.874813 21.904949 -2.900000
v -17.083527 21.265924 -2.900000
v -16.293116 20.603041 -2.900000
v -15.504697 19.918549 -2.900000
v -14.719383 19.214699 -2.900000
v -13.938290 18.493744 -2.900000
v -13.162529 17.757935 -2.900000
v -12.393216 17.009520 -2.900000
v -11.631466 16.250750 -2.900000
v -10.878392 15.483878 -2.900000
v -9.402731 13.934825 -2.900000
v -8.682372 13.157146 -2.900000
v -7.975146 12.380367 -2.900000
v -7.282168 11.606738 -2.900000
v -6.604552 10.838509 -2.900000
v -5.943412 10.077932 -2.900000
v -5.299862 9.327257 -2.900000
v -4.675017 8.588735 -2.900000
v -4.069990 7.864615 -2.900000
v -3.485897 7.157151 -2.900000
v -2.923851 6.468591 -2.900000
v -2.384966 5.801187 -2.900000
v -1.870357 5.157189 -2.900000
v -1.381138 4.538848 -2.900000
v -0.918423 3.948414 -2.900000
v -1.060434 4.623836 -2.900000
v 1.211933 4.351952 -2.900000
v 1.943113 1.855034 -2.900000
v 1.788161 1.581143 -2.900000
v 1.322637 4.986485 -2.900000
v -1.211712 5.338955 -2.900000
v 1.421149 5.607882 -2.900000
v -1.371833 6.091072 -2.900000
v 1.507869 6.205522 -2.900000
v 1.583196 6.768782 -2.900000
v -1.540370 6.877484 -2.900000
v 1.616713 7.034200 -2.900000
v 1.647531 7.287040 -2.900000
v 1.675701 7.525973 -2.900000
v -1.716895 7.695488 -2.900000
v 1.701273 7.749674 -2.900000
v 1.791102 8.592050 -2.900000
v -1.900984 8.542385 -2.900000
v 1.872588 9.447440 -2.900000
v -2.092208 9.415472 -2.900000
v 1.946063 10.314958 -2.900000
v -2.290142 10.312046 -2.900000
v -2.494359 11.229407 -2.900000
v 2.069603 12.076570 -2.900000
v -2.704432 12.164852 -2.900000
v 2.162971 13.857268 -2.900000
v -2.919935 13.115681 -2.900000
v -3.140442 14.079189 -2.900000
v 2.227416 15.637441 -2.900000
v -3.594761 16.033443 -2.900000
v 2.264189 17.397470 -2.900000
v -4.063976 18.006001 -2.900000
v 2.272589 18.263803 -2.900000
v 2.274538 19.118677 -2.900000
v -4.544674 19.975246 -2.900000
v 2.259319 20.810785 -2.900000
v 2.242078 21.646091 -2.900000
v -5.033444 21.919567 -2.900000
v 2.218360 22.471790 -2.900000
v 2.188125 23.286047 -2.900000
v -5.279790 22.875626 -2.900000
v 2.151331 24.087030 -2.900000
v 2.107936 24.872904 -2.900000
v -5.526875 23.817348 -2.900000
v 2.057900 25.641838 -2.900000
v -5.774271 24.742033 -2.900000
v 2.001181 26.391996 -2.900000
v -6.021553 25.646976 -2.900000
v 1.937738 27.121550 -2.900000
v 1.867528 27.828663 -2.900000
v -6.268293 26.529478 -2.900000
v 1.790511 28.511501 -2.900000
v -6.514066 27.386837 -2.900000
v 1.706646 29.168236 -2.900000
v 1.615891 29.797029 -2.900000
v -6.758445 28.216349 -2.900000
v 1.518205 30.396051 -2.900000
v 1.413545 30.963467 -2.900000
v -7.001003 29.015316 -2.900000
v -1.879321 34.220444 -2.900000
v -2.285472 34.296436 -2.900000
v -2.696057 34.346027 -2.900000
v -3.110264 34.370941 -2.900000
v -3.525310 34.372452 -2.900000
v -3.938400 34.351822 -2.900000
v -7.241314 29.781033 -2.900000
v -4.346737 34.310329 -2.900000
v -4.747525 34.249241 -2.900000
v -5.137968 34.169823 -2.900000
v -7.478951 30.510799 -2.900000
v -5.515255 34.073349 -2.900000
v -5.876532 33.961090 -2.900000
v -6.218989 33.834324 -2.900000
v -7.713489 31.201912 -2.900000
v -6.539822 33.694321 -2.900000
v -6.836226 33.542347 -2.900000
v -7.107872 33.378052 -2.900000
v -7.366851 33.189804 -2.900000
v -7.602186 32.975727 -2.900000
v -7.944499 31.851671 -2.900000
v -7.706330 32.858906 -2.900000
v -7.800210 32.733212 -2.900000
v -7.880337 32.598698 -2.900000
v -7.942665 32.456081 -2.900000
v -7.982965 32.307148 -2.900000
v -7.993747 32.230637 -2.900000
v -7.984654 32.000309 -2.900000
v -7.994648 32.076206 -2.900000
v -7.997719 32.153103 -2.900000
v -1.479477 34.116016 -2.900000
v -1.089445 33.981270 -2.900000
v 1.317348 31.364090 -2.900000
v -0.712730 33.814327 -2.900000
v 1.186073 31.754065 -2.900000
v -0.353228 33.613541 -2.900000
v -0.018242 33.380077 -2.900000
v 1.017308 32.129650 -2.900000
v 0.288996 33.114025 -2.900000
v 0.810998 32.484192 -2.900000
v 0.566535 32.814850 -2.900000
v 1.590989 5.018551 -2.900000
v 3.012492 3.742515 -2.900000
v 2.818353 3.400780 -2.900000
v 2.630386 3.069398 -2.900000
v 3.212660 4.094221 -2.900000
v 1.992179 5.721253 -2.900000
v 3.630509 4.826018 -2.900000
v 2.414464 6.457310 -2.900000
v 4.070751 5.593114 -2.900000
v 2.856805 7.223977 -2.900000
v 4.532238 6.392456 -2.900000
v 3.318161 8.018505 -2.900000
v 5.013821 7.220987 -2.900000
v 3.797494 8.838147 -2.900000
v 5.514351 8.075653 -2.900000
v 4.293762 9.680156 -2.900000
v 6.032682 8.953398 -2.900000
v 4.805927 10.541785 -2.900000
v 6.567664 9.851167 -2.900000
v 5.332949 11.420287 -2.900000
v 7.118149 10.765904 -2.900000
v 5.873788 12.312915 -2.900000
v 7.682988 11.694555 -2.900000
v 6.427404 13.216921 -2.900000
v 8.261034 12.634065 -2.900000
v 6.992013 14.128365 -2.900000
v 8.851138 13.581376 -2.900000
v 7.558244 15.031377 -2.900000
v 9.452151 14.533436 -2.900000
v 8.123328 15.921096 -2.900000
v 8.686978 16.796684 -2.900000
v 10.682314 16.439577 -2.900000
v 9.248907 17.657305 -2.900000
v 9.808828 18.502121 -2.900000
v 11.943934 18.330399 -2.900000
v 10.366454 19.330294 -2.900000
v 10.921496 20.140987 -2.900000
v 12.601636 19.288231 -2.900000
v 11.473670 20.933363 -2.900000
v 13.283487 20.259529 -2.900000
v 12.022686 21.706583 -2.900000
v 13.986020 21.235739 -2.900000
v 12.568257 22.459810 -2.900000
v 13.110098 23.192207 -2.900000
v 14.705765 22.208309 -2.900000
v 13.647920 23.902937 -2.900000
v 15.439253 23.168688 -2.900000
v 14.181436 24.591162 -2.900000
v 16.183016 24.108320 -2.900000
v 14.710358 25.256044 -2.900000
v 15.234401 25.896748 -2.900000
v 16.933584 25.018656 -2.900000
v 15.753276 26.512432 -2.900000
v 17.687492 25.891144 -2.900000
v 16.266697 27.102262 -2.900000
v 18.064611 26.310520 -2.900000
v 16.774376 27.665400 -2.900000
v 18.441267 26.717228 -2.900000
v 17.276026 28.201008 -2.900000
v 18.817020 27.110199 -2.900000
v 18.881960 28.136696 -2.900000
v 18.933708 28.028837 -2.900000
v 17.771360 28.708248 -2.900000
v 18.229809 28.641008 -2.900000
v 18.687401 28.560787 -2.900000
v 18.727507 28.476685 -2.900000
v 18.763359 28.391518 -2.900000
v 18.796398 28.318243 -2.900000
v 18.764658 28.392775 -2.900000
v 18.764332 28.392460 -2.900000
v 18.764008 28.392147 -2.900000
v 18.763683 28.391832 -2.900000
v 18.836061 28.233234 -2.900000
v 18.990917 27.909868 -2.900000
v 19.053200 27.779993 -2.900000
v 19.191441 27.488359 -2.900000
v 2.448735 2.748750 -2.900000
v 2.273543 2.439219 -2.900000
v 2.104955 2.141186 -2.900000
v 1.640243 1.319897 -2.900000
v 1.499502 1.071677 -2.900000
v 1.366082 0.836865 -2.900000
v 1.240126 0.615843 -2.900000
v 1.253323 0.620446 -2.900000
v 1.306474 0.628411 -2.900000
v 0.805707 -1.104102 -2.900000
v -2.478162 -0.962348 -2.900000
v -2.760416 1.163469 -2.900000
v -3.723104 -0.980485 -2.900000
v -4.044082 1.148113 -2.900000
v -4.975162 -0.984250 -2.900000
v -5.335355 1.148148 -2.900000
v -6.233076 -0.974218 -2.900000
v -6.632761 1.162913 -2.900000
v -7.495589 -0.950964 -2.900000
v -7.934822 1.191747 -2.900000
v -8.761439 -0.915064 -2.900000
v -9.240064 1.233990 -2.900000
v -10.029369 -0.867092 -2.900000
v -10.547011 1.288981 -2.900000
v -12.566432 -0.737235 -2.900000
v -11.854190 1.356061 -2.900000
v -14.463337 1.523841 -2.900000
v -15.096703 -0.565993 -2.900000
v -17.055702 1.732049 -2.900000
v -17.610107 -0.357967 -2.900000
v -18.341904 1.849661 -2.900000
v -20.096575 -0.117759 -2.900000
v -19.619486 1.975399 -2.900000
v -20.886969 2.108601 -2.900000
v -21.326559 0.012976 -2.900000
v -22.142879 2.248608 -2.900000
v -22.546005 0.150027 -2.900000
v -23.379932 2.393899 -2.900000
v -23.745926 0.291650 -2.900000
v -24.591629 2.543028 -2.900000
v -24.919779 0.436425 -2.900000
v -25.777216 2.695372 -2.900000
v -26.067440 0.583893 -2.900000
v -26.935944 2.850313 -2.900000
v -27.188787 0.733589 -2.900000
v -28.283697 0.885051 -2.900000
v 1.266506 0.625091 -2.900000
v 1.279675 0.629775 -2.900000
v 2.903993 -0.707840 -2.900000
v 1.647846 0.742288 -2.900000
v 1.997815 0.868723 -2.900000
v 2.355466 1.006866 -2.900000
v 2.719882 1.155866 -2.900000
v 3.805590 1.107898 -2.900000
v 3.907172 -0.751504 -2.900000
v 4.905876 1.063320 -2.900000
v 4.951065 -0.793528 -2.900000
v 6.032640 -0.833367 -2.900000
v 7.141639 0.985140 -2.900000
v 7.148870 -0.870474 -2.900000
v 8.296725 -0.904300 -2.900000
v 9.410089 0.922939 -2.900000
v 9.473178 -0.934299 -2.900000
v 10.675199 -0.959923 -2.900000
v 11.694146 0.878330 -2.900000
v 11.899758 -0.980626 -2.900000
v 13.143827 -0.995861 -2.900000
v 13.976728 0.852926 -2.900000
v 14.404378 -1.005079 -2.900000
v 15.678381 -1.007735 -2.900000
v 16.240757 0.848340 -2.900000
v 16.962807 -1.003280 -2.900000
v 17.360476 0.854358 -2.900000
v 18.469151 0.866185 -2.900000
v 19.550814 -0.970852 -2.900000
v 20.661623 0.908189 -2.900000
v 22.142998 -0.903462 -2.900000
v 22.870859 0.977633 -2.900000
v 23.404533 -0.856577 -2.900000
v 24.621370 -0.801615 -2.900000
v 25.082165 1.078901 -2.900000
v 25.794353 -0.738664 -2.900000
v 26.181353 1.142848 -2.900000
v 26.924330 -0.667813 -2.900000
v 27.272369 1.216405 -2.900000
v 28.012140 -0.589150 -2.900000
v 28.352320 1.300122 -2.900000
v 29.058634 -0.502763 -2.900000
v 29.418304 1.394551 -2.900000
v 30.064653 -0.408740 -2.900000
v 30.467430 1.500244 -2.900000
v 31.031046 -0.307170 -2.900000
v 31.496799 1.617750 -2.900000
v 31.958652 -0.198142 -2.900000
v 32.503517 1.747622 -2.900000
v 32.848324 -0.081742 -2.900000
v 33.484688 1.890410 -2.900000
v 33.700897 0.041939 -2.900000
v 34.517223 0.172815 -2.900000
v 34.437412 2.046666 -2.900000
v 35.298149 0.310797 -2.900000
v 35.358795 2.216940 -2.900000
v 36.044514 0.455796 -2.900000
v 36.245941 2.401784 -2.900000
v 36.757164 0.607724 -2.900000
v 37.095955 2.601749 -2.900000
v 37.436951 0.766493 -2.900000
v 38.192047 1.646614 -2.900000
v 37.937157 0.925261 -2.900000
v 38.415417 2.383710 -2.900000
v 38.160065 2.939503 -2.900000
v 38.455219 2.505935 -2.900000
v 38.418709 2.384754 -2.900000
v 38.417885 2.384493 -2.900000
v 38.417061 2.384232 -2.900000
v 38.416241 2.383971 -2.900000
v 3.751791 -1.438099 -2.900000
v 1.925622 -2.321449 -2.900000
v 1.464989 -1.932189 -2.900000
v 0.908625 -1.329160 -2.900000
v 1.009379 -1.556014 -2.900000
v 4.610157 -2.203221 -2.900000
v 2.859931 -3.136173 -2.900000
v 2.390772 -2.723031 -2.900000
v 3.808247 -3.994081 -2.900000
v 5.476445 -2.999075 -2.900000
v 4.766513 -4.889067 -2.900000
v 6.348007 -3.821527 -2.900000
v 5.730670 -5.815027 -2.900000
v 7.222196 -4.666443 -2.900000
v 6.696661 -6.765853 -2.900000
v 8.096367 -5.529693 -2.900000
v 7.660429 -7.735442 -2.900000
v 9.834064 -7.294659 -2.900000
v 8.617915 -8.717687 -2.900000
v 9.565062 -9.706482 -2.900000
v 11.539927 -9.083361 -2.900000
v 10.497810 -10.695722 -2.900000
v 12.374304 -9.976281 -2.900000
v 11.412105 -11.679302 -2.900000
v 13.193499 -10.863529 -2.900000
v 12.303885 -12.651115 -2.900000
v 14.012373 -11.760530 -2.900000
v 13.169096 -13.605058 -2.900000
v 14.836953 -12.673495 -2.900000
v 14.003678 -14.535023 -2.900000
v 15.666154 -13.600863 -2.900000
v 14.408216 -14.989106 -2.900000
v 14.803866 -15.435237 -2.900000
v 16.498888 -14.541068 -2.900000
v 15.592414 -16.330303 -2.900000
v 18.170609 -16.453739 -2.900000
v 17.180250 -18.155306 -2.900000
v 19.843422 -18.399000 -2.900000
v 18.775578 -20.017271 -2.900000
v 21.508636 -20.364340 -2.900000
v 20.370195 -21.904755 -2.900000
v 23.157558 -22.337250 -2.900000
v 21.955906 -23.806314 -2.900000
v 24.781494 -24.305222 -2.900000
v 23.524509 -25.710508 -2.900000
v 26.371750 -26.255745 -2.900000
v 25.067806 -27.605894 -2.900000
v 27.151533 -27.220556 -2.900000
v 26.577599 -29.481028 -2.900000
v 27.919636 -28.176311 -2.900000
v 28.674973 -29.121452 -2.900000
v 29.416456 -30.054411 -2.900000
v 29.203196 -30.528685 -2.900000
v 27.317368 -30.407425 -2.900000
v 28.975725 -30.998508 -2.900000
v 28.975445 -30.998154 -2.900000
v 28.945034 -31.059101 -2.900000
v 28.045687 -31.324469 -2.900000
v -1.032399 -2.559280 -2.900000
v 0.819719 -1.719332 -2.900000
v 0.829640 -2.352086 -2.900000
v 0.835637 -3.001093 -2.900000
v -1.027767 -3.177903 -2.900000
v 0.837877 -3.665084 -2.900000
v -1.026543 -3.813586 -2.900000
v 0.836526 -4.342788 -2.900000
v -1.028626 -4.465557 -2.900000
v 0.831752 -5.032935 -2.900000
v -1.033916 -5.133048 -2.900000
v -1.042310 -5.815287 -2.900000
v 0.812597 -6.445479 -2.900000
v -1.053708 -6.511503 -2.900000
v -1.068008 -7.220927 -2.900000
v 0.781746 -7.892555 -2.900000
v -1.085108 -7.942788 -2.900000
v 0.740532 -9.364002 -2.900000
v -1.127307 -9.420736 -2.900000
v -1.179495 -10.939186 -2.900000
v 0.632345 -12.339364 -2.900000
v -1.240860 -12.491971 -2.900000
v 0.568039 -13.822958 -2.900000
v -1.310593 -14.072928 -2.900000
v 0.498702 -15.290279 -2.900000
v -1.387884 -15.675893 -2.900000
v 0.425667 -16.731167 -2.900000
v -1.471923 -17.294701 -2.900000
v 0.350195 -18.136757 -2.900000
v -1.657003 -20.555189 -2.900000
v 0.188773 -20.938717 -2.900000
v -1.859350 -23.805080 -2.900000
v 0.012786 -23.764078 -2.900000
v -1.964974 -25.410643 -2.900000
v -0.176058 -26.608137 -2.900000
v -2.072484 -26.995060 -2.900000
v -2.181071 -28.552172 -2.900000
v -0.376053 -29.466188 -2.900000
v -2.289924 -30.075813 -2.900000
v -2.398233 -31.559820 -2.900000
v -2.451930 -32.285034 -2.900000
v -0.802676 -35.205448 -2.900000
v -2.505187 -32.998028 -2.900000
v -2.557904 -33.698029 -2.900000
v -2.609977 -34.384270 -2.900000
v -2.661308 -35.055981 -2.900000
v -2.711793 -35.712387 -2.900000
v -0.913087 -36.634640 -2.900000
v -2.761332 -36.352718 -2.900000
v -2.809824 -36.976208 -2.900000
v -0.967176 -37.328621 -2.900000
v -2.857167 -37.582085 -2.900000
v -1.019957 -38.002560 -2.900000
v -2.903260 -38.169579 -2.900000
v -1.071143 -38.653473 -2.900000
v -2.948001 -38.737915 -2.900000
v -1.120446 -39.278389 -2.900000
v -2.991290 -39.286324 -2.900000
v -1.167577 -39.874332 -2.900000
v -3.033025 -39.814037 -2.900000
v -1.212249 -40.438320 -2.900000
v -3.073106 -40.320286 -2.900000
v -1.254173 -40.967384 -2.900000
v -3.111429 -40.804295 -2.900000
v -3.147895 -41.265297 -2.900000
v -1.293062 -41.458542 -2.900000
v -3.182403 -41.702522 -2.900000
v -1.328627 -41.908817 -2.900000
v -3.214850 -42.115200 -2.900000
v -1.360775 -42.317707 -2.900000
v -1.369533 -42.429562 -2.900000
v -3.245135 -42.502556 -2.900000
v -1.379220 -42.553577 -2.900000
v -1.400748 -42.830421 -2.900000
v -3.273158 -42.863819 -2.900000
v -1.447944 -43.445538 -2.900000
v -3.298811 -43.198147 -2.900000
v -3.321702 -43.500866 -2.900000
v -1.471061 -43.753075 -2.900000
v -3.341725 -43.770782 -2.900000
v -1.492156 -44.040096 -2.900000
v -2.936826 -44.701767 -2.900000
v -1.510889 -44.304504 -2.900000
v -2.477583 -44.991653 -2.900000
v -1.530354 -44.598488 -2.900000
v -2.475252 -44.993080 -2.900000
v -2.472921 -44.994503 -2.900000
v -2.470590 -44.995930 -2.900000
v -2.468258 -44.997353 -2.900000
v -3.385739 -44.400253 -2.900000
v -3.373628 -44.218819 -2.900000
v -3.358995 -44.009548 -2.900000
v -3.270948 -1.940540 -2.900000
v -1.832743 -3.537678 -2.900000
v -4.090090 -2.916074 -2.900000
v -2.657743 -4.512741 -2.900000
v -4.932810 -3.887570 -2.900000
v -3.504848 -5.483235 -2.900000
v -5.796329 -4.853647 -2.900000
v -4.371505 -6.447924 -2.900000
v -6.677867 -5.812927 -2.900000
v -5.255166 -7.405571 -2.900000
v -7.574648 -6.764028 -2.900000
v -6.153277 -8.354941 -2.900000
v -8.483893 -7.705570 -2.900000
v -7.063290 -9.294798 -2.900000
v -9.402823 -8.636175 -2.900000
v -7.982651 -10.223907 -2.900000
v -10.328661 -9.554461 -2.900000
v -8.908811 -11.141029 -2.900000
v -11.258626 -10.459049 -2.900000
v -9.839217 -12.044932 -2.900000
v -12.189941 -11.348559 -2.900000
v -10.771320 -12.934378 -2.900000
v -13.119827 -12.221612 -2.900000
v -11.702568 -13.808130 -2.900000
v -12.630410 -14.664955 -2.900000
v -14.045507 -13.076826 -2.900000
v -13.552295 -15.503615 -2.900000
v -14.964202 -13.912822 -2.900000
v -14.465672 -16.322876 -2.900000
v -15.873132 -14.728220 -2.900000
v -15.371216 -17.124304 -2.900000
v -16.772732 -15.524439 -2.900000
v -17.211287 -18.721710 -2.900000
v -18.599838 -17.110590 -2.900000
v -19.090157 -20.313820 -2.900000
v -20.465405 -18.691319 -2.900000
v -20.998329 -21.894489 -2.900000
v -22.360018 -20.260553 -2.900000
v -22.926313 -23.457579 -2.900000
v -24.274256 -21.812227 -2.900000
v -24.864618 -24.996948 -2.900000
v -26.198706 -23.340265 -2.900000
v -26.803747 -26.506454 -2.900000
v -28.123949 -24.838598 -2.900000
v -28.734211 -27.979958 -2.900000
v -30.040569 -26.301155 -2.900000
v -29.693226 -28.701286 -2.900000
v -30.992704 -27.017120 -2.900000
v -31.730230 -28.427317 -2.900000
v -31.782482 -28.271399 -2.900000
v -30.646515 -29.411314 -2.900000
v -31.633631 -28.701084 -2.900000
v -31.680483 -28.570616 -2.900000
v -31.425999 -29.220505 -2.900000
v -31.459854 -29.146009 -2.900000
v -31.491138 -29.071798 -2.900000
v -31.550087 -28.922583 -2.900000
v -31.550209 -28.922672 -2.900000
v -31.590075 -28.818508 -2.900000
v -31.836838 -28.103079 -2.900000
v -31.892902 -27.922569 -2.900000
v -31.939150 -27.721865 -2.900000
v -31.950279 -27.730083 -2.900000
v -28.067064 3.007230 -2.900000
v -29.352049 1.037817 -2.900000
v -29.169823 3.165502 -2.900000
v -30.393719 1.191425 -2.900000
v -30.243471 3.324510 -2.900000
v -31.408583 1.345413 -2.900000
v -31.287260 3.483632 -2.900000
v -32.396519 1.499317 -2.900000
v -32.300438 3.642249 -2.900000
v -33.357407 1.652676 -2.900000
v -33.282253 3.799740 -2.900000
v -34.291122 1.805027 -2.900000
v -34.231956 3.955485 -2.900000
v -35.197544 1.955907 -2.900000
v -35.148796 4.108864 -2.900000
v -36.076546 2.104855 -2.900000
v -36.032024 4.259256 -2.900000
v -36.928009 2.251408 -2.900000
v -36.880886 4.406041 -2.900000
v -37.751808 2.395103 -2.900000
v -37.694637 4.548599 -2.900000
v -38.758392 2.891268 -2.900000
v -38.945736 3.212216 -2.900000
v -38.547821 2.535479 -2.900000
v -38.864532 4.220717 -2.900000
v -39.030445 3.358649 -2.900000
v -39.109047 3.495203 -2.900000
v -39.181435 3.621486 -2.900000
v -39.244019 3.741652 -2.900000
v -39.244892 3.740516 -2.900000
v -39.245766 3.739381 -2.900000
v -39.246635 3.738245 -2.900000
v -39.247509 3.737109 -2.900000
v -38.472519 4.686309 -2.900000
v -24.427494 12.619243 0.000000
v -24.820402 12.518147 -1.974285
v -25.062195 12.453876 0.000000
v -25.853058 12.232265 -2.013890
v -25.686447 12.280440 0.000000
v -26.300247 12.098938 0.000000
v -26.878172 11.917569 -2.056470
v -26.903599 11.909369 0.000000
v -27.496500 11.711733 0.000000
v -27.893600 11.572732 -2.102088
v -28.078953 11.506030 0.000000
v -28.650955 11.292260 0.000000
v -28.897202 11.196424 -2.150808
v -29.212505 11.070423 0.000000
v -29.886839 10.787317 -2.202692
v -29.763609 10.840518 0.000000
v -30.304260 10.602547 0.000000
v -30.860367 10.344084 -2.257804
v -30.834463 10.356508 0.000000
v -31.354214 10.102403 0.000000
v -31.815647 9.865395 -2.316207
v -31.863516 9.840230 0.000000
v -32.362370 9.569990 0.000000
v -32.750538 9.349922 -2.377965
v -32.850773 9.291683 0.000000
v -33.328724 9.005310 0.000000
v -33.662895 8.796338 -2.443141
v -33.796227 8.710869 0.000000
v -34.109951 8.504845 -2.477030
v -34.253281 8.408360 0.000000
v -34.549606 8.204009 -2.511716
v -34.699883 8.097786 0.000000
v -34.981033 7.894187 -2.547148
v -35.136036 7.779143 0.000000
v -35.404110 7.575289 -2.583328
v -35.561737 7.452434 0.000000
v -35.818703 7.247220 -2.620258
v -35.976990 7.117658 0.000000
v -36.224682 6.909891 -2.657942
v -36.381794 6.774814 0.000000
v -36.621925 6.563209 -2.696381
v -36.776146 6.423904 0.000000
v -37.010296 6.207084 -2.735579
v -37.160049 6.064926 0.000000
v -37.389671 5.841422 -2.775537
v -37.533504 5.697882 0.000000
v -37.759918 5.466134 -2.816258
v -37.896507 5.322770 0.000000
v -38.120911 5.081127 -2.857745
v -38.249058 4.939591 0.000000
v -38.591164 4.548345 0.000000
v -38.922817 4.149032 0.000000
v -39.244019 3.741652 0.000000
v -5.904789 23.846298 -2.015184
v -5.436697 23.475636 -2.009070
v -7.276948 21.686108 -2.250000
v -5.137062 22.323505 -2.065437
v -5.937585 20.332623 -2.250000
v -4.535718 19.938103 -2.180278
v -4.836505 21.142948 -2.122567
v -4.235391 18.713110 -2.238386
v -4.638050 18.973557 -2.250000
v -3.936212 17.472107 -2.296709
v -3.638873 16.219234 -2.355062
v -3.052471 13.694442 -2.471128
v -2.481705 11.171846 -2.585121
v -2.203911 9.921722 -2.640881
v -1.932096 8.684566 -2.695574
v -1.666949 7.464518 -2.749015
v -1.409162 6.265717 -2.801022
v -1.159423 5.092302 -2.851411
v -6.387850 24.197416 -2.023261
v -8.652528 23.024549 -2.250000
v -10.062016 24.338730 -2.250000
v -9.353036 23.685242 -2.250000
v -7.927689 25.130140 -2.059482
v -7.399545 24.839846 -2.045398
v -10.779480 24.983870 -2.250000
v -11.505441 25.619524 -2.250000
v -12.239909 26.244553 -2.250000
v -12.463819 26.640617 -2.234798
v -13.059641 26.733843 -2.263536
v -13.658537 26.807484 -2.293473
v -14.259944 26.862278 -2.324517
v -14.863298 26.898968 -2.356577
v -15.468036 26.918299 -2.389562
v -16.073593 26.921007 -2.423378
v -16.679407 26.907841 -2.457935
v -17.284914 26.879538 -2.493140
v -17.889551 26.836842 -2.528903
v -18.492754 26.780493 -2.565131
v -19.093960 26.711235 -2.601732
v -19.692604 26.629810 -2.638615
v -20.288130 26.536959 -2.675688
v -21.474892 26.318443 -2.750448
v -22.656923 26.059156 -2.825522
v -11.871634 26.527061 -2.207351
v -11.284495 26.392653 -2.181317
v -10.704700 26.237282 -2.156833
v -10.132627 26.060507 -2.133953
v -9.568582 25.861864 -2.112727
v -9.012872 25.640896 -2.093206
v -8.465805 25.397141 -2.075441
v -6.886046 24.528696 -2.033325
v -5.436697 23.475636 0.000000
v -5.880087 23.827507 0.000000
v -6.334939 24.160437 0.000000
v -6.801255 24.474421 0.000000
v -7.279035 24.769463 0.000000
v -7.768277 25.045563 0.000000
v -8.268983 25.302719 0.000000
v -8.781152 25.540932 0.000000
v -9.304785 25.760201 0.000000
v -9.839880 25.960527 0.000000
v -10.386439 26.141911 0.000000
v -10.944462 26.304352 0.000000
v -11.513947 26.447847 0.000000
v -12.094896 26.572403 0.000000
v -12.687309 26.678013 0.000000
v -13.291184 26.764681 0.000000
v -13.906524 26.832405 0.000000
v -14.533325 26.881187 0.000000
v -15.171591 26.911026 0.000000
v -15.821320 26.921921 0.000000
v -16.482512 26.913874 0.000000
v -17.155167 26.886883 0.000000
v -17.839287 26.840948 0.000000
v -18.534868 26.776072 0.000000
v -19.241913 26.692251 0.000000
v -19.960423 26.589487 0.000000
v -20.690393 26.467781 0.000000
v -21.431829 26.327131 0.000000
v -22.184727 26.167540 0.000000
v -22.949089 25.989004 0.000000
v -23.724915 25.791525 0.000000
v -24.512203 25.575102 0.000000
v -25.310955 25.339737 0.000000
v -5.757002 24.678038 0.000000
v -6.077222 25.847864 0.000000
v -6.396424 26.979202 0.000000
v -6.555351 27.528591 0.000000
v -6.713675 28.066143 0.000000
v -6.871277 28.591114 0.000000
v -7.028041 29.102770 0.000000
v -7.183851 29.600370 0.000000
v -7.338589 30.083176 0.000000
v -7.492140 30.550447 0.000000
v -7.644387 31.001448 0.000000
v -7.795212 31.435434 0.000000
v -7.944499 31.851671 0.000000
v 25.886034 -9.598885 0.000000
v 38.415417 2.383710 0.000000
v -38.227154 2.003800 0.000000
v -37.994846 1.626206 0.000000
v 10.268758 -28.202309 0.000000
v -13.263613 -27.762205 0.000000
v -28.369308 -8.452290 0.000000
v -28.680967 -8.909028 0.000000
v -37.202538 0.385190 0.000000
v -36.908524 -0.057254 0.000000
v -36.600502 -0.510431 0.000000
v 20.050861 11.910634 0.000000
v 27.064192 11.863157 0.000000
v 27.657492 11.687207 0.000000
v 28.245705 11.484294 0.000000
v 28.828831 11.254417 0.000000
v 29.406870 10.997579 0.000000
v 29.979822 10.713776 0.000000
v 30.547688 10.403009 0.000000
v 31.110466 10.065280 0.000000
v 31.668158 9.700588 0.000000
v 32.220760 9.308932 0.000000
v 32.768276 8.890314 0.000000
v 33.310707 8.444732 0.000000
v 33.848049 7.972187 0.000000
v 34.380306 7.472678 0.000000
v 34.907475 6.946207 0.000000
v 35.429558 6.392772 0.000000
v 35.946552 5.812374 0.000000
v 36.458458 5.205012 0.000000
v 36.965279 4.570688 0.000000
v 37.467014 3.909400 0.000000
v -39.247509 3.737109 0.000000
v -39.124741 3.522547 0.000000
v -38.982304 3.275334 0.000000
v 37.963661 3.221149 0.000000
v -38.820759 2.997661 0.000000
v -38.640675 2.691719 0.000000
v -38.442619 2.359702 0.000000
v 38.418709 2.384754 0.000000
v 38.455219 2.505935 0.000000
v -37.746265 1.229112 0.000000
v -37.481972 0.814709 0.000000
v -36.279030 -0.972148 0.000000
v -35.944683 -1.440215 0.000000
v -35.598019 -1.912438 0.000000
v -35.239609 -2.386626 0.000000
v -34.489815 -3.332131 0.000000
v -34.099560 -3.799063 0.000000
v -33.699821 -4.259193 0.000000
v -33.291164 -4.710328 0.000000
v -32.874157 -5.150277 0.000000
v -32.449368 -5.576847 0.000000
v -32.017357 -5.987847 0.000000
v -31.578691 -6.381085 0.000000
v -31.133940 -6.754369 0.000000
v -30.683668 -7.105507 0.000000
v -30.228443 -7.432307 0.000000
v -29.768827 -7.732577 0.000000
v -29.305389 -8.004126 0.000000
v -28.838694 -8.244761 0.000000
v -28.978626 -9.364484 0.000000
v -29.262560 -9.818508 0.000000
v -29.533041 -10.270952 0.000000
v -29.790348 -10.721669 0.000000
v -30.034754 -11.170510 0.000000
v -30.266535 -11.617327 0.000000
v -30.485964 -12.061971 0.000000
v -30.693319 -12.504294 0.000000
v -30.888872 -12.944150 0.000000
v -31.072903 -13.381388 0.000000
v -31.245680 -13.815861 0.000000
v -31.558588 -14.675920 0.000000
v -31.829796 -15.523140 0.000000
v -32.061504 -16.356337 0.000000
v -32.255913 -17.174322 0.000000
v -32.415222 -17.975914 0.000000
v -32.541637 -18.759926 0.000000
v -32.637352 -19.525171 0.000000
v -32.704571 -20.270466 0.000000
v -32.745495 -20.994623 0.000000
v -32.762321 -21.696459 0.000000
v -32.757256 -22.374788 0.000000
v -32.732494 -23.028423 0.000000
v -32.690239 -23.656179 0.000000
v -32.632687 -24.256870 0.000000
v -32.562046 -24.829313 0.000000
v -32.480511 -25.372322 0.000000
v -32.390285 -25.884708 0.000000
v -32.293568 -26.365290 0.000000
v -32.192558 -26.812880 0.000000
v -32.089462 -27.226294 0.000000
v -31.986473 -27.604345 0.000000
v -13.633037 -27.994959 0.000000
v -14.031264 -28.246815 0.000000
v -14.439673 -28.484894 0.000000
v -14.858263 -28.709196 0.000000
v -15.287033 -28.919718 0.000000
v -31.885798 -27.945848 0.000000
v -31.789631 -28.249617 0.000000
v -31.700178 -28.514469 0.000000
v -31.619637 -28.739216 0.000000
v -31.550087 -28.922583 0.000000
v -31.550209 -28.922672 0.000000
v -31.514452 -29.014030 0.000000
v -30.712168 -29.395765 0.000000
v -30.008516 -29.557249 0.000000
v -29.315044 -29.704952 0.000000
v -31.481894 -29.094166 0.000000
v -31.452408 -29.162992 0.000000
v -31.425999 -29.220505 0.000000
v -28.631756 -29.838879 0.000000
v -27.958647 -29.959028 0.000000
v -27.295717 -30.065397 0.000000
v -26.642971 -30.157990 0.000000
v -26.000404 -30.236805 0.000000
v -25.368017 -30.301842 0.000000
v -24.745811 -30.353100 0.000000
v -24.133787 -30.390581 0.000000
v -23.531944 -30.414284 0.000000
v -22.940281 -30.424208 0.000000
v -22.358799 -30.420355 0.000000
v -21.787498 -30.402723 0.000000
v -21.226377 -30.371313 0.000000
v -20.675438 -30.326126 0.000000
v -20.134680 -30.267160 0.000000
v -19.604101 -30.194418 0.000000
v -19.083704 -30.107897 0.000000
v -18.573486 -30.007597 0.000000
v -18.073452 -29.893520 0.000000
v -17.583597 -29.765665 0.000000
v -17.103922 -29.624031 0.000000
v -16.634428 -29.468620 0.000000
v -16.175116 -29.299431 0.000000
v -15.725985 -29.116465 0.000000
v -13.081439 -28.527807 0.000000
v -12.889272 -29.278751 0.000000
v -12.687112 -30.015039 0.000000
v -12.474959 -30.736671 0.000000
v -12.252814 -31.443645 0.000000
v -12.020676 -32.135963 0.000000
v -11.778544 -32.813622 0.000000
v 10.191387 -29.639557 0.000000
v 10.242051 -28.927391 0.000000
v 10.116767 -30.338802 0.000000
v -11.526420 -33.476627 0.000000
v 10.018190 -31.025129 0.000000
v 9.895658 -31.698538 0.000000
v -11.264303 -34.124973 0.000000
v 9.749168 -32.359028 0.000000
v 9.578723 -33.006599 0.000000
v -10.992193 -34.758663 0.000000
v 9.384321 -33.641254 0.000000
v 9.165962 -34.262989 0.000000
v 8.923648 -34.871803 0.000000
v -10.710091 -35.377697 0.000000
v 8.657376 -35.467701 0.000000
v 8.367148 -36.050678 0.000000
v -10.417994 -35.982071 0.000000
v 8.052964 -36.620739 0.000000
v 7.714823 -37.177879 0.000000
v -10.115907 -36.571793 0.000000
v 7.352726 -37.722103 0.000000
v 6.966673 -38.253410 0.000000
v -9.803825 -37.146854 0.000000
v 6.556663 -38.771793 0.000000
v -9.481751 -37.707260 0.000000
v 6.122696 -39.277260 0.000000
v 5.664773 -39.769810 0.000000
v -9.149684 -38.253006 0.000000
v 5.182894 -40.249439 0.000000
v -8.807624 -38.784100 0.000000
v 4.677059 -40.716152 0.000000
v -8.455571 -39.300533 0.000000
v 4.147266 -41.169945 0.000000
v -8.093526 -39.802311 0.000000
v 3.593518 -41.610821 0.000000
v -7.721488 -40.289433 0.000000
v 3.015813 -42.038776 0.000000
v -7.339456 -40.761898 0.000000
v 2.414151 -42.453812 0.000000
v -6.947432 -41.219707 0.000000
v -6.545415 -41.662857 0.000000
v 1.788534 -42.855930 0.000000
v -6.133405 -42.091351 0.000000
v 1.138959 -43.245132 0.000000
v -5.711402 -42.505188 0.000000
v -5.279407 -42.904366 0.000000
v 0.465429 -43.621414 0.000000
v -4.837418 -43.288891 0.000000
v -0.232058 -43.984776 0.000000
v -4.385437 -43.658756 0.000000
v -3.923463 -44.013966 0.000000
v -0.953502 -44.335220 0.000000
v -3.451496 -44.354519 0.000000
v -1.698902 -44.672745 0.000000
v -2.969536 -44.680416 0.000000
v -2.477583 -44.991653 0.000000
v -2.468258 -44.997353 0.000000
v 10.664805 -28.609842 0.000000
v 30.176039 -27.932234 0.000000
v 30.341299 -27.306650 0.000000
v 30.481623 -26.676956 0.000000
v 11.072956 -28.996841 0.000000
v 11.493209 -29.363310 0.000000
v 11.925563 -29.709246 0.000000
v 12.370020 -30.034647 0.000000
v 12.826580 -30.339516 0.000000
v 13.295241 -30.623852 0.000000
v 13.776006 -30.887657 0.000000
v 29.985846 -28.553709 0.000000
v 29.770718 -29.171074 0.000000
v 29.530655 -29.784328 0.000000
v 29.265657 -30.393475 0.000000
v 28.975445 -30.998154 0.000000
v 28.975725 -30.998508 0.000000
v 14.268872 -31.130928 0.000000
v 14.773841 -31.353664 0.000000
v 15.290912 -31.555870 0.000000
v 15.820085 -31.737543 0.000000
v 16.361361 -31.898682 0.000000
v 16.914738 -32.039288 0.000000
v 17.480219 -32.159363 0.000000
v 18.057800 -32.258904 0.000000
v 18.647486 -32.337914 0.000000
v 19.249273 -32.396389 0.000000
v 19.863161 -32.434330 0.000000
v 20.489153 -32.451740 0.000000
v 21.127247 -32.448620 0.000000
v 21.777443 -32.424961 0.000000
v 22.439743 -32.380775 0.000000
v 23.114143 -32.316051 0.000000
v 23.800646 -32.230797 0.000000
v 24.499252 -32.125011 0.000000
v 25.209959 -31.998692 0.000000
v 25.932770 -31.851839 0.000000
v 26.667683 -31.684454 0.000000
v 27.414698 -31.496536 0.000000
v 28.173815 -31.288086 0.000000
v 28.945034 -31.059101 0.000000
v 30.597013 -26.043152 0.000000
v 30.687469 -25.405237 0.000000
v 30.752991 -24.763214 0.000000
v 30.793577 -24.117079 0.000000
v 30.809231 -23.466835 0.000000
v 30.799948 -22.812481 0.000000
v 30.765732 -22.154018 0.000000
v 30.706579 -21.491446 0.000000
v 30.622494 -20.824762 0.000000
v 30.513474 -20.153969 0.000000
v 30.379520 -19.479065 0.000000
v 30.220631 -18.800053 0.000000
v 30.036806 -18.116930 0.000000
v 29.828049 -17.429697 0.000000
v 29.594357 -16.738354 0.000000
v 29.335730 -16.042902 0.000000
v 29.052168 -15.343339 0.000000
v 28.743671 -14.639667 0.000000
v 28.410240 -13.931885 0.000000
v 28.051876 -13.219993 0.000000
v 27.668577 -12.503990 0.000000
v 27.260342 -11.783879 0.000000
v 26.827173 -11.059657 0.000000
v 26.369070 -10.331326 0.000000
v 26.513536 -9.375609 0.000000
v 27.125816 -9.142581 0.000000
v 27.722874 -8.899799 0.000000
v 28.304707 -8.647264 0.000000
v 28.871317 -8.384974 0.000000
v 29.422703 -8.112931 0.000000
v 29.958868 -7.831135 0.000000
v 30.479807 -7.539584 0.000000
v 30.985525 -7.238281 0.000000
v 31.476019 -6.927223 0.000000
v 38.259834 1.858073 0.000000
v 31.951290 -6.606412 0.000000
v 32.411339 -6.275847 0.000000
v 32.856163 -5.935529 0.000000
v 33.285763 -5.585457 0.000000
v 33.700142 -5.225631 0.000000
v 34.099297 -4.856052 0.000000
v 34.483227 -4.476719 0.000000
v 38.089027 1.342189 0.000000
v 34.851936 -4.087633 0.000000
v 37.902996 0.836059 0.000000
v 35.205421 -3.688793 0.000000
v 37.701744 0.339682 0.000000
v 35.543682 -3.280199 0.000000
v 37.485268 -0.146941 0.000000
v 35.866722 -2.861851 0.000000
v 37.253567 -0.623810 0.000000
v 36.174538 -2.433750 0.000000
v 37.006645 -1.090925 0.000000
v 36.467129 -1.995896 0.000000
v 36.744499 -1.548287 0.000000
v 26.465803 12.012143 0.000000
v 20.202143 12.019033 0.000000
v 25.862329 12.134167 0.000000
v 20.851400 12.139679 0.000000
v 25.253767 12.229227 0.000000
v 21.495571 12.233361 0.000000
v 24.640120 12.297324 0.000000
v 22.134655 12.300080 0.000000
v 24.021383 12.338458 0.000000
v 22.768652 12.339836 0.000000
v 23.397562 12.352629 0.000000
v 2.168415 23.732910 0.000000
v 20.357162 12.630189 0.000000
v 20.620180 13.347783 0.000000
v 20.842005 14.062291 0.000000
v 21.024731 14.772591 0.000000
v 21.170450 15.477559 0.000000
v 21.281256 16.176073 0.000000
v 21.359241 16.867006 0.000000
v 21.406498 17.549240 0.000000
v 21.425117 18.221647 0.000000
v 21.417196 18.883106 0.000000
v 21.384825 19.532494 0.000000
v 21.330095 20.168684 0.000000
v 21.255102 20.790558 0.000000
v 21.161936 21.396988 0.000000
v 21.052692 21.986853 0.000000
v 20.929462 22.559031 0.000000
v 20.794338 23.112394 0.000000
v 20.649414 23.645824 0.000000
v 2.703290 24.121258 0.000000
v 3.236962 24.494284 0.000000
v 3.769430 24.851990 0.000000
v 4.300694 25.194374 0.000000
v 4.830755 25.521437 0.000000
v 5.359612 25.833179 0.000000
v 5.887266 26.129601 0.000000
v 6.413715 26.410700 0.000000
v 6.938962 26.676479 0.000000
v 7.463004 26.926937 0.000000
v 7.985843 27.162073 0.000000
v 8.507478 27.381889 0.000000
v 9.027908 27.586384 0.000000
v 9.547136 27.775558 0.000000
v 10.065160 27.949411 0.000000
v 10.581980 28.107943 0.000000
v 11.097597 28.251154 0.000000
v 11.612009 28.379044 0.000000
v 12.125218 28.491611 0.000000
v 12.637224 28.588860 0.000000
v 13.148026 28.670786 0.000000
v 20.496782 24.158194 0.000000
v 13.657623 28.737391 0.000000
v 20.338535 24.648382 0.000000
v 14.166018 28.788675 0.000000
v 20.176765 25.115265 0.000000
v 14.673209 28.824638 0.000000
v 20.013565 25.557718 0.000000
v 15.179195 28.845282 0.000000
v 19.851030 25.974619 0.000000
v 15.683979 28.850603 0.000000
v 19.691250 26.364843 0.000000
v 16.187559 28.840603 0.000000
v 19.536320 26.727270 0.000000
v 16.689934 28.815281 0.000000
v 19.388330 27.060774 0.000000
v 17.191107 28.774639 0.000000
v 19.249374 27.364231 0.000000
v 19.121546 27.636520 0.000000
v 17.691074 28.718678 0.000000
v 19.006937 27.876518 0.000000
v 18.189840 28.647392 0.000000
v 18.907642 28.083097 0.000000
v 18.825750 28.255138 0.000000
v 18.763359 28.391518 0.000000
v 18.721266 28.490337 0.000000
v 18.687401 28.560787 0.000000
v 18.764658 28.392775 0.000000
v 2.114196 24.765896 0.000000
v 2.048669 25.770119 0.000000
v 1.971754 26.741510 0.000000
v 1.883369 27.675995 0.000000
v 1.783436 28.569506 0.000000
v 1.729114 28.999622 0.000000
v 1.671875 29.417967 0.000000
v 1.611708 29.824034 0.000000
v 1.548604 30.217312 0.000000
v 1.482553 30.597292 0.000000
v 1.413545 30.963467 0.000000
v 1.356472 31.218557 0.000000
v 1.288093 31.462162 0.000000
v 1.208819 31.694466 0.000000
v 1.119059 31.915653 0.000000
v 1.019223 32.125908 0.000000
v 0.909722 32.325420 0.000000
v 0.790965 32.514370 0.000000
v 0.663364 32.692947 0.000000
v 0.527327 32.861332 0.000000
v 0.383266 33.019714 0.000000
v 0.231590 33.168278 0.000000
v 0.072709 33.307205 0.000000
v -0.265026 33.556904 0.000000
v -0.626658 33.770290 0.000000
v -1.008907 33.948849 0.000000
v -1.408490 34.094055 0.000000
v -1.822128 34.207401 0.000000
v -2.246540 34.290359 0.000000
v -2.678443 34.344421 0.000000
v -3.114559 34.371059 0.000000
v -3.551604 34.371765 0.000000
v -3.986300 34.348015 0.000000
v -4.415363 34.301292 0.000000
v -4.835515 34.233082 0.000000
v -5.243473 34.144859 0.000000
v -5.635957 34.038113 0.000000
v -6.009685 33.914326 0.000000
v -6.361377 33.774975 0.000000
v -6.687753 33.621544 0.000000
v -6.985530 33.455517 0.000000
v -7.251428 33.278374 0.000000
v -7.482166 33.091599 0.000000
v -7.674463 32.896675 0.000000
v -7.825037 32.695084 0.000000
v -7.883654 32.592247 0.000000
v -7.930610 32.488304 0.000000
v -7.965495 32.383430 0.000000
v -7.987898 32.277821 0.000000
v -7.997410 32.171654 0.000000
v -7.976121 31.958393 0.000000
v -7.993621 32.065117 0.000000
v 18.288452 10.442483 -1.866304
v 17.691233 6.881751 -2.250000
v 16.840609 9.645157 -1.950850
v 16.144693 6.871730 -2.250000
v 15.074772 8.431273 -2.081545
v 14.610607 6.872503 -2.250000
v 13.275106 7.222378 -2.213217
v 19.242342 6.903601 -2.250000
v 19.718958 11.228356 -1.784154
v 20.050861 11.910634 -1.711307
v 20.202143 12.019033 -1.699995
v 20.786095 12.128724 -1.689801
v 20.790146 6.938312 -2.250000
v 21.370716 12.217256 -1.682122
v 21.955873 12.284081 -1.677030
v 22.326763 6.986919 -2.250000
v 22.541437 12.328651 -1.674594
v 23.127274 12.350420 -1.674887
v 23.713257 12.348838 -1.677979
v 23.844316 7.050455 -2.250000
v 25.334833 7.129951 -2.250000
v 26.067167 7.175900 -2.250000
v 26.056002 12.098052 -1.719755
v 26.636173 11.972594 -1.737756
v 24.299252 12.323358 -1.683941
v 24.885130 12.273432 -1.692843
v 25.470760 12.198512 -1.704758
v 26.789268 7.225999 -2.250000
v 27.207460 11.823270 -1.758616
v 27.769941 11.650630 -1.782275
v 27.808487 7.305437 -2.250000
v 28.323692 11.455223 -1.808673
v 28.800343 7.393524 -2.250000
v 28.868792 11.237598 -1.837751
v 29.405319 10.998306 -1.869449
v 29.761208 7.490285 -2.250000
v 29.933353 10.737896 -1.903708
v 30.452971 10.456917 -1.940467
v 30.687452 7.595747 -2.250000
v 30.964243 10.155923 -1.979669
v 31.136457 7.651750 -2.250000
v 31.465712 9.836470 -2.021134
v 31.575407 7.709916 -2.250000
v 31.956320 9.500139 -2.064668
v 32.006691 7.770575 -2.250000
v 32.420658 7.832285 -2.250000
v 32.825729 7.896227 -2.250000
v 33.218269 7.961832 -2.250000
v 33.597672 8.028970 -2.250000
v 33.363739 8.399424 -2.206387
v 33.811661 8.005122 -2.256901
v 32.436142 9.147885 -2.110141
v 32.905258 8.780663 -2.157424
v 34.249104 7.598712 -2.308837
v 34.676140 7.181147 -2.362066
v 35.092846 6.753379 -2.416458
v 35.499298 6.316364 -2.471884
v 35.895576 5.871055 -2.528215
v 36.281754 5.418404 -2.585322
v 36.657902 4.959366 -2.643075
v 11.467249 6.041637 -2.343212
v 13.096850 6.883039 -2.250000
v 8.796177 4.373980 -2.529259
v 9.676833 4.912211 -2.468879
v 10.568258 5.469062 -2.406752
v 6.214567 2.879754 -2.698912
v 7.078357 3.364016 -2.643564
v 7.929494 3.857264 -2.587562
v 4.452390 1.954501 -2.805844
v 5.335454 2.406469 -2.753393
v 3.145252 1.339131 -2.878167
v 3.576742 1.534187 -2.855100
v 15.963521 9.039039 -2.015910
v 37.427082 3.963268 -2.770705
v 37.047047 4.465204 -2.706639
v 1.306474 0.628411 -2.894493
v 1.661827 0.747147 -2.867698
v 2.030263 0.880856 -2.840437
v 2.411326 1.029103 -2.812739
v 2.804561 1.191451 -2.784631
v 3.209515 1.367463 -2.756143
v 3.625732 1.556705 -2.727302
v 4.052759 1.758739 -2.698137
v 4.490139 1.973129 -2.668676
v 4.937418 2.199439 -2.638949
v 5.394143 2.437232 -2.608983
v 5.859858 2.686072 -2.578807
v 6.334108 2.945523 -2.548450
v 6.816440 3.215148 -2.517939
v 7.306397 3.494511 -2.487304
v 8.307371 4.080707 -2.425773
v 9.333395 4.700620 -2.364085
v 10.380814 5.350749 -2.302468
v 11.444548 6.026744 -2.241243
v 12.519423 6.724116 -2.180719
v 13.600953 7.438753 -2.121157
v 14.684652 8.166546 -2.062818
v 37.761028 0.481066 -2.860042
v 37.571587 0.041865 -2.821033
v 37.364712 -0.400178 -2.780009
v 37.145309 -0.833371 -2.739912
v 36.913433 -1.257748 -2.700732
v 36.669136 -1.673343 -2.662459
v 36.412479 -2.080191 -2.625083
v 36.143513 -2.478327 -2.588594
v 35.862297 -2.867786 -2.552984
v 35.568886 -3.248603 -2.518240
v 35.263329 -3.620811 -2.484356
v 34.945690 -3.984446 -2.451319
v 34.616024 -4.339543 -2.419122
v 34.274380 -4.686136 -2.387753
v 33.920837 -5.024241 -2.357205
v 33.557167 -5.352394 -2.327602
v 33.184742 -5.669786 -2.299009
v 32.803932 -5.976611 -2.271404
v 32.415092 -6.273060 -2.244762
v 32.018593 -6.559328 -2.219060
v 31.614792 -6.835607 -2.194276
v 31.204054 -7.102088 -2.170385
v 30.363226 -7.606431 -2.125192
v 29.499342 -8.073725 -2.083315
v 28.615696 -8.505381 -2.044602
v 27.715389 -8.902939 -2.008894
v 26.801519 -9.267940 -1.976030
v 25.886034 -9.598885 -1.792404
v 25.877188 -9.601924 -1.793335
v 25.877188 -9.601924 -1.945851
v 1.279675 0.629775 -2.897059
v 23.818338 -9.394772 -1.978636
v 23.124050 -9.283995 -1.993459
v 22.773726 -6.914455 -2.250000
v 20.514668 -8.159678 -2.122860
v 20.711699 -6.975241 -2.250000
v 18.645683 -7.013521 -2.250000
v 17.922270 -7.037567 -2.248345
v 16.637556 -6.480946 -2.309359
v 15.363229 -5.929206 -2.369083
v 14.101336 -5.383790 -2.427412
v 12.853923 -4.846143 -2.484243
v 11.623037 -4.317708 -2.539472
v 10.410726 -3.799926 -2.592996
v 9.208590 -3.289827 -2.645149
v 7.969014 -2.768193 -2.697865
v 6.700971 -2.240218 -2.750615
v 5.422256 -1.714862 -2.802491
v 4.150665 -1.201084 -2.852588
v 24.819689 -6.829113 -2.250000
v 24.509815 -9.485762 -1.965644
v 25.196693 -9.555350 -1.954658
v 25.833576 -6.776572 -2.250000
v 26.840078 -6.717014 -2.250000
v 27.835411 -6.650310 -2.250000
v 28.826988 -6.575530 -2.250000
v 29.805426 -6.492940 -2.250000
v 30.772537 -6.402012 -2.250000
v 31.727360 -6.302412 -2.250000
v 25.202147 -9.555824 -1.844781
v 24.517521 -9.486677 -1.895299
v 23.824444 -9.395671 -1.944865
v 18.475452 -7.667305 -2.250000
v 19.689623 -9.013753 -2.250000
v 20.894661 -10.368902 -2.250000
v 22.087271 -11.727449 -2.250000
v 23.264154 -13.084093 -2.250000
v 24.081488 -14.035185 -2.250000
v 26.988924 -11.325765 -1.823765
v 27.337473 -11.917015 -1.836576
v 26.262268 -10.166437 -1.801743
v 26.630211 -10.742151 -1.812175
v 27.674921 -12.515641 -1.850671
v 24.888245 -14.980854 -2.250000
v 25.683273 -15.919251 -2.250000
v 26.465424 -16.848524 -2.250000
v 27.233501 -17.766788 -2.250000
v 29.162926 -15.610242 -1.942625
v 29.414129 -16.247623 -1.965756
v 28.000336 -13.121381 -1.866113
v 28.312778 -13.733973 -1.882966
v 28.611315 -14.353154 -1.901293
v 28.895008 -14.978664 -1.921158
v 29.647684 -16.890549 -1.990615
v 27.986198 -18.672064 -2.250000
v 28.722265 -19.562418 -2.250000
v 29.440462 -20.435913 -2.250000
v 30.517826 -20.178160 -2.143003
v 30.386709 -19.512445 -2.108603
v 30.233105 -18.849966 -2.076197
v 30.058107 -18.191982 -2.045773
v 29.862656 -17.538755 -2.017267
v 30.139540 -21.290621 -2.250000
v 30.625423 -20.845123 -2.179357
v 30.708908 -21.513180 -2.217710
v 30.767700 -22.182203 -2.258108
v 30.801212 -22.852068 -2.300598
v 30.808865 -23.522650 -2.345226
v 30.790071 -24.193825 -2.392038
v 30.744249 -24.865467 -2.441082
v 30.670815 -25.537451 -2.492403
v 30.569670 -26.206829 -2.545818
v 30.441742 -26.868172 -2.600892
v 30.287497 -27.521406 -2.657586
v 30.107393 -28.166588 -2.715872
v 29.901882 -28.803776 -2.775722
v 29.671419 -29.433031 -2.837107
v -13.263613 -27.762205 -1.707907
v -12.965489 -28.987286 -1.749165
v -12.631846 -30.207695 -1.794353
v -12.260600 -31.419502 -1.843644
v -11.849667 -32.618774 -1.897214
v -11.628666 -33.212482 -1.925658
v -11.396962 -33.801582 -1.955238
v -11.154294 -34.385582 -1.985976
v -10.900402 -34.963993 -2.017892
v -10.635025 -35.536320 -2.051010
v -10.357903 -36.102074 -2.085350
v -10.068775 -36.660759 -2.120936
v -9.767381 -37.211891 -2.157788
v -9.453570 -37.754795 -2.195917
v -9.127471 -38.288425 -2.235299
v -8.788884 -38.812340 -2.275949
v -8.437580 -39.326153 -2.317881
v -8.073330 -39.829475 -2.361112
v -7.695904 -40.321926 -2.405659
v -7.305073 -40.803112 -2.451536
v -6.900607 -41.272652 -2.498762
v -6.482277 -41.730156 -2.547350
v -6.049854 -42.175236 -2.597319
v -5.603107 -42.607510 -2.648683
v -5.141809 -43.026588 -2.701459
v -4.666178 -43.431713 -2.755613
v -4.431011 -43.622478 -2.782290
v -4.203465 -43.801334 -2.808037
v -3.984353 -43.968407 -2.832769
v -3.774486 -44.123829 -2.856398
v -3.574677 -44.267735 -2.878838
v -8.735586 -21.891575 -2.150629
v -7.895321 -23.273186 -2.250000
v -9.946732 -24.543100 -2.039285
v -8.033663 -25.370516 -2.250000
v -8.104039 -26.405216 -2.250000
v -8.174906 -27.428215 -2.250000
v -11.898314 -26.686026 -1.845968
v -12.337320 -27.069427 -1.801836
v -12.792535 -27.429483 -1.755814
v -8.246027 -28.437716 -2.250000
v -8.317169 -29.431923 -2.250000
v -8.422541 -30.878855 -2.250000
v -8.474807 -31.586290 -2.250000
v -7.545896 -19.225035 -2.260811
v -7.761757 -21.150587 -2.250000
v -6.387607 -16.558401 -2.369076
v -5.815813 -15.211836 -2.422924
v -5.241621 -13.836454 -2.477299
v -4.668950 -12.438609 -2.531941
v -4.101724 -11.024665 -2.586589
v -3.543865 -9.600986 -2.640982
v -2.999297 -8.173935 -2.694860
v -2.471944 -6.749875 -2.747961
v -1.965727 -5.335170 -2.800025
v -1.484571 -3.936184 -2.850792
v -8.526665 -32.282051 -2.250000
v -8.578016 -32.965405 -2.250000
v -8.628767 -33.635609 -2.250000
v -8.678819 -34.291920 -2.250000
v -8.728141 -34.934452 -2.250000
v -8.776438 -35.559917 -2.250000
v -8.823811 -36.170151 -2.250000
v -8.870105 -36.763630 -2.250000
v -8.915232 -37.339684 -2.250000
v -8.959102 -37.897636 -2.250000
v -11.475864 -26.283260 -1.888206
v -11.070315 -25.865120 -1.928547
v -10.682014 -25.435587 -1.966984
v -10.309864 -24.996895 -2.003656
v -7.999699 -19.800068 -2.250000
v -9.569097 -21.220444 -2.250000
v -11.136728 -22.607349 -2.250000
v -12.264673 -23.587194 -2.250000
v -13.385846 -24.547243 -2.250000
v -14.497794 -25.486523 -2.250000
v -12.599317 -27.281210 -2.005983
v -13.107334 -27.656263 -2.009691
v -10.339588 -25.032902 -2.028764
v -10.752715 -25.515888 -2.019793
v -11.185683 -25.987137 -2.012701
v -11.638060 -26.441723 -2.007816
v -12.109415 -26.874722 -2.005467
v -13.633037 -27.994959 -2.016920
v -15.598063 -26.404058 -2.250000
v -16.684153 -27.298746 -2.250000
v -17.753460 -28.169268 -2.250000
v -16.039776 -29.246172 -2.069870
v -16.546568 -29.437601 -2.085932
v -14.096135 -28.285959 -2.023687
v -14.568744 -28.556116 -2.032418
v -15.050478 -28.805895 -2.043061
v -15.540951 -29.035759 -2.055562
v -17.060942 -29.610510 -2.103696
v -17.582508 -29.765362 -2.123109
v -18.803415 -29.014425 -2.250000
v -18.110884 -29.902622 -2.144119
v -18.645407 -30.022696 -2.166662
v -19.184090 -30.125790 -2.190609
v -19.831444 -29.833019 -2.250000
v -19.726128 -30.212484 -2.215875
v -20.270933 -30.283409 -2.242382
v -20.817924 -30.339201 -2.270055
v -21.366518 -30.380491 -2.298816
v -21.916128 -30.407915 -2.328588
v -22.466173 -30.422106 -2.359295
v -23.016066 -30.423698 -2.390860
v -24.113066 -30.391617 -2.456255
v -25.207512 -30.316292 -2.524480
v -26.303984 -30.201115 -2.595563
v -27.399364 -30.049557 -2.669084
v -28.490408 -29.865088 -2.744616
v -29.573874 -29.651182 -2.821730
v 1.783889 -3.448688 -2.798463
v 1.547975 -2.850035 -2.823462
v 1.597839 -2.975237 -2.823806
v 1.417076 -2.525140 -2.847972
v 1.315138 -2.276276 -2.847805
v 1.221575 -2.051384 -2.873443
v 1.063855 -1.681090 -2.873720
v 7.921538 -19.151670 -2.082946
v 9.863015 -18.989841 -2.250000
v 8.718990 -21.445810 -1.983235
v 11.002308 -20.279697 -2.250000
v 9.116716 -22.829893 -1.917317
v 12.130855 -21.573101 -2.250000
v 9.506475 -24.204191 -1.852072
v 9.887189 -25.562939 -1.787766
v 13.724730 -23.424812 -2.250000
v 10.257780 -26.900381 -1.724662
v 14.506529 -24.343254 -2.250000
v 10.272424 -27.551319 -1.680572
v 10.268758 -28.202309 -1.635058
v 10.683795 -28.628567 -1.639530
v 15.276250 -25.253803 -2.250000
v 11.115677 -29.035532 -1.646825
v 11.564711 -29.422625 -1.657005
v 16.032465 -26.154293 -2.250000
v 12.031203 -29.789268 -1.670130
v 12.515462 -30.134888 -1.686261
v 16.773851 -27.042643 -2.250000
v 13.016242 -30.457951 -1.705396
v 13.529600 -30.755844 -1.727383
v 17.499022 -27.916727 -2.250000
v 14.055177 -31.028700 -1.752177
v 14.592808 -31.276777 -1.779742
v 18.206589 -28.774424 -2.250000
v 15.142332 -31.500341 -1.810038
v 15.703407 -31.699593 -1.843019
v 18.895164 -29.613604 -2.250000
v 16.272020 -31.873728 -1.878398
v 16.846081 -32.023098 -1.915972
v 19.563360 -30.432140 -2.250000
v 17.424938 -32.148609 -1.955619
v 18.007944 -32.251171 -1.997221
v 20.209789 -31.227911 -2.250000
v 18.594450 -32.331680 -2.040656
v 19.183804 -32.391052 -2.085805
v 19.775356 -32.430187 -2.132546
v 20.833063 -31.998787 -2.250000
v 20.368458 -32.449993 -2.180759
v 20.962461 -32.451374 -2.230324
v 21.556713 -32.435238 -2.281121
v 22.150812 -32.402473 -2.333051
v 22.745592 -32.353813 -2.386132
v 23.340719 -32.290001 -2.440285
v 23.935621 -32.211796 -2.495408
v 24.529730 -32.119942 -2.551401
v 25.122471 -32.015198 -2.608164
v 25.713274 -31.898314 -2.665596
v 26.886784 -31.631147 -2.782064
v 7.106019 -16.855570 -2.183598
v 8.716994 -17.709511 -2.250000
v 7.568264 -16.444685 -2.250000
v 6.276660 -14.576188 -2.284485
v 5.437685 -12.332203 -2.384901
v 5.015912 -11.229321 -2.434712
v 4.593320 -10.142291 -2.484140
v 4.162345 -9.053165 -2.534030
v 3.713429 -7.940719 -2.585410
v 3.248811 -6.814407 -2.637916
v 2.770806 -5.683871 -2.691175
v 2.281728 -4.558751 -2.744815
v 6.519703 -16.201578 -2.250000
v 6.403872 -18.397480 -2.250000
v 6.144107 -22.808235 -2.250000
v 9.117396 -22.832273 -1.931485
v 9.507410 -24.207506 -1.880411
v 9.887911 -25.565531 -1.830204
v 6.003965 -24.994308 -2.250000
v 10.257780 -26.900381 -1.781053
v 5.859545 -27.148396 -2.250000
v 5.786329 -28.208963 -2.250000
v 5.712764 -29.256161 -2.250000
v 10.235196 -29.048235 -1.767604
v 10.180117 -29.762243 -1.768100
v 10.272896 -27.616465 -1.774210
v 10.265747 -28.332674 -1.769684
v 10.099445 -30.473495 -1.771297
v 5.639089 -30.288195 -2.250000
v 5.565543 -31.303272 -2.250000
v 5.497774 -32.226421 -2.250000
v 9.694115 -32.579834 -1.798244
v 9.502088 -33.267803 -1.813325
v 9.992113 -31.181253 -1.777316
v 9.857194 -31.884129 -1.786271
v 5.430512 -33.132080 -2.250000
v 9.280312 -33.947536 -1.831609
v 5.363948 -34.018822 -2.250000
v 9.029230 -34.615452 -1.853080
v 8.750465 -35.266834 -1.877606
v 5.298273 -34.885227 -2.250000
v 8.444209 -35.901726 -1.905171
v 5.233676 -35.729870 -2.250000
v 8.110636 -36.520226 -1.935759
v 5.170349 -36.551331 -2.250000
v 7.749922 -37.122421 -1.969354
v 5.108479 -37.348194 -2.250000
v 7.362243 -37.708408 -2.005942
v 6.947776 -38.278275 -2.045506
v 5.048255 -38.119015 -2.250000
v 6.506696 -38.832119 -2.088030
v 4.989883 -38.862247 -2.250000
v 6.039219 -39.369984 -2.133496
v 4.933568 -39.576328 -2.250000
v 5.548993 -39.888447 -2.181545
v 4.879516 -40.259697 -2.250000
v 5.039128 -40.385677 -2.231863
v 4.510798 -40.862183 -2.284327
v 3.965174 -41.318466 -2.338812
v 3.403430 -41.755035 -2.395194
v 2.826737 -42.172398 -2.453348
v 2.236268 -42.571053 -2.513149
v 1.633195 -42.951508 -2.574475
v 1.018675 -43.314281 -2.637195
v 0.393883 -43.659866 -2.701196
v -0.239948 -43.988739 -2.766382
v -0.881586 -44.301373 -2.832660
v -22.476198 9.260530 -2.250000
v -21.295481 9.122170 -2.250000
v -19.576502 8.933388 -2.250000
v -17.828760 8.757530 -2.250000
v -23.638243 9.403366 -2.250000
v -24.779709 9.549923 -2.250000
v -25.898689 9.699450 -2.250000
v -26.993320 9.851176 -2.250000
v -28.061888 10.004312 -2.250000
v -29.105236 10.158482 -2.250000
v -30.113811 10.311755 -2.250000
v -28.369308 -8.452290 -1.684425
v -28.755802 -9.021681 -1.702085
v -29.127529 -9.600050 -1.721481
v -29.484035 -10.187408 -1.742632
v -29.824877 -10.783768 -1.765557
v -30.149605 -11.389139 -1.790275
v -30.457767 -12.003533 -1.816805
v -30.748917 -12.626964 -1.845164
v -31.022467 -13.259109 -1.875355
v -31.277203 -13.897931 -1.907291
v -31.512726 -14.542978 -1.940952
v -31.728792 -15.194125 -1.976335
v -31.925156 -15.851245 -2.013433
v -32.101566 -16.514214 -2.052243
v -32.257786 -17.182907 -2.092761
v -32.393539 -17.857098 -2.134975
v -32.508320 -18.534988 -2.178774
v -32.601921 -19.215723 -2.224095
v -32.674263 -19.898989 -2.270911
v -32.725239 -20.584126 -2.319170
v -32.754463 -21.258259 -2.367913
v -32.763023 -21.914333 -2.416538
v -32.752567 -22.551445 -2.464877
v -32.724747 -23.168699 -2.512762
v -32.681198 -23.765192 -2.560025
v -32.623573 -24.340023 -2.606498
v -32.553520 -24.892296 -2.652013
v -32.472679 -25.421106 -2.696401
v -32.382702 -25.925556 -2.739495
v -32.285229 -26.404747 -2.781126
v -32.181908 -26.857777 -2.821126
v -32.074387 -27.283745 -2.859327
v -31.964310 -27.681753 -2.895561
v -13.527512 -5.595235 -2.423591
v -12.540617 -5.319937 -2.470781
v -11.243158 -4.816571 -2.524477
v -9.952878 -4.301303 -2.578246
v -8.671851 -3.774180 -2.632046
v -7.402154 -3.235249 -2.685833
v -6.145862 -2.684554 -2.739565
v -4.905048 -2.122141 -2.793199
v -3.681790 -1.548057 -2.846691
v -14.509112 -5.855567 -2.376343
v -15.482749 -6.101406 -2.329196
v -16.449724 -6.334157 -2.282116
v -17.899616 -7.227732 -2.250000
v -18.401579 -6.772136 -2.186387
v -19.325533 -8.537201 -2.250000
v -20.373999 -7.175611 -2.088813
v -22.358900 -7.546204 -1.989887
v -20.750114 -9.815241 -2.250000
v -21.798588 -10.738290 -2.250000
v -23.885355 -12.535083 -2.250000
v -22.844660 -11.645449 -2.250000
v -24.348196 -7.885539 -1.890102
v -24.917706 -13.405558 -2.250000
v -25.938808 -14.255398 -2.250000
v -26.945879 -15.083318 -2.250000
v -27.936094 -15.887917 -2.250000
v -28.906624 -16.667789 -2.250000
v -29.854647 -17.421537 -2.250000
v -30.777336 -18.147751 -2.250000
v -31.671867 -18.845034 -2.250000
v -32.107689 -19.182384 -2.250000
v -32.535412 -19.511976 -2.250000
v -28.307627 -8.476917 -1.689935
v -26.333801 -8.195235 -1.789954
v -13.513542 -5.591434 -2.439804
v -14.490637 -5.850783 -2.409412
v -15.470195 -6.098312 -2.379602
v -16.450510 -6.334345 -2.350370
v -18.406681 -6.773244 -2.293622
v -20.150146 -7.074052 -2.250000
v -20.369671 -7.174785 -2.238486
v -22.045895 -6.875767 -2.250000
v -23.902225 -6.664738 -2.250000
v -25.129272 -6.516462 -2.250000
v -26.334764 -6.364224 -2.250000
v -27.517237 -6.208763 -2.250000
v -28.675226 -6.050817 -2.250000
v -29.807241 -5.891116 -2.250000
v -30.911655 -5.730359 -2.250000
v -31.986858 -5.569273 -2.250000
v -32.976303 -5.044416 -2.284549
v -33.652336 -4.312603 -2.342545
v -34.299252 -3.562301 -2.402493
v -22.348745 -7.544405 -2.184458
v -24.336418 -7.883623 -2.131550
v -26.325207 -8.193954 -2.079768
v -28.307627 -8.476917 -2.029123
v -28.748508 -8.287353 -2.041137
v -29.180706 -8.071671 -2.055611
v -29.603231 -7.833245 -2.072248
v -30.015091 -7.575447 -2.090754
v -30.415297 -7.301651 -2.110831
v -30.802855 -7.015227 -2.132186
v -31.178576 -6.718080 -2.154633
v -31.548918 -6.406873 -2.178396
v -31.914238 -6.082475 -2.203394
v -32.274158 -5.746315 -2.229502
v -34.914043 -2.804934 -2.463399
v -35.498009 -2.046193 -2.524735
v -36.066525 -1.271078 -2.587677
v -36.620171 -0.481811 -2.652025
v -37.157665 0.317038 -2.717390
v -37.677734 1.120889 -2.783381
v -37.921844 1.508699 -2.815290
v -38.146214 1.871266 -2.845165
v -38.353863 2.212292 -2.873302
v 14.073256 10.490089 -2.250000
v 15.020291 11.980731 -2.250000
v 15.984429 13.461756 -2.250000
v 16.959747 14.919038 -2.250000
v 17.449745 15.634361 -2.250000
v 20.569876 13.201406 -1.826757
v 20.737450 13.709778 -1.842958
v 17.940271 16.338390 -2.250000
v 20.886887 14.224080 -1.861388
v 21.018148 14.744257 -1.882052
v 18.430279 17.029089 -2.250000
v 21.131197 15.270251 -1.904952
v 21.225975 15.801889 -1.930089
v 18.918634 17.704414 -2.250000
v 21.302092 16.336254 -1.957315
v 19.404205 18.362324 -2.250000
v 21.359684 16.871923 -1.986526
v 21.399126 17.408661 -2.017668
v 19.885857 19.000780 -2.250000
v 21.420788 17.946226 -2.050687
v 21.425043 18.484375 -2.085530
v 20.362457 19.617741 -2.250000
v 21.412264 19.022871 -2.122145
v 21.382822 19.561474 -2.160477
v 20.832870 20.211164 -2.250000
v 21.337177 20.099289 -2.200425
v 21.195194 20.656729 -2.250000
v 21.199331 21.169344 -2.284727
v 21.108059 21.701096 -2.328933
v 21.002508 22.230337 -2.374408
v 20.883139 22.756823 -2.421079
v 20.750420 23.280310 -2.468872
v 20.604811 23.800552 -2.517712
v 20.446779 24.317308 -2.567525
v 20.276789 24.830330 -2.618236
v 20.095303 25.339375 -2.669771
v 19.903811 25.841593 -2.721782
v 19.712927 26.312895 -2.771614
v 19.528194 26.745831 -2.818241
v 19.353178 27.138338 -2.861193
v 19.270428 27.318789 -2.881144
v 12.703505 8.276462 -2.250000
v 13.149248 9.003957 -2.250000
v 12.265526 7.555204 -2.250000
v 11.836024 6.841883 -2.250000
v 11.415714 6.138197 -2.250000
v 21.275858 20.635326 -2.241867
v 20.384201 12.699022 -1.812780
v 20.180466 12.202682 -1.801024
v 19.958704 11.712441 -1.791483
v 17.254692 28.768379 -2.856095
v 16.737411 28.812092 -2.813029
v 16.219524 28.839449 -2.770788
v 15.701035 28.850515 -2.729363
v 15.181951 28.845352 -2.688741
v 14.662274 28.824024 -2.648912
v 14.142014 28.786596 -2.609864
v 13.621350 28.733152 -2.571598
v 13.102854 28.664150 -2.534282
v 12.587415 28.580061 -2.497954
v 12.075093 28.481279 -2.462591
v 11.565950 28.368202 -2.428173
v 11.060047 28.241228 -2.394676
v 10.557445 28.100754 -2.362079
v 10.058202 27.947174 -2.330361
v 9.562382 27.780888 -2.299498
v 9.070045 27.602291 -2.269469
v 8.581272 27.411787 -2.240253
v 8.096229 27.209810 -2.211835
v 7.615007 26.996786 -2.184199
v 6.664358 26.539293 -2.131212
v 5.729983 26.042692 -2.081164
v 4.812542 25.510366 -2.033931
v 3.912694 24.945705 -1.989383
v 3.031098 24.352091 -1.947396
v 2.168415 23.732910 -1.907843
v 8.682421 27.394770 -2.250000
v 7.923281 26.382072 -2.250000
v 7.172093 25.351000 -2.250000
v 6.500518 24.406120 -2.250000
v 5.835872 23.450777 -2.250000
v 4.529140 21.517712 -2.250000
v 2.219802 22.426226 -1.989869
v 2.253809 21.113680 -2.069901
v 3.258059 19.572067 -2.250000
v 2.638072 18.601124 -2.250000
v 2.273793 18.508024 -2.222300
v 2.261618 17.217226 -2.294704
v 2.235164 15.925940 -2.365134
v 2.194553 14.640369 -2.433314
v 2.139904 13.366725 -2.498966
v 2.071341 12.111217 -2.561814
v 1.988982 10.880051 -2.621582
v 1.892951 9.679437 -2.677993
v 1.783367 8.515584 -2.730769
v 1.723531 7.949383 -2.755708
v 1.660352 7.394700 -2.779634
v 1.593846 6.852312 -2.802514
v 1.524027 6.322995 -2.824313
v 1.450912 5.807524 -2.844995
v 1.374514 5.306676 -2.864527
v 1.294850 4.821226 -2.882873
v 2.271463 19.804537 -2.147518
vn -0.0000 -0.0000 1.0000
vn -0.4250 0.9052 -0.0000
vn -0.4234 0.9059 -0.0000
vn -0.4226 0.9063 -0.0001
vn -0.4218 0.9067 -0.0000
vn -0.4203 0.9074 -0.0000
vn 0.5668 0.8238 -0.0000
vn 0.5654 0.8248 0.0001
vn 0.5647 0.8253 0.0002
vn 0.5640 0.8258 0.0001
vn 0.5626 0.8267 -0.0000
vn -0.0736 -0.0576 -0.9956
vn -0.0740 -0.0573 -0.9956
vn -0.0739 -0.0567 -0.9957
vn -0.0731 -0.0583 -0.9956
vn -0.0733 -0.0581 -0.9956
vn -0.0736 -0.0577 -0.9956
vn -0.0726 -0.0590 -0.9956
vn -0.0726 -0.0589 -0.9956
vn -0.0730 -0.0585 -0.9956
vn -0.0723 -0.0594 -0.9956
vn -0.0720 -0.0596 -0.9956
vn -0.0719 -0.0598 -0.9956
vn -0.0715 -0.0602 -0.9956
vn -0.0714 -0.0603 -0.9956
vn -0.0709 -0.0609 -0.9956
vn -0.0710 -0.0607 -0.9956
vn -0.0705 -0.0613 -0.9956
vn -0.0703 -0.0614 -0.9956
vn -0.0701 -0.0618 -0.9956
vn -0.0698 -0.0621 -0.9956
vn -0.0693 -0.0627 -0.9956
vn -0.0692 -0.0628 -0.9956
vn -0.0686 -0.0634 -0.9956
vn -0.0685 -0.0636 -0.9956
vn -0.0679 -0.0642 -0.9956
vn -0.0679 -0.0643 -0.9956
vn -0.0675 -0.0648 -0.9956
vn -0.0673 -0.0651 -0.9956
vn -0.0669 -0.0655 -0.9956
vn -0.0666 -0.0658 -0.9956
vn -0.0662 -0.0663 -0.9956
vn -0.0660 -0.0666 -0.9956
vn -0.0655 -0.0668 -0.9956
vn -0.0653 -0.0675 -0.9956
vn -0.0646 -0.0680 -0.9956
vn -0.0644 -0.0686 -0.9956
vn -0.0639 -0.0690 -0.9956
vn -0.0636 -0.0695 -0.9956
vn -0.0661 -0.0640 -0.9958
vn -0.0664 -0.0650 -0.9957
vn -0.0634 -0.0697 -0.9955
vn -0.0634 -0.0698 -0.9955
vn -0.0633 -0.0697 -0.9956
vn -0.0633 -0.0698 -0.9956
vn -0.0623 -0.0710 -0.9955
vn -0.0612 -0.0723 -0.9955
vn -0.0610 -0.0724 -0.9955
vn -0.0599 -0.0738 -0.9955
vn -0.0597 -0.0740 -0.9955
vn -0.0586 -0.0754 -0.9954
vn -0.0577 -0.0764 -0.9954
vn -0.0632 -0.0700 -0.9955
vn -0.0630 -0.0702 -0.9955
vn -0.0628 -0.0704 -0.9955
vn -0.0626 -0.0706 -0.9955
vn -0.0623 -0.0711 -0.9955
vn -0.0621 -0.0712 -0.9955
vn -0.0613 -0.0721 -0.9955
vn -0.0612 -0.0726 -0.9955
vn -0.0604 -0.0730 -0.9955
vn -0.0598 -0.0742 -0.9954
vn -0.0598 -0.0741 -0.9955
vn -0.0585 -0.0751 -0.9955
vn -0.0570 -0.0774 -0.9954
vn -0.0567 -0.0776 -0.9954
vn -0.0555 -0.0790 -0.9953
vn -0.0551 -0.0796 -0.9953
vn -0.0542 -0.0805 -0.9953
vn -0.0530 -0.0821 -0.9952
vn -0.0515 -0.0837 -0.9952
vn -0.0512 -0.0842 -0.9951
vn -0.0500 -0.0855 -0.9951
vn -0.0498 -0.0858 -0.9951
vn -0.0484 -0.0874 -0.9950
vn -0.0483 -0.0875 -0.9950
vn -0.0467 -0.0895 -0.9949
vn -0.0467 -0.0894 -0.9949
vn -0.0449 -0.0916 -0.9948
vn -0.0449 -0.0915 -0.9948
vn -0.0430 -0.0939 -0.9947
vn -0.0642 -0.0687 -0.9956
vn -0.0643 -0.0685 -0.9956
vn -0.0651 -0.0676 -0.9956
vn -0.0652 -0.0674 -0.9956
vn -0.0659 -0.0667 -0.9956
vn -0.6812 -0.7313 -0.0334
vn -0.7100 -0.7039 0.0206
vn -0.7119 -0.6984 0.0739
vn -0.7307 -0.6826 -0.0107
vn -0.7530 -0.6579 0.0145
vn -0.7576 -0.6506 0.0532
vn -0.7764 -0.6302 -0.0057
vn -0.7986 -0.6019 0.0056
vn -0.8015 -0.5980 -0.0030
vn -0.8266 -0.5627 0.0032
vn -0.8278 -0.5610 -0.0000
vn -0.8599 -0.5104 -0.0000
vn -0.8667 -0.4989 -0.0031
vn -0.8540 -0.5203 -0.0000
vn -0.8634 -0.5045 -0.0016
vn -0.8713 -0.4907 0.0006
vn -0.8825 -0.4703 -0.0012
vn -0.8826 -0.4701 -0.0012
vn -0.8935 -0.4491 0.0006
vn -0.9015 -0.4328 -0.0018
vn -0.9042 -0.4271 -0.0003
vn -0.9146 -0.4043 0.0003
vn -0.9198 -0.3923 -0.0020
vn -0.9247 -0.3807 0.0002
vn -0.9343 -0.3564 -0.0003
vn -0.9372 -0.3487 -0.0020
vn -0.9435 -0.3314 0.0005
vn -0.9522 -0.3056 -0.0009
vn -0.9533 -0.3019 -0.0018
vn -0.9603 -0.2791 0.0006
vn -0.9677 -0.2520 -0.0016
vn -0.9677 -0.2521 -0.0016
vn -0.9745 -0.2244 0.0006
vn -0.9799 -0.1993 -0.0019
vn -0.9806 -0.1961 -0.0011
vn -0.9859 -0.1674 0.0006
vn -0.9896 -0.1440 -0.0020
vn -0.9904 -0.1382 -0.0008
vn -0.9941 -0.1087 0.0005
vn -0.9962 -0.0870 -0.0021
vn -0.9969 -0.0789 -0.0006
vn -0.9988 -0.0489 0.0004
vn -0.9996 -0.0291 -0.0021
vn -0.9998 -0.0188 -0.0003
vn -0.9999 0.0114 0.0003
vn -0.9996 0.0292 -0.0021
vn -0.9991 0.0415 -0.0002
vn -0.9974 0.0715 0.0001
vn -0.9962 0.0872 -0.0021
vn -0.9949 0.1013 -0.0000
vn -0.9914 0.1308 -0.0000
vn -0.9896 0.1440 -0.0020
vn -0.9871 0.1600 0.0002
vn -0.9820 0.1887 -0.0002
vn -0.9800 0.1989 -0.0018
vn -0.9762 0.2170 0.0003
vn -0.9696 0.2447 -0.0005
vn -0.9679 0.2513 -0.0016
vn -0.9623 0.2719 0.0004
vn -0.9564 0.2921 -0.0005
vn -0.9545 0.2983 0.0003
vn -0.9467 0.3222 -0.0003
vn -0.9460 0.3242 -0.0000
vn -0.1560 -0.9878 -0.0000
vn -0.9800 -0.1988 -0.0000
vn -0.9801 -0.1987 -0.0000
vn -0.9801 -0.1986 -0.0000
vn -0.9801 -0.1985 -0.0000
vn -0.0000 -0.0000 -1.0000
vn -0.0000 -0.0004 -1.0000
vn -0.0000 0.0001 -1.0000
vn -0.0000 -0.0002 -1.0000
vn -0.2369 0.9715 -0.0000
vn -0.2415 0.9704 -0.0016
vn -0.2521 0.9677 0.0006
vn -0.2668 0.9638 -0.0013
vn -0.2677 0.9635 -0.0009
vn -0.2836 0.9590 0.0005
vn -0.2934 0.9560 -0.0019
vn -0.2997 0.9540 0.0001
vn -0.3162 0.9487 -0.0001
vn -0.3215 0.9469 -0.0019
vn -0.3330 0.9429 0.0006
vn -0.3501 0.9367 -0.0011
vn -0.3510 0.9364 -0.0015
vn -0.3674 0.9301 0.0006
vn -0.3819 0.9242 -0.0019
vn -0.3850 0.9229 -0.0008
vn -0.4029 0.9153 0.0004
vn -0.4143 0.9102 -0.0022
vn -0.4209 0.9071 -0.0002
vn -0.4392 0.8984 0.0001
vn -0.4479 0.8941 -0.0023
vn -0.4577 0.8891 0.0002
vn -0.4763 0.8793 -0.0003
vn -0.4827 0.8758 -0.0022
vn -0.4951 0.8688 0.0004
vn -0.5140 0.8578 -0.0007
vn -0.5186 0.8550 -0.0022
vn -0.5329 0.8462 0.0005
vn -0.5462 0.8377 -0.0005
vn -0.5519 0.8339 0.0005
vn -0.5647 0.8253 -0.0005
vn -0.5709 0.8210 0.0006
vn -0.5833 0.8123 -0.0005
vn -0.5899 0.8075 0.0006
vn -0.6019 0.7986 -0.0006
vn -0.6088 0.7933 0.0006
vn -0.6205 0.7842 -0.0006
vn -0.6276 0.7785 0.0006
vn -0.6390 0.7692 -0.0006
vn -0.6463 0.7631 0.0006
vn -0.6575 0.7535 -0.0006
vn -0.6648 0.7471 0.0006
vn -0.6758 0.7371 -0.0006
vn -0.6830 0.7304 0.0006
vn -0.6939 0.7200 -0.0006
vn -0.7010 0.7132 0.0006
vn -0.7118 0.7023 -0.0006
vn -0.7186 0.6954 0.0005
vn -0.7295 0.6840 -0.0006
vn -0.7359 0.6771 0.0005
vn -0.7468 0.6651 -0.0005
vn -0.7528 0.6582 0.0005
vn -0.7650 0.6441 -0.0007
vn -0.7693 0.6389 0.0003
vn -0.7839 0.6209 -0.0004
vn -0.7853 0.6192 -0.0000
vn 0.0657 0.0665 -0.9956
vn 0.0662 0.0659 -0.9956
vn 0.0662 0.0660 -0.9956
vn 0.0667 0.0655 -0.9956
vn 0.0677 0.0645 -0.9956
vn 0.0677 0.0646 -0.9956
vn 0.0672 0.0653 -0.9956
vn 0.0704 0.0645 -0.9954
vn 0.0673 0.0648 -0.9956
vn 0.0689 0.0634 -0.9956
vn 0.0687 0.0636 -0.9956
vn 0.0694 0.0628 -0.9956
vn 0.0692 0.0630 -0.9956
vn 0.0695 0.0629 -0.9956
vn 0.0698 0.0625 -0.9956
vn 0.0703 0.0621 -0.9956
vn 0.0703 0.0620 -0.9956
vn 0.0708 0.0615 -0.9956
vn 0.0712 0.0611 -0.9956
vn 0.0713 0.0611 -0.9956
vn 0.0716 0.0606 -0.9956
vn 0.0718 0.0604 -0.9956
vn 0.0720 0.0601 -0.9956
vn 0.0722 0.0599 -0.9956
vn 0.0723 0.0597 -0.9956
vn 0.0726 0.0594 -0.9956
vn 0.0726 0.0593 -0.9956
vn 0.0729 0.0589 -0.9956
vn 0.0732 0.0585 -0.9956
vn 0.0734 0.0584 -0.9956
vn 0.0733 0.0580 -0.9956
vn 0.0738 0.0578 -0.9956
vn 0.0660 0.0662 -0.9956
vn 0.0655 0.0667 -0.9956
vn 0.0652 0.0668 -0.9956
vn 0.0648 0.0673 -0.9956
vn 0.0652 0.0670 -0.9956
vn 0.0643 0.0678 -0.9956
vn 0.0634 0.0687 -0.9956
vn 0.0633 0.0687 -0.9956
vn 0.0641 0.0680 -0.9956
vn 0.0640 0.0681 -0.9956
vn 0.0625 0.0695 -0.9956
vn 0.0624 0.0696 -0.9956
vn 0.0616 0.0703 -0.9956
vn 0.0613 0.0705 -0.9956
vn 0.0606 0.0712 -0.9956
vn 0.0600 0.0716 -0.9956
vn 0.0597 0.0719 -0.9956
vn 0.0593 0.0722 -0.9956
vn 0.0587 0.0727 -0.9956
vn 0.0581 0.0732 -0.9956
vn 0.0574 0.0737 -0.9956
vn 0.0572 0.0738 -0.9956
vn 0.0567 0.0743 -0.9956
vn 0.0559 0.0748 -0.9956
vn 0.0556 0.0751 -0.9956
vn 0.0552 0.0754 -0.9956
vn 0.0543 0.0760 -0.9956
vn 0.0537 0.0764 -0.9956
vn 0.0535 0.0766 -0.9956
vn 0.0526 0.0773 -0.9956
vn 0.0516 0.0778 -0.9956
vn 0.0515 0.0779 -0.9956
vn 0.0507 0.0786 -0.9956
vn 0.0496 0.0792 -0.9956
vn 0.0489 0.0795 -0.9956
vn 0.0479 0.0804 -0.9956
vn 0.0458 0.0812 -0.9956
vn 0.0452 0.0820 -0.9956
vn 0.0433 0.0827 -0.9956
vn 0.0418 0.0846 -0.9955
vn 0.0600 0.0721 -0.9956
vn 0.0605 0.0714 -0.9956
vn 0.0605 0.0711 -0.9956
vn 0.0611 0.0710 -0.9956
vn 0.0621 0.0700 -0.9956
vn 0.0626 0.0695 -0.9956
vn 0.0631 0.0690 -0.9956
vn 0.0636 0.0686 -0.9956
vn 0.0645 0.0677 -0.9956
vn 0.6216 0.7833 -0.0000
vn 0.6208 0.7840 -0.0003
vn 0.5906 0.8069 0.0003
vn 0.5880 0.8089 -0.0006
vn 0.5585 0.8295 0.0006
vn 0.5537 0.8327 -0.0009
vn 0.5254 0.8508 0.0008
vn 0.5182 0.8552 -0.0011
vn 0.4915 0.8709 0.0010
vn 0.4817 0.8763 -0.0013
vn 0.4569 0.8895 0.0012
vn 0.4445 0.8958 -0.0014
vn 0.4217 0.9067 0.0013
vn 0.4070 0.9134 -0.0014
vn 0.3862 0.9224 0.0013
vn 0.3695 0.9292 -0.0014
vn 0.3506 0.9365 0.0013
vn 0.3322 0.9432 -0.0014
vn 0.3150 0.9491 0.0013
vn 0.2953 0.9554 -0.0013
vn 0.2795 0.9601 0.0012
vn 0.2589 0.9659 -0.0013
vn 0.2443 0.9697 0.0012
vn 0.2232 0.9748 -0.0012
vn 0.2096 0.9778 0.0011
vn 0.1884 0.9821 -0.0011
vn 0.1755 0.9845 0.0011
vn 0.1546 0.9880 -0.0011
vn 0.1421 0.9899 0.0010
vn 0.1221 0.9925 -0.0010
vn 0.1094 0.9940 0.0010
vn 0.0908 0.9959 -0.0010
vn 0.0776 0.9970 0.0010
vn 0.0607 0.9982 -0.0010
vn 0.0467 0.9989 0.0010
vn 0.0320 0.9995 -0.0009
vn 0.0168 0.9999 0.0010
vn 0.0045 1.0000 -0.0008
vn -0.0122 0.9999 0.0009
vn -0.0217 0.9998 -0.0007
vn -0.0401 0.9992 0.0008
vn -0.0467 0.9989 -0.0005
vn -0.0670 0.9978 0.0005
vn -0.0704 0.9975 -0.0002
vn -0.0929 0.9957 0.0002
vn -0.0930 0.9957 0.0002
vn -0.1144 0.9934 -0.0002
vn -0.1177 0.9930 0.0006
vn -0.1348 0.9909 -0.0004
vn -0.1416 0.9899 0.0008
vn -0.1540 0.9881 -0.0005
vn -0.1645 0.9864 0.0008
vn -0.1810 0.9835 -0.0018
vn -0.1864 0.9825 -0.0002
vn -0.2074 0.9783 0.0002
vn -0.2142 0.9768 -0.0017
vn -0.2275 0.9738 0.0007
vn -0.2443 0.9697 -0.0012
vn -0.2467 0.9691 -0.0004
vn -0.2651 0.9642 0.0003
vn -0.2670 0.9637 -0.0002
vn -0.2826 0.9592 0.0002
vn -0.2833 0.9590 -0.0000
vn -0.9473 0.3204 -0.0000
vn -0.9786 -0.2057 -0.0099
vn -0.9783 -0.2070 0.0022
vn -0.9781 -0.2080 -0.0034
vn -0.9781 -0.2082 -0.0015
vn -0.9778 -0.2096 0.0010
vn -0.9777 -0.2101 -0.0027
vn -0.9775 -0.2109 0.0007
vn -0.9772 -0.2123 -0.0015
vn -0.9772 -0.2124 -0.0010
vn -0.9768 -0.2139 0.0001
vn -0.9767 -0.2145 -0.0020
vn -0.9765 -0.2156 0.0002
vn -0.9762 -0.2168 -0.0018
vn -0.9761 -0.2173 -0.0005
vn -0.9757 -0.2191 -0.0008
vn -0.9754 -0.2205 -0.0053
vn -0.9753 -0.2210 -0.0031
vn -0.9748 -0.2231 -0.0002
vn -0.9741 -0.2261 -0.0030
vn -0.9740 -0.2264 -0.0016
vn -0.9730 -0.2309 -0.0000
vn -0.9729 -0.2314 0.0012
vn -0.9722 -0.2343 -0.0015
vn -0.9715 -0.2371 0.0018
vn -0.9712 -0.2381 -0.0002
vn -0.9702 -0.2422 -0.0004
vn -0.9698 -0.2438 0.0021
vn -0.9691 -0.2467 -0.0009
vn -0.9684 -0.2495 0.0005
vn -0.9678 -0.2517 -0.0010
vn -0.9673 -0.2538 0.0006
vn -0.9665 -0.2565 -0.0006
vn -0.9660 -0.2585 -0.0000
vn -0.9646 -0.2636 -0.0001
vn -0.9645 -0.2640 -0.0002
vn -0.9631 -0.2693 0.0002
vn -0.9624 -0.2715 -0.0004
vn -0.9613 -0.2756 0.0003
vn -0.9606 -0.2779 -0.0001
vn -0.9593 -0.2825 0.0002
vn -0.9663 -0.2574 -0.0000
vn -0.9592 -0.2826 0.0002
vn -0.9578 -0.2875 -0.0001
vn -0.9569 -0.2905 0.0003
vn -0.9561 -0.2929 -0.0001
vn -0.9543 -0.2988 0.0001
vn -0.9541 -0.2994 0.0003
vn -0.9523 -0.3052 -0.0001
vn -0.9509 -0.3096 0.0004
vn -0.9500 -0.3122 -0.0001
vn -0.9475 -0.3198 0.0001
vn -0.9470 -0.3214 0.0003
vn -0.9446 -0.3283 -0.0002
vn -0.9422 -0.3350 0.0004
vn -0.9413 -0.3376 -0.0000
vn -0.0010 0.1073 -0.9942
vn -0.0009 0.1073 -0.9942
vn -0.0002 0.1073 -0.9942
vn 0.0002 0.1073 -0.9942
vn -0.0000 0.1074 -0.9942
vn 0.0005 0.1073 -0.9942
vn 0.0007 0.1072 -0.9942
vn 0.0007 0.1073 -0.9942
vn 0.0012 0.1073 -0.9942
vn -0.0015 0.1074 -0.9942
vn -0.0019 0.1073 -0.9942
vn -0.0025 0.1074 -0.9942
vn -0.0026 0.1074 -0.9942
vn -0.0028 0.1074 -0.9942
vn -0.0024 0.1073 -0.9942
vn -0.0032 0.1073 -0.9942
vn -0.0036 0.1073 -0.9942
vn -0.0034 0.1073 -0.9942
vn -0.0040 0.1073 -0.9942
vn -0.0045 0.1073 -0.9942
vn -0.0050 0.1073 -0.9942
vn -0.0045 0.1072 -0.9942
vn -0.0045 0.1071 -0.9942
vn -0.0049 0.1072 -0.9942
vn -0.0057 0.1070 -0.9942
vn -0.0067 0.1071 -0.9942
vn -0.0077 0.1071 -0.9942
vn -0.0055 0.1072 -0.9942
vn -0.0060 0.1072 -0.9942
vn -0.0057 0.1072 -0.9942
vn -0.0065 0.1071 -0.9942
vn -0.0071 0.1071 -0.9942
vn -0.0074 0.1071 -0.9942
vn -0.0083 0.1070 -0.9942
vn -0.0090 0.1071 -0.9942
vn -0.0083 0.1069 -0.9942
vn -0.0097 0.1069 -0.9942
vn -0.0095 0.1069 -0.9942
vn -0.0104 0.1068 -0.9942
vn -0.0111 0.1068 -0.9942
vn -0.0108 0.1068 -0.9942
vn -0.0119 0.1066 -0.9942
vn -0.0126 0.1067 -0.9942
vn -0.0121 0.1066 -0.9942
vn -0.0136 0.1064 -0.9942
vn -0.0133 0.1064 -0.9942
vn -0.0145 0.1063 -0.9942
vn -0.0141 0.1063 -0.9942
vn -0.0154 0.1062 -0.9942
vn -0.0149 0.1061 -0.9942
vn -0.0158 0.1061 -0.9942
vn -0.0158 0.1060 -0.9942
vn -0.0167 0.1060 -0.9942
vn -0.0154 0.1059 -0.9943
vn -0.0177 0.1057 -0.9942
vn -0.0187 0.1056 -0.9942
vn -0.0186 0.1053 -0.9943
vn -0.0205 0.1041 -0.9944
vn -0.0165 0.1059 -0.9942
vn -0.0167 0.1059 -0.9942
vn -0.0175 0.1056 -0.9942
vn -0.0203 0.1052 -0.9942
vn -0.0211 0.1051 -0.9942
vn -0.0194 0.1051 -0.9943
vn -0.0223 0.1047 -0.9943
vn -0.0231 0.1046 -0.9942
vn -0.0218 0.1046 -0.9943
vn -0.0244 0.1041 -0.9943
vn -0.0251 0.1040 -0.9943
vn -0.0264 0.1034 -0.9943
vn -0.0245 0.1040 -0.9943
vn -0.0173 0.1056 -0.9943
vn -0.0137 0.1062 -0.9943
vn -0.0149 0.1063 -0.9942
vn -0.0121 0.1064 -0.9943
vn -0.0133 0.1065 -0.9942
vn -0.0121 0.1065 -0.9942
vn -0.0107 0.1066 -0.9942
vn -0.0095 0.1068 -0.9942
vn -0.0072 0.1070 -0.9942
vn -0.0074 0.1070 -0.9942
vn -0.0062 0.1070 -0.9942
vn -0.0034 0.1072 -0.9942
vn -0.0021 0.1072 -0.9942
vn -0.0015 0.1072 -0.9942
vn -0.0011 0.1073 -0.9942
vn -0.0006 0.1073 -0.9942
vn 0.0021 0.1073 -0.9942
vn 0.0015 0.1073 -0.9942
vn 0.0005 0.1075 -0.9942
vn 0.0017 0.1069 -0.9943
vn 0.0029 0.1073 -0.9942
vn 0.0026 0.1073 -0.9942
vn 0.0023 0.1073 -0.9942
vn 0.0038 0.1074 -0.9942
vn 0.0036 0.1073 -0.9942
vn 0.0033 0.1073 -0.9942
vn 0.0043 0.1073 -0.9942
vn 0.0042 0.1072 -0.9942
vn 0.0039 0.1073 -0.9942
vn 0.0047 0.1074 -0.9942
vn 0.0047 0.1072 -0.9942
vn 0.0045 0.1071 -0.9942
vn 0.0029 0.1074 -0.9942
vn 0.0019 0.1074 -0.9942
vn -0.0004 0.1073 -0.9942
vn -0.5825 0.8129 -0.0000
vn -0.0325 0.1023 -0.9942
vn -0.3164 0.9486 -0.0000
vn -0.3165 0.9486 -0.0057
vn -0.3398 0.9405 0.0056
vn -0.3407 0.9401 -0.0059
vn -0.3603 0.9328 0.0063
vn -0.3622 0.9321 -0.0057
vn -0.3785 0.9256 0.0064
vn -0.3813 0.9244 -0.0053
vn -0.3960 0.9182 0.0074
vn -0.3984 0.9172 -0.0031
vn -0.4122 0.9111 0.0055
vn -0.4138 0.9104 -0.0018
vn -0.4279 0.9038 0.0048
vn -0.4338 0.9006 0.0272
vn -0.4401 0.8980 -0.0008
vn -0.4516 0.8922 0.0031
vn -0.4565 0.8895 0.0213
vn -0.4617 0.8870 -0.0013
vn -0.4714 0.8819 0.0037
vn -0.4748 0.8799 0.0168
vn -0.4798 0.8774 -0.0023
vn -0.4882 0.8727 0.0064
vn -0.4896 0.8719 0.0124
vn -0.4952 0.8688 -0.0029
vn -0.5019 0.8649 0.0102
vn -0.5047 0.8632 -0.0134
vn -0.5126 0.8585 0.0116
vn -0.5165 0.8562 -0.0133
vn -0.5220 0.8529 0.0112
vn -0.5269 0.8499 -0.0107
vn -0.5302 0.8478 0.0088
vn -0.5361 0.8441 -0.0059
vn -0.5374 0.8433 0.0035
vn -0.5443 0.8389 0.0013
vn -0.5485 0.8349 0.0453
vn -0.5508 0.8346 -0.0120
vn -0.5583 0.8292 0.0274
vn -0.5483 0.8140 -0.1915
vn -0.5623 0.8262 -0.0357
vn -0.5594 0.8276 0.0468
vn 0.3017 -0.9534 -0.0000
vn 0.3034 -0.9529 -0.0000
vn 0.3023 -0.9532 -0.0000
vn 0.9575 -0.2885 -0.0000
vn 0.8266 0.5627 -0.0000
vn 0.8241 0.5664 0.0008
vn 0.8130 0.5823 -0.0015
vn 0.8109 0.5852 -0.0003
vn 0.7973 0.6036 0.0002
vn 0.7967 0.6044 0.0005
vn 0.7856 0.6187 -0.0004
vn 0.7813 0.6242 0.0009
vn 0.7735 0.6339 -0.0005
vn 0.7646 0.6445 0.0009
vn 0.7607 0.6491 -0.0003
vn 0.7471 0.6648 0.0004
vn 0.7467 0.6651 0.0005
vn 0.7322 0.6811 -0.0004
vn 0.7274 0.6862 0.0010
vn 0.7163 0.6978 -0.0007
vn 0.7066 0.7076 0.0012
vn 0.6991 0.7150 -0.0007
vn 0.6843 0.7292 0.0009
vn 0.6806 0.7326 -0.0003
vn 0.6608 0.7506 0.0003
vn 0.6604 0.7509 0.0005
vn 0.6393 0.7689 -0.0004
vn 0.6348 0.7727 0.0010
vn 0.6163 0.7875 -0.0009
vn 0.6074 0.7944 0.0014
vn 0.5917 0.8061 -0.0011
vn 0.5782 0.8159 0.0015
vn 0.5654 0.8248 -0.0012
vn 0.5473 0.8369 0.0014
vn 0.5372 0.8434 -0.0011
vn 0.5146 0.8574 0.0013
vn 0.5073 0.8618 -0.0008
vn 0.4801 0.8772 0.0009
vn 0.4756 0.8796 -0.0005
vn 0.4439 0.8961 0.0005
vn 0.4423 0.8969 -0.0000
vn 0.4073 0.9133 -0.0000
vn 0.4060 0.9139 0.0005
vn 0.3708 0.9287 -0.0004
vn 0.3667 0.9303 0.0009
vn 0.3327 0.9430 -0.0008
vn 0.3261 0.9453 0.0012
vn 0.2934 0.9560 -0.0011
vn 0.2843 0.9587 0.0014
vn 0.2528 0.9675 -0.0013
vn 0.2416 0.9704 0.0016
vn 0.2113 0.9774 -0.0015
vn 0.1982 0.9802 0.0017
vn 0.1691 0.9856 -0.0016
vn 0.1543 0.9880 0.0018
vn 0.1269 0.9919 -0.0017
vn 0.1103 0.9939 0.0019
vn 0.0849 0.9964 -0.0018
vn 0.0663 0.9978 0.0020
vn 0.0434 0.9991 -0.0018
vn 0.0227 0.9997 0.0020
vn 0.0027 1.0000 -0.0018
vn -0.0203 0.9998 0.0020
vn -0.0371 0.9993 -0.0016
vn -0.0626 0.9980 0.0018
vn -0.0759 0.9971 -0.0014
vn -0.1038 0.9946 0.0016
vn -0.1135 0.9935 -0.0011
vn -0.1439 0.9896 0.0012
vn -0.1497 0.9887 -0.0006
vn -0.1827 0.9832 0.0007
vn -0.1846 0.9828 -0.0000
vn 0.9589 -0.2838 -0.0000
vn 0.9570 -0.2900 -0.0012
vn 0.9493 -0.3143 0.0007
vn 0.9429 -0.3332 -0.0015
vn 0.9386 -0.3450 0.0004
vn 0.9296 -0.3686 -0.0004
vn 0.9267 -0.3757 0.0006
vn 0.9182 -0.3961 -0.0005
vn 0.9137 -0.4065 0.0008
vn 0.9057 -0.4239 -0.0007
vn 0.8994 -0.4370 0.0008
vn 0.8921 -0.4519 -0.0007
vn 0.8841 -0.4673 0.0008
vn 0.8775 -0.4795 -0.0007
vn 0.8676 -0.4973 0.0008
vn 0.8621 -0.5068 -0.0006
vn 0.8500 -0.5267 0.0007
vn 0.8458 -0.5336 -0.0005
vn 0.8314 -0.5556 0.0005
vn 0.8286 -0.5598 -0.0003
vn 0.8119 -0.5838 0.0003
vn 0.8107 -0.5854 -0.0000
vn 0.7921 -0.6103 -0.0000
vn 0.7915 -0.6112 0.0003
vn 0.7729 -0.6345 -0.0002
vn 0.7703 -0.6377 0.0005
vn 0.7531 -0.6579 -0.0004
vn 0.7484 -0.6633 0.0007
vn 0.7328 -0.6804 -0.0006
vn 0.7259 -0.6878 0.0008
vn 0.7121 -0.7020 -0.0007
vn 0.7028 -0.7114 0.0009
vn 0.6911 -0.7227 -0.0008
vn 0.6794 -0.7338 0.0009
vn 0.6699 -0.7425 -0.0007
vn 0.6557 -0.7551 0.0008
vn 0.6486 -0.7611 -0.0006
vn 0.6317 -0.7752 0.0007
vn 0.6274 -0.7787 -0.0003
vn 0.6076 -0.7942 0.0004
vn 0.6063 -0.7952 -0.0000
vn 0.5854 -0.8108 -0.0000
vn 0.5835 -0.8121 0.0005
vn 0.5647 -0.8253 -0.0004
vn 0.5595 -0.8288 0.0008
vn 0.5442 -0.8389 -0.0006
vn 0.5356 -0.8445 0.0009
vn 0.5143 -0.8576 -0.0020
vn 0.5118 -0.8591 -0.0011
vn 0.4884 -0.8726 0.0007
vn 0.4757 -0.8796 -0.0025
vn 0.4652 -0.8852 0.0005
vn 0.4425 -0.8968 -0.0006
vn 0.4389 -0.8986 -0.0020
vn 0.4201 -0.9075 0.0009
vn 0.4039 -0.9148 -0.0021
vn 0.3982 -0.9173 -0.0000
vn 0.3767 -0.9263 -0.0000
vn 0.3708 -0.9287 -0.0019
vn 0.3557 -0.9346 0.0009
vn 0.3397 -0.9405 -0.0017
vn 0.3352 -0.9421 -0.0000
vn 0.3249 -0.9458 -0.0000
vn 0.3398 -0.9405 -0.0010
vn -0.3291 0.9433 -0.0437
vn -0.3322 0.9431 -0.0145
vn -0.3351 0.9422 -0.0000
vn 0.0508 0.9987 -0.0000
vn 0.0325 -0.1023 -0.9942
vn 0.0041 -0.1070 -0.9942
vn 0.0031 -0.1072 -0.9942
vn 0.0032 -0.1072 -0.9942
vn 0.0020 -0.1071 -0.9943
vn 0.0020 -0.1072 -0.9942
vn 0.0013 -0.1071 -0.9942
vn 0.0013 -0.1072 -0.9942
vn 0.0008 -0.1072 -0.9942
vn 0.0002 -0.1072 -0.9942
vn 0.0013 -0.1081 -0.9941
vn 0.0004 -0.1073 -0.9942
vn -0.0004 -0.1072 -0.9942
vn -0.0002 -0.1073 -0.9942
vn -0.0009 -0.1072 -0.9942
vn -0.0008 -0.1073 -0.9942
vn -0.0014 -0.1072 -0.9942
vn -0.0013 -0.1073 -0.9942
vn -0.0019 -0.1073 -0.9942
vn -0.0018 -0.1073 -0.9942
vn -0.0024 -0.1073 -0.9942
vn -0.0023 -0.1073 -0.9942
vn -0.0028 -0.1072 -0.9942
vn -0.0027 -0.1073 -0.9942
vn -0.0032 -0.1073 -0.9942
vn -0.0033 -0.1073 -0.9942
vn -0.0036 -0.1073 -0.9942
vn -0.0038 -0.1074 -0.9942
vn -0.0040 -0.1072 -0.9942
vn -0.0042 -0.1074 -0.9942
vn -0.0043 -0.1072 -0.9942
vn -0.0047 -0.1074 -0.9942
vn 0.0028 -0.1071 -0.9942
vn 0.0040 -0.1071 -0.9942
vn 0.0048 -0.1072 -0.9942
vn 0.0042 -0.1070 -0.9943
vn 0.0049 -0.1071 -0.9942
vn 0.0046 -0.1070 -0.9943
vn 0.0051 -0.1070 -0.9942
vn 0.0055 -0.1069 -0.9942
vn 0.0063 -0.1069 -0.9942
vn 0.0062 -0.1069 -0.9943
vn 0.0069 -0.1069 -0.9942
vn 0.0072 -0.1068 -0.9943
vn 0.0077 -0.1068 -0.9942
vn 0.0080 -0.1067 -0.9943
vn 0.0086 -0.1068 -0.9942
vn 0.0090 -0.1066 -0.9943
vn 0.0095 -0.1067 -0.9942
vn 0.0100 -0.1064 -0.9943
vn 0.0105 -0.1066 -0.9942
vn 0.0107 -0.1065 -0.9943
vn 0.0114 -0.1065 -0.9943
vn 0.0125 -0.1063 -0.9943
vn 0.0121 -0.1063 -0.9943
vn 0.0129 -0.1063 -0.9943
vn 0.0139 -0.1061 -0.9943
vn 0.0134 -0.1061 -0.9943
vn 0.0141 -0.1061 -0.9943
vn 0.0154 -0.1059 -0.9943
vn 0.0146 -0.1059 -0.9943
vn 0.0153 -0.1059 -0.9943
vn 0.0160 -0.1058 -0.9943
vn 0.0169 -0.1056 -0.9943
vn 0.0166 -0.1056 -0.9943
vn 0.0174 -0.1055 -0.9943
vn 0.0186 -0.1053 -0.9943
vn 0.0180 -0.1053 -0.9943
vn 0.0188 -0.1052 -0.9943
vn 0.0196 -0.1051 -0.9943
vn 0.0204 -0.1048 -0.9943
vn 0.0203 -0.1048 -0.9943
vn 0.0212 -0.1047 -0.9943
vn 0.0220 -0.1045 -0.9943
vn 0.0222 -0.1043 -0.9943
vn 0.0229 -0.1043 -0.9943
vn 0.0237 -0.1041 -0.9943
vn 0.0242 -0.1038 -0.9943
vn 0.0246 -0.1038 -0.9943
vn 0.0057 -0.1070 -0.9942
vn 0.0055 -0.1070 -0.9942
vn 0.0067 -0.1070 -0.9942
vn 0.0077 -0.1069 -0.9942
vn 0.0081 -0.1069 -0.9942
vn 0.0088 -0.1068 -0.9942
vn 0.0090 -0.1068 -0.9942
vn 0.0100 -0.1066 -0.9942
vn 0.0112 -0.1065 -0.9942
vn 0.0121 -0.1060 -0.9943
vn 0.0118 -0.1064 -0.9943
vn 0.0111 -0.1063 -0.9943
vn -0.0681 -0.9977 -0.0000
vn -0.0683 -0.9977 -0.0009
vn -0.1005 -0.9949 0.0007
vn -0.1008 -0.9949 -0.0019
vn -0.1303 -0.9915 0.0014
vn -0.1304 -0.9915 -0.0028
vn -0.1576 -0.9875 0.0022
vn 0.0699 0.0812 -0.9942
vn 0.0709 0.0796 -0.9943
vn 0.0714 0.0798 -0.9943
vn 0.0722 0.0785 -0.9943
vn 0.0726 0.0786 -0.9943
vn 0.0732 0.0776 -0.9943
vn 0.0736 0.0775 -0.9943
vn 0.0741 0.0767 -0.9943
vn 0.0745 0.0766 -0.9943
vn 0.0750 0.0759 -0.9943
vn 0.0753 0.0757 -0.9943
vn 0.0759 0.0749 -0.9943
vn 0.0759 0.0748 -0.9943
vn 0.0766 0.0744 -0.9943
vn 0.0771 0.0738 -0.9943
vn 0.0772 0.0736 -0.9943
vn 0.0776 0.0733 -0.9943
vn 0.0780 0.0729 -0.9943
vn 0.0781 0.0728 -0.9943
vn 0.0784 0.0724 -0.9943
vn 0.0785 0.0723 -0.9943
vn 0.0789 0.0719 -0.9943
vn 0.0795 0.0724 -0.9942
vn 0.0792 0.0715 -0.9943
vn 0.0798 0.0709 -0.9943
vn 0.0799 0.0707 -0.9943
vn 0.0802 0.0704 -0.9943
vn 0.0803 0.0702 -0.9943
vn 0.0806 0.0699 -0.9943
vn 0.0809 0.0695 -0.9943
vn 0.0809 0.0696 -0.9943
vn 0.0811 0.0694 -0.9943
vn 0.0799 0.0710 -0.9943
vn 0.0803 0.0703 -0.9943
vn 0.0805 0.0701 -0.9943
vn 0.0806 0.0700 -0.9943
vn 0.0807 0.0699 -0.9943
vn 0.0807 0.0698 -0.9943
vn 0.0808 0.0697 -0.9943
vn 0.0810 0.0695 -0.9943
vn 0.0812 0.0692 -0.9943
vn 0.0812 0.0693 -0.9943
vn 0.0814 0.0690 -0.9943
vn 0.0816 0.0687 -0.9943
vn 0.0818 0.0684 -0.9943
vn 0.0819 0.0685 -0.9943
vn 0.0820 0.0684 -0.9943
vn 0.0814 0.0691 -0.9943
vn 0.0815 0.0689 -0.9943
vn 0.0816 0.0688 -0.9943
vn 0.0817 0.0687 -0.9943
vn 0.0817 0.0686 -0.9943
vn 0.0818 0.0685 -0.9943
vn 0.0821 0.0683 -0.9943
vn 0.0821 0.0682 -0.9943
vn 0.0822 0.0680 -0.9943
vn 0.0823 0.0679 -0.9943
vn 0.0824 0.0678 -0.9943
vn 0.0826 0.0676 -0.9943
vn 0.0824 0.0679 -0.9943
vn 0.0823 0.0680 -0.9943
vn 0.0822 0.0681 -0.9943
vn 0.0826 0.0675 -0.9943
vn 0.0827 0.0674 -0.9943
vn 0.0827 0.0673 -0.9943
vn 0.0829 0.0672 -0.9943
vn 0.0830 0.0671 -0.9943
vn 0.0830 0.0670 -0.9943
vn 0.0831 0.0669 -0.9943
vn 0.0832 0.0668 -0.9943
vn 0.0832 0.0669 -0.9943
vn 0.0833 0.0668 -0.9943
vn 0.0833 0.0667 -0.9943
vn 0.0834 0.0666 -0.9943
vn 0.0835 0.0665 -0.9943
vn 0.0835 0.0664 -0.9943
vn 0.0819 0.0684 -0.9943
vn 0.0795 0.0711 -0.9943
vn 0.0793 0.0715 -0.9943
vn 0.0788 0.0720 -0.9943
vn 0.8335 0.5525 -0.0000
vn 0.8348 0.5505 0.0009
vn 0.8426 0.5385 -0.0007
vn 0.8465 0.5324 0.0013
vn 0.8519 0.5236 -0.0008
vn 0.8582 0.5133 0.0012
vn 0.8614 0.5078 -0.0006
vn 0.8699 0.4932 0.0008
vn 0.8711 0.4911 -0.0001
vn 0.8809 0.4732 -0.0000
vn 0.8816 0.4720 0.0006
vn 0.8908 0.4544 -0.0006
vn 0.8932 0.4496 0.0010
vn 0.9008 0.4343 -0.0010
vn 0.9046 0.4262 0.0012
vn 0.9107 0.4131 -0.0011
vn 0.9159 0.4015 0.0013
vn 0.9206 0.3906 -0.0012
vn 0.9268 0.3757 0.0012
vn 0.9303 0.3667 -0.0011
vn 0.9373 0.3486 0.0011
vn 0.9399 0.3415 -0.0009
vn 0.9473 0.3202 0.0009
vn 0.9492 0.3148 -0.0007
vn 0.9568 0.2907 0.0007
vn 0.9580 0.2867 -0.0005
vn 0.9656 0.2599 0.0005
vn 0.9664 0.2570 -0.0004
vn 0.9737 0.2278 0.0004
vn 0.9742 0.2259 -0.0003
vn 0.9809 0.1947 0.0003
vn 0.9811 0.1933 -0.0002
vn 0.9870 0.1604 0.0002
vn 0.9872 0.1593 -0.0002
vn 0.9921 0.1251 0.0002
vn 0.9923 0.1240 -0.0002
vn 0.9960 0.0889 0.0002
vn 0.9962 0.0876 -0.0002
vn 0.9987 0.0519 0.0002
vn 0.9987 0.0500 -0.0003
vn 0.9999 0.0142 0.0003
vn 0.9999 0.0114 -0.0004
vn 0.9997 -0.0241 0.0004
vn 0.9996 -0.0279 -0.0006
vn 0.9980 -0.0627 0.0005
vn 0.9977 -0.0680 -0.0007
vn 0.9948 -0.1015 0.0007
vn 0.9941 -0.1086 -0.0009
vn 0.9901 -0.1404 0.0008
vn 0.9888 -0.1493 -0.0010
vn 0.9838 -0.1791 0.0010
vn 0.9818 -0.1898 -0.0011
vn 0.9761 -0.2175 0.0010
vn 0.9733 -0.2297 -0.0011
vn 0.9668 -0.2554 0.0011
vn 0.9632 -0.2688 -0.0012
vn 0.9562 -0.2926 0.0011
vn 0.9518 -0.3069 -0.0011
vn 0.9443 -0.3291 0.0011
vn 0.9390 -0.3438 -0.0011
vn 0.9312 -0.3645 0.0011
vn 0.9252 -0.3795 -0.0011
vn 0.9170 -0.3989 0.0010
vn 0.9120 -0.4101 -0.0005
vn 0.9018 -0.4321 0.0007
vn 0.9001 -0.4358 -0.0000
vn -0.7871 -0.6168 -0.0000
vn -0.7826 -0.6225 -0.0000
vn -0.9728 -0.2315 -0.0000
vn -0.9717 -0.2364 -0.0023
vn -0.9688 -0.2479 0.0009
vn -0.9646 -0.2636 -0.0019
vn -0.9643 -0.2648 -0.0013
vn -0.9594 -0.2821 0.0007
vn -0.9562 -0.2928 -0.0027
vn -0.9540 -0.2998 0.0001
vn -0.9481 -0.3179 -0.0002
vn -0.9460 -0.3240 -0.0028
vn -0.9417 -0.3365 0.0007
vn -0.9372 -0.3488 -0.0007
vn -0.9347 -0.3554 0.0009
vn -0.9306 -0.3660 -0.0008
vn -0.9271 -0.3748 0.0009
vn -0.9235 -0.3837 -0.0008
vn -0.9189 -0.3946 0.0009
vn -0.9157 -0.4019 -0.0008
vn -0.9100 -0.4147 0.0008
vn -0.9072 -0.4206 -0.0007
vn -0.9004 -0.4351 0.0007
vn -0.8981 -0.4399 -0.0006
vn -0.8900 -0.4559 0.0006
vn -0.8881 -0.4596 -0.0005
vn -0.8789 -0.4770 0.0005
vn -0.8774 -0.4798 -0.0004
vn -0.8670 -0.4983 0.0004
vn -0.8658 -0.5004 -0.0003
vn -0.8543 -0.5198 0.0003
vn -0.8533 -0.5214 -0.0002
vn -0.8407 -0.5415 0.0002
vn -0.8399 -0.5428 -0.0002
vn -0.8263 -0.5633 0.0002
vn -0.8255 -0.5644 -0.0002
vn -0.8109 -0.5851 0.0002
vn -0.8101 -0.5863 -0.0002
vn -0.7947 -0.6070 0.0002
vn -0.7937 -0.6083 -0.0002
vn -0.7776 -0.6288 0.0002
vn -0.7762 -0.6304 -0.0003
vn -0.7596 -0.6504 0.0003
vn -0.7577 -0.6526 -0.0004
vn -0.7406 -0.6719 0.0004
vn -0.7380 -0.6748 -0.0005
vn -0.7208 -0.6931 0.0004
vn -0.7173 -0.6968 -0.0006
vn -0.7002 -0.7140 0.0005
vn -0.6954 -0.7186 -0.0007
vn -0.6787 -0.7345 0.0006
vn -0.6725 -0.7401 -0.0008
vn -0.6564 -0.7544 0.0007
vn -0.6485 -0.7612 -0.0008
vn -0.6333 -0.7739 0.0008
vn -0.6300 -0.7766 0.0002
vn -0.6180 -0.7862 -0.0001
vn -0.6095 -0.7928 0.0008
vn -0.6063 -0.7952 0.0002
vn -0.5951 -0.8036 -0.0001
vn -0.5851 -0.8109 0.0007
vn -0.5844 -0.8115 0.0005
vn -0.5742 -0.8187 -0.0001
vn -0.5601 -0.8284 0.0004
vn -0.5576 -0.8301 -0.0002
vn -0.5346 -0.8451 0.0002
vn -0.5338 -0.8456 -0.0000
vn -0.1064 0.0068 -0.9943
vn -0.1065 0.0070 -0.9943
vn -0.1064 0.0071 -0.9943
vn -0.1064 0.0072 -0.9943
vn -0.1064 0.0074 -0.9943
vn -0.1064 0.0075 -0.9943
vn -0.1064 0.0076 -0.9943
vn -0.1064 0.0077 -0.9943
vn -0.1064 0.0079 -0.9943
vn -0.1063 0.0063 -0.9943
vn -0.1065 0.0066 -0.9943
vn -0.1065 0.0068 -0.9943
vn -0.1065 0.0059 -0.9943
vn -0.1066 0.0060 -0.9943
vn -0.1065 0.0064 -0.9943
vn -0.1066 0.0055 -0.9943
vn -0.1066 0.0052 -0.9943
vn -0.1066 0.0051 -0.9943
vn -0.1066 0.0048 -0.9943
vn -0.1067 0.0047 -0.9943
vn -0.1067 0.0044 -0.9943
vn -0.1068 0.0042 -0.9943
vn -0.1067 0.0038 -0.9943
vn -0.1068 0.0037 -0.9943
vn -0.1068 0.0032 -0.9943
vn -0.1069 0.0031 -0.9943
vn -0.1069 0.0025 -0.9943
vn -0.1068 0.0025 -0.9943
vn -0.1070 0.0022 -0.9943
vn -0.1069 0.0017 -0.9943
vn -0.1068 0.0016 -0.9943
vn -0.1070 0.0013 -0.9943
vn -0.1069 0.0008 -0.9943
vn -0.1066 0.0006 -0.9943
vn -0.1069 0.0003 -0.9943
vn -0.1068 -0.0002 -0.9943
vn -0.1058 -0.0008 -0.9944
vn -0.1064 0.0078 -0.9943
vn -0.1064 0.0080 -0.9943
vn -0.1064 0.0081 -0.9943
vn -0.1064 0.0082 -0.9943
vn -0.1063 0.0082 -0.9943
vn -0.1063 0.0083 -0.9943
vn -0.1063 0.0084 -0.9943
vn -0.1064 0.0083 -0.9943
vn -0.1063 0.0085 -0.9943
vn -0.1064 0.0073 -0.9943
vn 0.0727 -0.0594 -0.9956
vn 0.0715 -0.0605 -0.9956
vn 0.0716 -0.0608 -0.9956
vn 0.0706 -0.0616 -0.9956
vn 0.0706 -0.0619 -0.9956
vn 0.0697 -0.0626 -0.9956
vn 0.0697 -0.0629 -0.9956
vn 0.0689 -0.0636 -0.9956
vn 0.0688 -0.0638 -0.9956
vn 0.0681 -0.0644 -0.9956
vn 0.0679 -0.0647 -0.9956
vn 0.0673 -0.0652 -0.9956
vn 0.0671 -0.0654 -0.9956
vn 0.0666 -0.0659 -0.9956
vn 0.0664 -0.0661 -0.9956
vn 0.0659 -0.0665 -0.9956
vn 0.0657 -0.0668 -0.9956
vn 0.0652 -0.0671 -0.9956
vn 0.0650 -0.0674 -0.9956
vn 0.0646 -0.0677 -0.9956
vn 0.0641 -0.0683 -0.9956
vn 0.0635 -0.0688 -0.9956
vn 0.0630 -0.0692 -0.9956
vn 0.0628 -0.0694 -0.9956
vn 0.0625 -0.0697 -0.9956
vn 0.0620 -0.0701 -0.9956
vn 0.0614 -0.0706 -0.9956
vn 0.0613 -0.0707 -0.9956
vn 0.0609 -0.0711 -0.9956
vn 0.0604 -0.0715 -0.9956
vn 0.0602 -0.0717 -0.9956
vn 0.0654 -0.0703 -0.9954
vn 0.0622 -0.0702 -0.9956
vn 0.0621 -0.0702 -0.9956
vn 0.0612 -0.0709 -0.9956
vn 0.0610 -0.0710 -0.9956
vn 0.0608 -0.0712 -0.9956
vn 0.0606 -0.0714 -0.9956
vn 0.0600 -0.0718 -0.9956
vn 0.0599 -0.0719 -0.9956
vn 0.0597 -0.0720 -0.9956
vn 0.0595 -0.0722 -0.9956
vn 0.0591 -0.0726 -0.9956
vn 0.0591 -0.0725 -0.9956
vn 0.0590 -0.0727 -0.9956
vn 0.0598 -0.0720 -0.9956
vn 0.0596 -0.0721 -0.9956
vn 0.0594 -0.0722 -0.9956
vn 0.0593 -0.0724 -0.9956
vn 0.0589 -0.0728 -0.9956
vn 0.0587 -0.0729 -0.9956
vn 0.0586 -0.0730 -0.9956
vn 0.0584 -0.0731 -0.9956
vn 0.0583 -0.0732 -0.9956
vn 0.0582 -0.0732 -0.9956
vn 0.0581 -0.0734 -0.9956
vn 0.0580 -0.0734 -0.9956
vn 0.0579 -0.0736 -0.9956
vn 0.0577 -0.0737 -0.9956
vn 0.0576 -0.0737 -0.9956
vn 0.0575 -0.0738 -0.9956
vn 0.0574 -0.0739 -0.9956
vn 0.0572 -0.0741 -0.9956
vn 0.0570 -0.0743 -0.9956
vn 0.0567 -0.0744 -0.9956
vn 0.0568 -0.0744 -0.9956
vn 0.0565 -0.0746 -0.9956
vn 0.0563 -0.0748 -0.9956
vn 0.0561 -0.0750 -0.9956
vn 0.0559 -0.0750 -0.9956
vn 0.0582 -0.0733 -0.9956
vn 0.0589 -0.0727 -0.9956
vn 0.0605 -0.0714 -0.9956
vn -0.9256 -0.3684 -0.0872
vn -0.9276 -0.3696 0.0549
vn -0.9223 -0.3777 -0.0814
vn -0.9241 -0.3786 0.0517
vn -0.9170 -0.3907 -0.0801
vn -0.9192 -0.3915 0.0422
vn -0.9133 -0.4056 -0.0373
vn -0.8922 -0.4080 -0.1937
vn -0.0796 -0.0709 -0.9943
vn -0.0801 -0.0707 -0.9943
vn -0.0802 -0.0704 -0.9943
vn -0.0805 -0.0702 -0.9943
vn -0.0805 -0.0700 -0.9943
vn -0.0809 -0.0697 -0.9943
vn -0.0811 -0.0694 -0.9943
vn -0.0813 -0.0692 -0.9943
vn -0.0814 -0.0691 -0.9943
vn -0.0815 -0.0689 -0.9943
vn -0.0816 -0.0688 -0.9943
vn -0.0817 -0.0687 -0.9943
vn -0.0818 -0.0685 -0.9943
vn -0.0819 -0.0684 -0.9943
vn -0.0820 -0.0684 -0.9943
vn -0.0820 -0.0683 -0.9943
vn -0.0821 -0.0682 -0.9943
vn -0.0822 -0.0682 -0.9943
vn -0.0822 -0.0681 -0.9943
vn -0.0823 -0.0679 -0.9943
vn -0.0824 -0.0678 -0.9943
vn -0.0825 -0.0677 -0.9943
vn -0.0826 -0.0676 -0.9943
vn -0.0827 -0.0675 -0.9943
vn -0.0828 -0.0674 -0.9943
vn -0.0829 -0.0673 -0.9943
vn -0.0829 -0.0672 -0.9943
vn -0.0830 -0.0671 -0.9943
vn -0.0831 -0.0670 -0.9943
vn -0.0832 -0.0669 -0.9943
vn -0.0832 -0.0668 -0.9943
vn -0.0833 -0.0668 -0.9943
vn -0.0833 -0.0667 -0.9943
vn -0.0834 -0.0667 -0.9943
vn -0.0834 -0.0666 -0.9943
vn -0.0835 -0.0665 -0.9943
vn -0.0836 -0.0664 -0.9943
vn -0.0790 -0.0716 -0.9943
vn -0.0794 -0.0714 -0.9943
vn -0.0796 -0.0711 -0.9943
vn -0.0797 -0.0710 -0.9943
vn -0.0799 -0.0708 -0.9943
vn -0.0790 -0.0718 -0.9943
vn -0.0784 -0.0725 -0.9943
vn -0.0783 -0.0725 -0.9943
vn -0.0782 -0.0727 -0.9943
vn -0.0777 -0.0732 -0.9943
vn -0.0774 -0.0734 -0.9943
vn -0.0771 -0.0739 -0.9943
vn -0.0767 -0.0742 -0.9943
vn -0.0765 -0.0745 -0.9943
vn -0.0761 -0.0748 -0.9943
vn -0.0757 -0.0753 -0.9943
vn -0.0755 -0.0754 -0.9943
vn -0.0749 -0.0761 -0.9943
vn -0.0740 -0.0769 -0.9943
vn -0.0740 -0.0770 -0.9943
vn -0.0731 -0.0777 -0.9943
vn -0.0729 -0.0781 -0.9943
vn -0.0720 -0.0787 -0.9943
vn -0.0717 -0.0793 -0.9943
vn -0.0707 -0.0797 -0.9943
vn -0.0706 -0.0801 -0.9943
vn -0.0699 -0.0807 -0.9943
vn -0.0698 -0.0809 -0.9943
vn -0.0692 -0.0812 -0.9943
vn -0.0690 -0.0817 -0.9943
vn -0.0685 -0.0817 -0.9943
vn -0.0681 -0.0825 -0.9943
vn -0.0787 -0.0722 -0.9943
vn -0.0790 -0.0717 -0.9943
vn -0.0794 -0.0713 -0.9943
vn -0.0801 -0.0705 -0.9943
vn -0.0800 -0.0707 -0.9943
vn -0.0804 -0.0702 -0.9943
vn -0.0806 -0.0701 -0.9943
vn -0.0809 -0.0696 -0.9943
vn -0.0811 -0.0695 -0.9943
vn -0.0816 -0.0689 -0.9943
vn -0.0817 -0.0686 -0.9943
vn -0.0824 -0.0679 -0.9943
vn -0.0824 -0.0680 -0.9943
vn -0.0832 -0.0670 -0.9943
vn -0.7171 -0.6969 -0.0000
vn -0.7165 -0.6976 -0.0003
vn -0.6881 -0.7257 0.0003
vn -0.6858 -0.7278 -0.0007
vn -0.6572 -0.7537 0.0007
vn -0.6529 -0.7574 -0.0011
vn -0.6248 -0.7808 0.0010
vn -0.6180 -0.7862 -0.0014
vn -0.5907 -0.8069 0.0013
vn -0.5810 -0.8139 -0.0017
vn -0.5553 -0.8316 0.0015
vn -0.5422 -0.8403 -0.0019
vn -0.5187 -0.8550 0.0017
vn -0.5020 -0.8649 -0.0020
vn -0.4811 -0.8767 0.0017
vn -0.4608 -0.8875 -0.0020
vn -0.4426 -0.8967 0.0017
vn -0.4191 -0.9080 -0.0019
vn -0.4036 -0.9149 0.0015
vn -0.3769 -0.9262 -0.0017
vn -0.3642 -0.9313 0.0013
vn -0.3347 -0.9423 -0.0014
vn -0.3247 -0.9458 0.0011
vn -0.2929 -0.9561 -0.0011
vn -0.2853 -0.9584 0.0008
vn -0.2519 -0.9678 -0.0009
vn -0.2463 -0.9692 0.0006
vn -0.2119 -0.9773 -0.0007
vn -0.2077 -0.9782 0.0005
vn -0.1733 -0.9849 -0.0005
vn -0.1698 -0.9855 0.0004
vn -0.1360 -0.9907 -0.0004
vn -0.1328 -0.9911 0.0004
vn -0.1003 -0.9950 -0.0004
vn -0.0967 -0.9953 0.0005
vn -0.0660 -0.9978 -0.0005
vn -0.0617 -0.9981 0.0006
vn -0.0334 -0.9994 -0.0006
vn -0.0278 -0.9996 0.0007
vn -0.0024 -1.0000 -0.0007
vn 0.0049 -1.0000 0.0009
vn 0.0271 -0.9996 -0.0008
vn 0.0364 -0.9993 0.0010
vn 0.0550 -0.9985 -0.0008
vn 0.0666 -0.9978 0.0010
vn 0.0815 -0.9967 -0.0008
vn 0.0955 -0.9954 0.0010
vn 0.1065 -0.9943 -0.0007
vn 0.1232 -0.9924 0.0008
vn 0.1303 -0.9915 -0.0005
vn 0.1497 -0.9887 0.0006
vn 0.1528 -0.9883 -0.0001
vn 0.1740 -0.9847 0.0001
vn 0.1750 -0.9846 0.0004
vn 0.1940 -0.9810 -0.0003
vn 0.1991 -0.9800 0.0007
vn 0.2219 -0.9751 -0.0013
vn 0.2221 -0.9750 -0.0012
vn 0.2440 -0.9698 0.0006
vn 0.2557 -0.9668 -0.0017
vn 0.2648 -0.9643 0.0004
vn 0.2830 -0.9591 -0.0005
vn 0.2846 -0.9586 -0.0000
vn 0.8948 -0.4465 -0.0000
vn 0.1067 0.0024 -0.9943
vn 0.1068 0.0018 -0.9943
vn 0.1066 0.0017 -0.9943
vn 0.1067 0.0011 -0.9943
vn 0.1066 0.0010 -0.9943
vn 0.1067 0.0005 -0.9943
vn 0.1066 0.0004 -0.9943
vn 0.1068 -0.0002 -0.9943
vn 0.1067 -0.0002 -0.9943
vn 0.1067 -0.0007 -0.9943
vn 0.1067 -0.0010 -0.9943
vn 0.1066 -0.0014 -0.9943
vn 0.1067 -0.0017 -0.9943
vn 0.1066 -0.0023 -0.9943
vn 0.1067 -0.0024 -0.9943
vn 0.1066 -0.0029 -0.9943
vn 0.1066 -0.0030 -0.9943
vn 0.1066 -0.0033 -0.9943
vn 0.1066 -0.0038 -0.9943
vn 0.1065 -0.0039 -0.9943
vn 0.1066 -0.0041 -0.9943
vn 0.1066 -0.0046 -0.9943
vn 0.1069 -0.0051 -0.9943
vn 0.1066 -0.0052 -0.9943
vn 0.1065 -0.0050 -0.9943
vn 0.1066 -0.0057 -0.9943
vn 0.1065 -0.0057 -0.9943
vn 0.1065 -0.0055 -0.9943
vn 0.1065 -0.0054 -0.9943
vn 0.1065 -0.0062 -0.9943
vn 0.1065 -0.0061 -0.9943
vn 0.1065 -0.0059 -0.9943
vn 0.1065 -0.0065 -0.9943
vn 0.1065 -0.0067 -0.9943
vn 0.1064 -0.0069 -0.9943
vn 0.1064 -0.0066 -0.9943
vn 0.1064 -0.0071 -0.9943
vn 0.1064 -0.0073 -0.9943
vn 0.1064 -0.0075 -0.9943
vn 0.1064 -0.0074 -0.9943
vn 0.1064 -0.0076 -0.9943
vn 0.1064 -0.0077 -0.9943
vn 0.1064 -0.0078 -0.9943
vn 0.1064 -0.0079 -0.9943
vn 0.1064 -0.0080 -0.9943
vn 0.1064 -0.0081 -0.9943
vn 0.1064 -0.0082 -0.9943
vn 0.1063 -0.0083 -0.9943
vn 0.1063 -0.0084 -0.9943
vn 0.1064 -0.0083 -0.9943
vn 0.1064 -0.0070 -0.9943
vn 0.1063 -0.0079 -0.9943
vn 0.1063 -0.0080 -0.9943
vn 0.9611 0.2762 -0.0002
vn 0.9621 0.2729 0.0003
vn 0.9621 0.2728 -0.0002
vn 0.9629 0.2698 0.0002
vn 0.9629 0.2698 -0.0001
vn 0.9637 0.2670 -0.0000
vn 0.9997 0.0225 -0.0000
vn 0.9997 0.0210 -0.0096
vn 1.0000 -0.0050 0.0085
vn 0.9999 -0.0101 -0.0126
vn 0.9997 -0.0231 -0.0000
vn 0.9993 -0.0368 0.0010
vn 0.9991 -0.0427 -0.0010
vn 0.9975 -0.0710 0.0010
vn 0.9970 -0.0769 -0.0010
vn 0.9944 -0.1061 0.0010
vn 0.9936 -0.1127 -0.0011
vn 0.9898 -0.1422 0.0011
vn 0.9887 -0.1499 -0.0013
vn 0.9838 -0.1790 0.0013
vn 0.9821 -0.1885 -0.0016
vn 0.9763 -0.2165 0.0015
vn 0.9736 -0.2282 -0.0018
vn 0.9671 -0.2545 0.0016
vn 0.9632 -0.2688 -0.0020
vn 0.9561 -0.2929 0.0018
vn 0.9507 -0.3101 -0.0021
vn 0.9435 -0.3314 0.0018
vn 0.9361 -0.3518 -0.0022
vn 0.9291 -0.3698 0.0018
vn 0.9194 -0.3934 -0.0020
vn 0.9130 -0.4080 0.0016
vn 0.9007 -0.4344 -0.0018
vn 0.8952 -0.4457 0.0014
vn 0.8802 -0.4746 -0.0015
vn 0.8758 -0.4827 0.0010
vn 0.8579 -0.5138 -0.0011
vn 0.8549 -0.5188 0.0006
vn 0.8340 -0.5517 -0.0007
vn 0.8326 -0.5539 0.0002
vn 0.8090 -0.5878 -0.0002
vn 0.8087 -0.5882 -0.0003
vn 0.7843 -0.6204 0.0003
vn 0.7823 -0.6229 -0.0007
vn 0.7587 -0.6514 0.0007
vn 0.7548 -0.6559 -0.0010
vn 0.7324 -0.6809 0.0009
vn 0.7267 -0.6870 -0.0012
vn 0.7055 -0.7088 0.0011
vn 0.6982 -0.7159 -0.0013
vn 0.6781 -0.7350 0.0012
vn 0.6698 -0.7425 -0.0013
vn 0.6505 -0.7595 0.0012
vn 0.6416 -0.7671 -0.0012
vn 0.6229 -0.7823 0.0012
vn 0.6137 -0.7895 -0.0012
vn 0.5952 -0.8035 0.0011
vn 0.5864 -0.8100 -0.0011
vn 0.5678 -0.8232 0.0011
vn 0.5596 -0.8287 -0.0009
vn 0.5407 -0.8412 0.0010
vn 0.5336 -0.8457 -0.0008
vn 0.5140 -0.8578 0.0008
vn 0.5084 -0.8611 -0.0006
vn 0.4877 -0.8730 0.0006
vn 0.4840 -0.8750 -0.0004
vn 0.4620 -0.8869 0.0004
vn 0.4606 -0.8876 -0.0000
vn 0.4380 -0.8990 -0.0000
vn 0.4369 -0.8995 0.0003
vn 0.4164 -0.9092 -0.0003
vn 0.4125 -0.9110 0.0006
vn 0.3914 -0.9202 -0.0008
vn 0.3887 -0.9214 -0.0000
vn -0.5233 -0.8522 -0.0000
vn -0.5204 -0.8539 -0.0000
vn -0.5211 -0.8535 -0.0000
vn -0.5232 -0.8522 -0.0000
vn -0.5203 -0.8540 -0.0000
vn 0.5331 -0.8461 -0.0000
vn 0.5417 -0.8405 -0.0145
vn 0.5777 -0.8161 0.0127
vn 0.5939 -0.8043 -0.0180
vn 0.6213 -0.7835 0.0155
vn 0.6384 -0.7694 -0.0212
vn 0.6587 -0.7522 0.0180
vn 0.6762 -0.7363 -0.0240
vn 0.6910 -0.7226 0.0204
vn 0.7084 -0.7053 -0.0263
vn 0.7187 -0.6949 0.0223
vn 0.7359 -0.6765 -0.0279
vn 0.7427 -0.6693 0.0234
vn 0.7594 -0.6501 -0.0282
vn 0.7633 -0.6457 0.0223
vn 0.7796 -0.6258 -0.0254
vn -0.9318 -0.3631 -0.0000
vn -0.9301 -0.3674 -0.0002
vn -0.9264 -0.3764 0.0001
vn -0.9215 -0.3884 -0.0001
vn -0.9192 -0.3938 0.0001
vn -0.9104 -0.4137 -0.0001
vn -0.9088 -0.4173 -0.0000
vn -0.2384 -0.9712 -0.0000
vn -0.2378 -0.9713 -0.0002
vn -0.2237 -0.9747 0.0002
vn -0.2182 -0.9759 -0.0011
vn -0.2083 -0.9781 0.0005
vn -0.1936 -0.9811 -0.0009
vn -0.1923 -0.9813 -0.0005
vn -0.1757 -0.9844 0.0004
vn -0.1666 -0.9860 -0.0015
vn -0.1584 -0.9874 0.0003
vn -0.1404 -0.9901 -0.0004
vn -0.1370 -0.9906 -0.0014
vn -0.1217 -0.9926 0.0006
vn -0.1044 -0.9945 -0.0015
vn -0.1023 -0.9948 -0.0008
vn -0.0821 -0.9966 0.0005
vn -0.0685 -0.9976 -0.0020
vn -0.0611 -0.9981 -0.0001
vn -0.0394 -0.9992 0.0001
vn -0.0291 -0.9996 -0.0023
vn -0.0168 -0.9999 0.0003
vn 0.0029 -1.0000 -0.0003
vn 0.0066 -1.0000 0.0004
vn 0.0258 -0.9997 -0.0004
vn 0.0309 -0.9995 0.0005
vn 0.0499 -0.9988 -0.0005
vn 0.0559 -0.9984 0.0006
vn 0.0751 -0.9972 -0.0006
vn 0.0817 -0.9967 0.0006
vn 0.1015 -0.9948 -0.0006
vn 0.1084 -0.9941 0.0006
vn 0.1291 -0.9916 -0.0007
vn 0.1358 -0.9907 0.0006
vn 0.1580 -0.9874 -0.0006
vn 0.1640 -0.9865 0.0005
vn 0.1880 -0.9822 -0.0006
vn 0.1929 -0.9812 0.0004
vn 0.2192 -0.9757 -0.0005
vn 0.2224 -0.9750 0.0003
vn 0.2514 -0.9679 -0.0003
vn 0.2525 -0.9676 -0.0000
vn 0.2832 -0.9591 -0.0000
vn 0.2846 -0.9586 -0.0003
vn 0.3143 -0.9493 0.0003
vn 0.3187 -0.9479 -0.0007
vn 0.3456 -0.9384 0.0006
vn 0.3534 -0.9355 -0.0010
vn 0.3773 -0.9261 0.0008
vn 0.3887 -0.9214 -0.0012
vn 0.4090 -0.9125 0.0010
vn 0.4244 -0.9055 -0.0013
vn 0.4407 -0.8976 0.0010
vn 0.4603 -0.8878 -0.0013
vn 0.4723 -0.8814 0.0009
vn 0.4963 -0.8682 -0.0011
vn 0.5036 -0.8639 0.0006
vn 0.5321 -0.8467 -0.0007
vn 0.5345 -0.8452 -0.0000
vn 0.0114 0.0928 -0.9956
vn 0.0109 0.0928 -0.9956
vn 0.0103 0.0929 -0.9956
vn 0.0101 0.0929 -0.9956
vn 0.0103 0.0928 -0.9956
vn 0.0098 0.0929 -0.9956
vn 0.0094 0.0930 -0.9956
vn 0.0092 0.0930 -0.9956
vn 0.0087 0.0930 -0.9956
vn 0.0083 0.0931 -0.9956
vn 0.0093 0.0927 -0.9956
vn 0.0089 0.0921 -0.9957
vn 0.0085 0.0930 -0.9956
vn 0.0076 0.0932 -0.9956
vn 0.0075 0.0932 -0.9956
vn 0.0069 0.0932 -0.9956
vn 0.0062 0.0933 -0.9956
vn 0.0060 0.0934 -0.9956
vn 0.0054 0.0933 -0.9956
vn 0.0048 0.0934 -0.9956
vn 0.0045 0.0934 -0.9956
vn 0.0039 0.0935 -0.9956
vn 0.0036 0.0935 -0.9956
vn 0.0030 0.0936 -0.9956
vn 0.0025 0.0935 -0.9956
vn 0.0021 0.0937 -0.9956
vn 0.0014 0.0935 -0.9956
vn 0.0011 0.0937 -0.9956
vn 0.0003 0.0935 -0.9956
vn -0.0000 0.0937 -0.9956
vn -0.0010 0.0935 -0.9956
vn -0.0011 0.0937 -0.9956
vn -0.0023 0.0934 -0.9956
vn 0.0114 0.0927 -0.9956
vn 0.0115 0.0927 -0.9956
vn 0.0117 0.0927 -0.9956
vn 0.0118 0.0927 -0.9956
vn 0.0119 0.0927 -0.9956
vn 0.0121 0.0926 -0.9956
vn 0.0124 0.0927 -0.9956
vn 0.0126 0.0926 -0.9956
vn 0.0128 0.0926 -0.9956
vn 0.0130 0.0925 -0.9956
vn 0.0133 0.0925 -0.9956
vn 0.0137 0.0924 -0.9956
vn 0.0140 0.0923 -0.9956
vn 0.0144 0.0922 -0.9956
vn 0.0144 0.0923 -0.9956
vn 0.0146 0.0923 -0.9956
vn 0.0148 0.0922 -0.9956
vn 0.0149 0.0922 -0.9956
vn 0.0151 0.0922 -0.9956
vn 0.0152 0.0922 -0.9956
vn 0.0154 0.0922 -0.9956
vn 0.0155 0.0921 -0.9956
vn 0.0156 0.0921 -0.9956
vn 0.0157 0.0921 -0.9956
vn 0.0158 0.0921 -0.9956
vn 0.0159 0.0921 -0.9956
vn 0.0160 0.0921 -0.9956
vn 0.0161 0.0920 -0.9956
vn 0.0161 0.0921 -0.9956
vn 0.0162 0.0920 -0.9956
vn 0.0163 0.0920 -0.9956
vn 0.0124 0.0926 -0.9956
vn 0.0128 0.0925 -0.9956
vn 0.0141 0.0924 -0.9956
vn 0.0140 0.0924 -0.9956
vn -0.8260 0.5636 -0.0000
vn -0.8274 0.5616 -0.0008
vn -0.8371 0.5471 0.0006
vn -0.8412 0.5407 -0.0012
vn -0.8479 0.5302 0.0008
vn -0.8548 0.5189 -0.0012
vn -0.8583 0.5131 0.0005
vn -0.8682 0.4962 -0.0006
vn -0.8684 0.4958 -0.0005
vn -0.8782 0.4782 0.0004
vn -0.8812 0.4727 -0.0012
vn -0.8877 0.4605 0.0007
vn -0.8938 0.4484 -0.0012
vn -0.8967 0.4425 0.0003
vn -0.9054 0.4245 -0.0004
vn -0.9060 0.4232 -0.0008
vn -0.9138 0.4062 0.0005
vn -0.9177 0.3972 -0.0013
vn -0.9217 0.3879 0.0005
vn -0.9289 0.3704 -0.0008
vn -0.9292 0.3695 -0.0005
vn -0.9394 0.3429 0.0008
vn -0.9397 0.3419 0.0012
vn -0.9491 0.3150 -0.0009
vn -0.9524 0.3049 0.0021
vn -0.9581 0.2864 -0.0013
vn -0.9634 0.2679 0.0020
vn -0.9664 0.2572 -0.0009
vn -0.9729 0.2312 0.0012
vn -0.9738 0.2275 -0.0001
vn -0.9803 0.1974 0.0001
vn -0.9808 0.1949 0.0009
vn -0.9860 0.1670 -0.0007
vn -0.9872 0.1592 0.0013
vn -0.9907 0.1363 -0.0011
vn -0.9923 0.1241 0.0015
vn -0.9944 0.1054 -0.0012
vn -0.9960 0.0898 0.0014
vn -0.9972 0.0743 -0.0012
vn -0.9984 0.0564 0.0013
vn -0.9991 0.0434 -0.0010
vn -0.9997 0.0240 0.0011
vn -0.9999 0.0131 -0.0009
vn -1.0000 -0.0075 0.0010
vn -0.9999 -0.0164 -0.0007
vn -0.9993 -0.0379 0.0008
vn -0.9990 -0.0450 -0.0006
vn -0.9977 -0.0672 0.0007
vn -0.9973 -0.0728 -0.0004
vn -0.9954 -0.0954 0.0005
vn -0.9950 -0.0997 -0.0003
vn -0.9925 -0.1225 0.0004
vn -0.9921 -0.1258 -0.0002
vn -0.9889 -0.1485 0.0003
vn -0.9885 -0.1511 -0.0001
vn -0.9848 -0.1734 0.0003
vn -0.9845 -0.1756 -0.0001
vn -0.9803 -0.1973 0.0002
vn -0.9799 -0.1993 -0.0001
vn -0.9755 -0.2201 0.0002
vn -0.9750 -0.2223 -0.0001
vn -0.9703 -0.2420 0.0002
vn -0.9696 -0.2447 -0.0002
vn -0.9648 -0.2628 0.0002
vn -0.9638 -0.2665 -0.0003
vn -0.9603 -0.2788 0.0001
vn -0.9592 -0.2828 0.0003
vn -0.9583 -0.2857 0.0001
vn -0.9550 -0.2966 -0.0000
vn -0.9534 -0.3018 0.0003
vn -0.9516 -0.3073 -0.0000
vn -0.9482 -0.3178 -0.0000
vn -0.9474 -0.3200 0.0002
vn -0.9447 -0.3280 -0.0001
vn -0.9414 -0.3374 0.0001
vn -0.9412 -0.3380 0.0001
vn -0.9376 -0.3478 -0.0000
vn -0.9339 -0.3574 -0.0000
vn -0.9353 -0.3539 0.0001
vn -0.0661 0.0663 -0.9956
vn -0.0667 0.0657 -0.9956
vn -0.0666 0.0658 -0.9956
vn -0.0674 0.0650 -0.9956
vn -0.0673 0.0650 -0.9956
vn -0.0682 0.0642 -0.9956
vn -0.0681 0.0642 -0.9956
vn -0.0691 0.0633 -0.9956
vn -0.0689 0.0634 -0.9956
vn -0.0699 0.0624 -0.9956
vn -0.0698 0.0624 -0.9956
vn -0.0708 0.0613 -0.9956
vn -0.0707 0.0613 -0.9956
vn -0.0718 0.0602 -0.9956
vn -0.0717 0.0602 -0.9956
vn -0.0728 0.0590 -0.9956
vn -0.0660 0.0665 -0.9956
vn -0.0656 0.0668 -0.9956
vn -0.0653 0.0671 -0.9956
vn -0.0652 0.0672 -0.9956
vn -0.0647 0.0677 -0.9956
vn -0.0648 0.0677 -0.9956
vn -0.0641 0.0682 -0.9956
vn -0.0635 0.0688 -0.9956
vn -0.0641 0.0684 -0.9956
vn -0.0632 0.0690 -0.9956
vn -0.0634 0.0691 -0.9956
vn -0.0626 0.0696 -0.9956
vn -0.0626 0.0698 -0.9956
vn -0.0619 0.0703 -0.9956
vn -0.0614 0.0707 -0.9956
vn -0.0630 0.0693 -0.9956
vn -0.0625 0.0697 -0.9956
vn -0.0621 0.0701 -0.9956
vn -0.0606 0.0715 -0.9956
vn -0.0608 0.0712 -0.9956
vn -0.0614 0.0708 -0.9956
vn -0.0604 0.0716 -0.9956
vn -0.0597 0.0721 -0.9956
vn -0.0600 0.0720 -0.9956
vn -0.0595 0.0723 -0.9956
vn -0.0595 0.0724 -0.9956
vn -0.0593 0.0725 -0.9956
vn -0.0591 0.0726 -0.9956
vn -0.0591 0.0727 -0.9956
vn -0.0589 0.0728 -0.9956
vn -0.0587 0.0730 -0.9956
vn -0.0585 0.0731 -0.9956
vn -0.0583 0.0733 -0.9956
vn -0.0581 0.0734 -0.9956
vn -0.0580 0.0735 -0.9956
vn -0.0579 0.0736 -0.9956
vn -0.0578 0.0737 -0.9956
vn -0.0577 0.0738 -0.9956
vn -0.0576 0.0739 -0.9956
vn -0.0575 0.0739 -0.9956
vn -0.0573 0.0740 -0.9956
vn -0.0573 0.0741 -0.9956
vn -0.0572 0.0741 -0.9956
vn -0.0572 0.0742 -0.9956
vn -0.0570 0.0743 -0.9956
vn -0.0569 0.0744 -0.9956
vn -0.0568 0.0745 -0.9956
vn -0.0569 0.0745 -0.9956
vn -0.0567 0.0745 -0.9956
vn -0.0566 0.0746 -0.9956
vn -0.0565 0.0747 -0.9956
vn -0.0564 0.0748 -0.9956
vn -0.0563 0.0749 -0.9956
vn -0.0563 0.0748 -0.9956
vn -0.0562 0.0749 -0.9956
vn -0.0561 0.0750 -0.9956
vn -0.0560 0.0751 -0.9956
vn -0.0560 0.0752 -0.9956
vn -0.0562 0.0751 -0.9956
vn -0.0558 0.0752 -0.9956
vn -0.0557 0.0752 -0.9956
vn -0.0590 0.0728 -0.9956
vn -0.0586 0.0730 -0.9956
vn -0.0582 0.0734 -0.9956
vn -0.0599 0.0720 -0.9956
vn -0.0600 0.0719 -0.9956
vn -0.0602 0.0717 -0.9956
vn -0.0603 0.0716 -0.9956
vn -0.0606 0.0713 -0.9956
vn -0.0609 0.0712 -0.9956
vn -0.0613 0.0708 -0.9956
vn -0.0642 0.0683 -0.9956
vn -0.0571 0.0742 -0.9956
vn -0.0556 0.0753 -0.9956
vn 0.6130 -0.7901 -0.0000
vn 0.5677 -0.8232 -0.0000
vn 0.0014 -0.0934 -0.9956
vn 0.0003 -0.0935 -0.9956
vn 0.0003 -0.0934 -0.9956
vn -0.0007 -0.0935 -0.9956
vn -0.0007 -0.0934 -0.9956
vn -0.0016 -0.0935 -0.9956
vn -0.0017 -0.0934 -0.9956
vn -0.0025 -0.0934 -0.9956
vn -0.0026 -0.0934 -0.9956
vn -0.0034 -0.0934 -0.9956
vn -0.0035 -0.0934 -0.9956
vn -0.0042 -0.0934 -0.9956
vn -0.0048 -0.0932 -0.9956
vn -0.0050 -0.0933 -0.9956
vn -0.0057 -0.0933 -0.9956
vn -0.0062 -0.0932 -0.9956
vn -0.0063 -0.0931 -0.9956
vn -0.0067 -0.0932 -0.9956
vn -0.0073 -0.0932 -0.9956
vn -0.0077 -0.0931 -0.9956
vn -0.0080 -0.0931 -0.9956
vn -0.0089 -0.0930 -0.9956
vn -0.0085 -0.0954 -0.9954
vn -0.0096 -0.0930 -0.9956
vn -0.0097 -0.0930 -0.9956
vn -0.0099 -0.0929 -0.9956
vn -0.0104 -0.0929 -0.9956
vn -0.0106 -0.0929 -0.9956
vn -0.0110 -0.0928 -0.9956
vn -0.0112 -0.0928 -0.9956
vn -0.0114 -0.0927 -0.9956
vn -0.0117 -0.0927 -0.9956
vn -0.0119 -0.0927 -0.9956
vn -0.0122 -0.0927 -0.9956
vn -0.0124 -0.0926 -0.9956
vn -0.0126 -0.0926 -0.9956
vn -0.0128 -0.0926 -0.9956
vn -0.0131 -0.0926 -0.9956
vn -0.0132 -0.0925 -0.9956
vn -0.0135 -0.0925 -0.9956
vn -0.0136 -0.0925 -0.9956
vn -0.0139 -0.0925 -0.9956
vn -0.0140 -0.0924 -0.9956
vn -0.0142 -0.0924 -0.9956
vn -0.0144 -0.0924 -0.9956
vn -0.0146 -0.0924 -0.9956
vn -0.0148 -0.0923 -0.9956
vn -0.0098 -0.0932 -0.9956
vn -0.0106 -0.0928 -0.9956
vn -0.0106 -0.0930 -0.9956
vn -0.0114 -0.0929 -0.9956
vn -0.0127 -0.0925 -0.9956
vn -0.0130 -0.0925 -0.9956
vn -0.0133 -0.0925 -0.9956
vn -0.0135 -0.0924 -0.9956
vn -0.0136 -0.0924 -0.9956
vn -0.0138 -0.0924 -0.9956
vn -0.0138 -0.0923 -0.9956
vn -0.0139 -0.0924 -0.9956
vn -0.0141 -0.0924 -0.9956
vn -0.0142 -0.0923 -0.9956
vn -0.0147 -0.0923 -0.9956
vn -0.0150 -0.0923 -0.9956
vn -0.0151 -0.0923 -0.9956
vn -0.0153 -0.0922 -0.9956
vn -0.0155 -0.0922 -0.9956
vn -0.0156 -0.0921 -0.9956
vn -0.0156 -0.0922 -0.9956
vn -0.0158 -0.0921 -0.9956
vn -0.0159 -0.0921 -0.9956
vn -0.0160 -0.0921 -0.9956
vn -0.0161 -0.0921 -0.9956
vn -0.0162 -0.0920 -0.9956
vn -0.0090 -0.0930 -0.9956
vn 0.2690 -0.9631 0.0059
vn 0.2564 -0.9666 -0.0057
vn 0.2565 -0.9665 0.0035
vn 0.2449 -0.9695 -0.0034
vn 0.2449 -0.9696 0.0015
vn 0.2340 -0.9722 -0.0014
vn 0.2340 -0.9722 -0.0000
vn 0.2190 -0.9757 0.0002
vn 0.2004 -0.9797 0.0004
vn 0.2004 -0.9797 0.0006
vn 0.2189 -0.9757 -0.0003
vn 0.1836 -0.9830 -0.0001
vn 0.1836 -0.9830 0.0005
vn 0.1682 -0.9857 -0.0003
vn 0.1682 -0.9858 0.0004
vn 0.1542 -0.9880 -0.0003
vn 0.1541 -0.9881 0.0002
vn 0.1413 -0.9900 -0.0002
vn 0.1413 -0.9900 -0.0000
vn -0.7927 0.6096 -0.0000
vn -0.7930 0.6092 -0.0000
vn -0.7940 0.6080 -0.0000
vn -0.4044 -0.9146 -0.0000
vn -0.4000 -0.9165 0.0015
vn -0.3949 -0.9187 -0.0050
vn -0.4465 -0.8948 -0.0011
vn -0.4583 -0.8888 0.0014
vn -0.4914 -0.8709 -0.0012
vn -0.5056 -0.8628 0.0015
vn -0.5305 -0.8477 -0.0012
vn -0.5469 -0.8372 0.0015
vn -0.5646 -0.8254 -0.0011
vn -0.5832 -0.8123 0.0013
vn -0.5943 -0.8042 -0.0008
vn -0.6150 -0.7886 0.0010
vn -0.6203 -0.7844 -0.0004
vn -0.6429 -0.7660 0.0004
vn -0.6433 -0.7656 0.0003
vn -0.6640 -0.7478 -0.0002
vn -0.6675 -0.7446 0.0007
vn -0.6826 -0.7308 -0.0006
vn -0.6893 -0.7245 0.0009
vn -0.7069 -0.7073 -0.0018
vn -0.7086 -0.7056 -0.0010
vn -0.7258 -0.6879 0.0006
vn -0.7345 -0.6786 -0.0020
vn -0.7411 -0.6714 0.0003
vn -0.7549 -0.6558 -0.0004
vn -0.7573 -0.6531 -0.0014
vn -0.7673 -0.6413 0.0006
vn -0.7764 -0.6303 -0.0012
vn -0.7835 -0.6213 0.0020
vn -0.7924 -0.6100 -0.0011
vn -0.7978 -0.6030 0.0003
vn -0.8061 -0.5918 -0.0006
vn -0.8063 -0.5915 -0.0007
vn -0.8137 -0.5813 0.0003
vn -0.8186 -0.5743 -0.0009
vn -0.8207 -0.5714 -0.0001
vn -0.8270 -0.5621 0.0001
vn -0.8296 -0.5583 -0.0008
vn -0.8329 -0.5535 0.0001
vn -0.8382 -0.5453 -0.0002
vn -0.8396 -0.5432 -0.0007
vn -0.8431 -0.5377 0.0001
vn -0.8463 -0.5327 -0.0001
vn -0.8476 -0.5306 0.0002
vn -0.8503 -0.5262 -0.0001
vn -0.8517 -0.5240 0.0002
vn -0.8541 -0.5201 -0.0001
vn -0.8554 -0.5179 0.0001
vn -0.8574 -0.5146 -0.0001
vn -0.8588 -0.5123 0.0001
vn -0.8606 -0.5093 -0.0001
vn -0.8618 -0.5073 0.0001
vn -0.8636 -0.5041 -0.0001
vn -0.8644 -0.5029 -0.0000
vn -0.8656 -0.5007 -0.0000
vn -0.8665 -0.4992 -0.0000
vn -0.8667 -0.4989 -0.0000
vn -0.8676 -0.4973 -0.0000
vn -0.8680 -0.4966 -0.0000
vn -0.8682 -0.4962 -0.0000
vn -0.3708 -0.9287 -0.0000
vn 0.0903 -0.0563 -0.9943
vn 0.0901 -0.0568 -0.9943
vn 0.0898 -0.0574 -0.9943
vn 0.0896 -0.0578 -0.9943
vn 0.0893 -0.0581 -0.9943
vn 0.0887 -0.0592 -0.9943
vn 0.0885 -0.0593 -0.9943
vn 0.0879 -0.0602 -0.9943
vn 0.0876 -0.0606 -0.9943
vn 0.0874 -0.0609 -0.9943
vn 0.0874 -0.0610 -0.9943
vn 0.0870 -0.0615 -0.9943
vn 0.0869 -0.0617 -0.9943
vn 0.0867 -0.0619 -0.9943
vn 0.0864 -0.0624 -0.9943
vn 0.0864 -0.0625 -0.9943
vn 0.0860 -0.0629 -0.9943
vn 0.0858 -0.0633 -0.9943
vn 0.0856 -0.0634 -0.9943
vn 0.0852 -0.0640 -0.9943
vn 0.0851 -0.0642 -0.9943
vn 0.0848 -0.0645 -0.9943
vn 0.0844 -0.0650 -0.9943
vn 0.0844 -0.0652 -0.9943
vn 0.0839 -0.0656 -0.9943
vn 0.0836 -0.0662 -0.9943
vn 0.0836 -0.0663 -0.9943
vn 0.0829 -0.0668 -0.9943
vn 0.0829 -0.0669 -0.9943
vn 0.0825 -0.0674 -0.9943
vn 0.0822 -0.0678 -0.9943
vn 0.0820 -0.0680 -0.9943
vn 0.0814 -0.0687 -0.9943
vn 0.0810 -0.0693 -0.9943
vn 0.0807 -0.0697 -0.9943
vn 0.0805 -0.0699 -0.9943
vn 0.0798 -0.0705 -0.9943
vn 0.0793 -0.0711 -0.9943
vn 0.0792 -0.0713 -0.9943
vn 0.0787 -0.0718 -0.9943
vn 0.0782 -0.0724 -0.9943
vn 0.0776 -0.0730 -0.9943
vn 0.0771 -0.0736 -0.9943
vn 0.0771 -0.0737 -0.9943
vn 0.0765 -0.0741 -0.9943
vn 0.0761 -0.0746 -0.9943
vn 0.0759 -0.0750 -0.9943
vn 0.0759 -0.0751 -0.9943
vn 0.0759 -0.0752 -0.9943
vn 0.0909 -0.0556 -0.9943
vn 0.0909 -0.0557 -0.9943
vn 0.0905 -0.0563 -0.9943
vn 0.0905 -0.0562 -0.9943
vn 0.0904 -0.0563 -0.9943
vn 0.0911 -0.0553 -0.9943
vn 0.0911 -0.0550 -0.9943
vn 0.0912 -0.0550 -0.9943
vn 0.0913 -0.0549 -0.9943
vn 0.0913 -0.0548 -0.9943
vn 0.0915 -0.0546 -0.9943
vn 0.0913 -0.0545 -0.9943
vn 0.0916 -0.0544 -0.9943
vn 0.0917 -0.0542 -0.9943
vn 0.0919 -0.0539 -0.9943
vn 0.0919 -0.0538 -0.9943
vn 0.0921 -0.0535 -0.9943
vn 0.0923 -0.0533 -0.9943
vn 0.0923 -0.0532 -0.9943
vn 0.0924 -0.0530 -0.9943
vn 0.0925 -0.0529 -0.9943
vn 0.0914 -0.0546 -0.9943
vn 0.0925 -0.0528 -0.9943
vn 0.0926 -0.0527 -0.9943
vn 0.0926 -0.0526 -0.9943
vn 0.0927 -0.0526 -0.9943
vn 0.0927 -0.0525 -0.9943
vn 0.0928 -0.0525 -0.9943
vn 0.0926 -0.0528 -0.9943
vn 0.0925 -0.0527 -0.9943
vn 0.0915 -0.0545 -0.9943
vn 0.0910 -0.0554 -0.9943
vn 0.0908 -0.0557 -0.9943
vn 0.0908 -0.0558 -0.9943
vn 0.0901 -0.0569 -0.9943
vn 0.0878 -0.0603 -0.9943
vn 0.0872 -0.0612 -0.9943
vn 0.0869 -0.0616 -0.9943
vn 0.0865 -0.0623 -0.9943
vn 0.0863 -0.0624 -0.9943
vn 0.0857 -0.0633 -0.9943
vn 0.0857 -0.0634 -0.9943
vn 0.0850 -0.0642 -0.9943
vn 0.0847 -0.0647 -0.9943
vn 0.0843 -0.0651 -0.9943
vn 0.0836 -0.0661 -0.9943
vn 0.0835 -0.0662 -0.9943
vn 0.0822 -0.0680 -0.9943
vn 0.0823 -0.0674 -0.9943
vn 0.0882 -0.0598 -0.9943
vn 0.0885 -0.0594 -0.9943
vn 0.0886 -0.0593 -0.9943
vn 0.0887 -0.0590 -0.9943
vn 0.0891 -0.0583 -0.9943
vn 0.0894 -0.0582 -0.9943
vn 0.0897 -0.0574 -0.9943
vn 0.8946 -0.4421 0.0645
vn 0.9106 -0.4124 -0.0272
vn 0.9140 -0.4056 -0.0000
vn 0.9201 -0.3917 0.0027
vn 0.9251 -0.3797 -0.0006
vn 0.9380 -0.3466 0.0008
vn 0.9389 -0.3441 0.0017
vn 0.9497 -0.3131 -0.0011
vn 0.9550 -0.2965 0.0025
vn 0.9603 -0.2791 -0.0011
vn 0.9685 -0.2491 0.0017
vn 0.9696 -0.2447 0.0003
vn 0.9777 -0.2101 -0.0003
vn 0.9793 -0.2024 0.0018
vn 0.9845 -0.1756 -0.0012
vn 0.9876 -0.1567 0.0021
vn 0.9900 -0.1411 -0.0010
vn 0.9937 -0.1122 0.0014
vn 0.9943 -0.1069 -0.0000
vn 0.9973 -0.0733 -0.0000
vn 0.9976 -0.0691 0.0012
vn 0.9992 -0.0403 -0.0008
vn 0.9996 -0.0277 0.0016
vn 1.0000 -0.0080 -0.0010
vn 0.9999 0.0120 0.0015
vn 0.9997 0.0237 -0.0008
vn 0.9988 0.0498 0.0010
vn 0.9985 0.0546 -0.0002
vn 0.9964 0.0846 0.0002
vn 0.9963 0.0857 0.0005
vn 0.9935 0.1136 -0.0004
vn 0.9928 0.1197 0.0009
vn 0.9899 0.1418 -0.0007
vn 0.9884 0.1518 0.0010
vn 0.9856 0.1691 -0.0007
vn 0.9833 0.1821 0.0010
vn 0.9807 0.1955 -0.0007
vn 0.9776 0.2105 0.0009
vn 0.9753 0.2211 -0.0006
vn 0.9715 0.2372 0.0008
vn 0.9693 0.2457 -0.0005
vn 0.9650 0.2622 0.0007
vn 0.9630 0.2695 -0.0005
vn 0.9584 0.2855 0.0006
vn 0.9563 0.2924 -0.0005
vn 0.9516 0.3072 0.0005
vn 0.9493 0.3145 -0.0005
vn 0.9449 0.3274 0.0005
vn 0.9419 0.3358 -0.0006
vn 0.9382 0.3461 0.0004
vn 0.9344 0.3562 -0.0005
vn 0.9317 0.3632 0.0003
vn 0.9269 0.3754 -0.0004
vn 0.9254 0.3789 0.0001
vn 0.9198 0.3925 -0.0002
vn 0.9195 0.3931 -0.0001
vn 0.9141 0.4056 -0.0000
vn 0.9133 0.4072 -0.0002
vn 0.9092 0.4163 0.0001
vn 0.9090 0.4168 0.0001
vn 0.9065 0.4222 -0.0000
vn 0.9052 0.4250 0.0001
vn 0.9036 0.4283 -0.0001
vn 0.9024 0.4309 0.0001
vn 0.9017 0.4324 -0.0000
vn 0.9012 0.4334 -0.0000
vn 0.9013 0.4332 -0.0000
vn 0.9016 0.4326 -0.0000
vn 0.9029 0.4298 -0.0001
vn 0.9031 0.4294 -0.0000
vn 0.9062 0.4228 -0.0000
vn 0.9116 0.4110 -0.0000
vn 0.9094 0.4160 -0.0002
vn 0.6976 -0.7165 -0.0000
vn 0.6941 -0.7199 -0.0000
vn 0.6955 -0.7185 -0.0000
vn 0.9144 0.4048 -0.0000
vn 0.9137 0.4064 0.0001
vn 0.9026 0.4304 -0.0001
vn 0.1727 0.9850 -0.0000
vn 0.1715 0.9852 0.0002
vn 0.1451 0.9894 -0.0002
vn 0.1415 0.9899 0.0004
vn 0.1156 0.9933 -0.0004
vn 0.1112 0.9938 0.0003
vn 0.0842 0.9965 -0.0003
vn 0.0808 0.9967 0.0002
vn 0.0527 0.9986 -0.0002
vn 0.0503 0.9987 0.0002
vn 0.0213 0.9998 -0.0002
vn 0.0199 0.9998 0.0001
vn -0.0100 1.0000 -0.0001
vn -0.0105 0.9999 -0.0000
vn -0.0408 0.9992 -0.0000
vn -0.0410 0.9992 -0.0001
vn -0.0707 0.9975 0.0001
vn -0.0718 0.9974 -0.0001
vn -0.1004 0.9950 0.0001
vn -0.1021 0.9948 -0.0002
vn -0.1296 0.9916 0.0002
vn -0.1319 0.9913 -0.0002
vn -0.1584 0.9874 0.0002
vn -0.1610 0.9869 -0.0003
vn -0.1866 0.9824 0.0003
vn -0.1893 0.9819 -0.0003
vn -0.2143 0.9768 0.0003
vn -0.2168 0.9762 -0.0002
vn -0.2413 0.9705 0.0002
vn -0.2435 0.9699 -0.0002
vn -0.2676 0.9635 0.0002
vn -0.2692 0.9631 -0.0001
vn -0.2933 0.9560 0.0001
vn -0.2940 0.9558 -0.0000
vn -0.3180 0.9481 -0.0000
vn -0.3182 0.9480 0.0001
vn -0.3410 0.9401 -0.0001
vn -0.3423 0.9396 0.0002
vn -0.3632 0.9317 -0.0002
vn -0.3657 0.9307 0.0004
vn -0.3844 0.9232 -0.0003
vn -0.3883 0.9215 0.0005
vn -0.4048 0.9144 -0.0005
vn -0.4102 0.9120 0.0006
vn -0.4312 0.9022 -0.0012
vn -0.4337 0.9010 -0.0021
vn -0.4515 0.8923 0.0007
vn -0.4694 0.8830 -0.0019
vn -0.4710 0.8821 -0.0012
vn -0.4898 0.8718 0.0006
vn -0.5020 0.8649 -0.0023
vn -0.5078 0.8615 -0.0001
vn -0.5251 0.8510 0.0001
vn -0.5316 0.8470 -0.0022
vn -0.5417 0.8406 0.0006
vn -0.5576 0.8301 -0.0011
vn -0.5586 0.8295 -0.0015
vn -0.5729 0.8196 0.0007
vn -0.5832 0.8124 -0.0019
vn -0.5875 0.8092 -0.0000
vn -0.0759 0.0741 -0.9944
vn -0.0765 0.0741 -0.9943
vn -0.0772 0.0735 -0.9943
vn -0.0777 0.0727 -0.9943
vn -0.0779 0.0726 -0.9943
vn -0.0785 0.0720 -0.9943
vn -0.0791 0.0713 -0.9943
vn -0.0797 0.0707 -0.9943
vn -0.0803 0.0700 -0.9943
vn -0.0803 0.0699 -0.9943
vn -0.0808 0.0695 -0.9943
vn -0.0813 0.0688 -0.9943
vn -0.0814 0.0686 -0.9943
vn -0.0818 0.0683 -0.9943
vn -0.0823 0.0677 -0.9943
vn -0.0825 0.0674 -0.9943
vn -0.0827 0.0672 -0.9943
vn -0.0831 0.0667 -0.9943
vn -0.0834 0.0663 -0.9943
vn -0.0835 0.0662 -0.9943
vn -0.0839 0.0657 -0.9943
vn -0.0842 0.0653 -0.9943
vn -0.0843 0.0652 -0.9943
vn -0.0846 0.0648 -0.9943
vn -0.0848 0.0652 -0.9943
vn -0.0850 0.0643 -0.9943
vn -0.0850 0.0642 -0.9943
vn -0.0853 0.0638 -0.9943
vn -0.0855 0.0635 -0.9943
vn -0.0859 0.0634 -0.9943
vn -0.0860 0.0630 -0.9943
vn -0.0863 0.0625 -0.9943
vn -0.0869 0.0617 -0.9943
vn -0.0874 0.0609 -0.9943
vn -0.0856 0.0634 -0.9943
vn -0.0875 0.0609 -0.9943
vn -0.0879 0.0602 -0.9943
vn -0.0883 0.0596 -0.9943
vn -0.0885 0.0592 -0.9943
vn -0.0888 0.0589 -0.9943
vn -0.0891 0.0583 -0.9943
vn -0.0891 0.0585 -0.9943
vn -0.0892 0.0582 -0.9943
vn -0.0884 0.0595 -0.9943
vn -0.0895 0.0579 -0.9943
vn -0.0896 0.0577 -0.9943
vn -0.0898 0.0573 -0.9943
vn -0.0899 0.0571 -0.9943
vn -0.0901 0.0568 -0.9943
vn -0.0903 0.0566 -0.9943
vn -0.0906 0.0561 -0.9943
vn -0.0909 0.0557 -0.9943
vn -0.0909 0.0556 -0.9943
vn -0.0912 0.0552 -0.9943
vn -0.0913 0.0552 -0.9943
vn -0.0914 0.0549 -0.9943
vn -0.0915 0.0548 -0.9943
vn -0.0917 0.0545 -0.9943
vn -0.0918 0.0544 -0.9943
vn -0.0919 0.0542 -0.9943
vn -0.0920 0.0541 -0.9943
vn -0.0921 0.0539 -0.9943
vn -0.0922 0.0538 -0.9943
vn -0.0923 0.0536 -0.9943
vn -0.0924 0.0534 -0.9943
vn -0.0924 0.0533 -0.9943
vn -0.0925 0.0533 -0.9943
vn -0.0925 0.0532 -0.9943
vn -0.0925 0.0531 -0.9943
vn -0.0926 0.0530 -0.9943
vn -0.0926 0.0529 -0.9943
vn -0.0927 0.0528 -0.9943
vn -0.0926 0.0526 -0.9943
vn -0.0902 0.0572 -0.9943
vn -0.0897 0.0577 -0.9943
vn -0.0874 0.0608 -0.9943
vn -0.0870 0.0616 -0.9943
vn -0.0868 0.0617 -0.9943
vn -0.0865 0.0625 -0.9943
vn 0.9833 -0.1716 -0.0600
vn 0.9862 -0.1629 0.0282
vn 0.9872 -0.1565 -0.0311
vn 0.9884 -0.1513 0.0144
vn 0.9895 -0.1436 -0.0143
vn 0.9900 -0.1407 0.0070
vn 0.9912 -0.1326 -0.0059
vn 0.9914 -0.1309 0.0039
vn 0.9921 -0.1253 -0.0010
vn 0.9925 -0.1219 0.0053
vn 0.9927 -0.1210 0.0025
vn 0.9931 -0.1171 -0.0011
vn 0.9935 -0.1136 0.0028
vn 0.9936 -0.1133 0.0036
vn 0.9943 -0.1060 -0.0066
vn 0.9945 -0.1050 -0.0020
vn 0.9955 -0.0948 0.0027
vn 0.9955 -0.0941 0.0070
vn 0.9964 -0.0844 -0.0032
vn 0.9967 -0.0801 0.0090
vn 0.9975 -0.0700 -0.0118
vn 0.9978 -0.0668 0.0017
vn 0.9985 -0.0546 0.0005
vn 0.9986 -0.0524 -0.0066
vn 0.9991 -0.0431 0.0047
vn 0.9993 -0.0362 -0.0069
vn 0.9995 -0.0317 0.0026
vn 0.9998 -0.0209 -0.0032
vn 0.9998 -0.0204 -0.0018
vn 1.0000 -0.0097 0.0014
vn 1.0000 -0.0095 0.0017
vn 1.0000 -0.0023 -0.0010
vn 1.0000 0.0016 0.0026
vn 1.0000 0.0090 -0.0041
vn 0.9999 0.0134 0.0018
vn 0.9998 0.0206 -0.0009
vn 0.9997 0.0258 0.0024
vn 0.9996 0.0287 -0.0001
vn 0.9993 0.0371 0.0003
vn 0.9992 0.0392 0.0022
vn 0.9989 0.0459 -0.0008
vn 0.9988 0.0482 -0.0000
vn 0.9986 0.0524 0.0005
vn 0.9985 0.0551 -0.0001
vn 0.9979 0.0649 0.0002
vn 0.9979 0.0651 0.0003
vn 0.9972 0.0754 -0.0002
vn 0.9969 0.0789 0.0006
vn 0.9962 0.0866 -0.0003
vn 0.9956 0.0942 0.0007
vn 0.9951 0.0988 -0.0002
vn 0.9938 0.1111 0.0004
vn 0.9937 0.1121 0.0002
vn 0.9921 0.1253 -0.0001
vn 0.9919 0.1267 -0.0003
vn 0.9908 0.1356 0.0002
vn 0.9897 0.1429 -0.0004
vn 0.9892 0.1466 0.0001
vn 0.9874 0.1584 -0.0001
vn 0.9870 0.1610 -0.0004
vn 0.9852 0.1713 0.0002
vn 0.9834 0.1814 -0.0005
vn 0.9827 0.1852 -0.0000
vn 0.9759 0.2183 -0.0000
vn 0.9724 0.2335 -0.0014
vn 0.9628 0.2703 0.0006
vn 0.9477 0.3190 -0.0012
vn 0.9464 0.3230 -0.0008
vn 0.9266 0.3760 0.0005
vn 0.9121 0.4099 -0.0018
vn 0.9033 0.4289 -0.0000
vn 0.8766 0.4811 -0.0000
vn 0.8643 0.5029 -0.0019
vn 0.8467 0.5321 0.0003
vn 0.8136 0.5814 -0.0004
vn 0.8041 0.5945 -0.0019
vn 0.7779 0.6284 0.0004
vn 0.7398 0.6729 -0.0008
vn 0.7331 0.6801 -0.0017
vn 0.6997 0.7144 0.0005
vn 0.6583 0.7528 -0.0011
vn 0.6546 0.7560 -0.0015
vn 0.5945 0.8041 0.0016
vn 0.5718 0.8204 -0.0014
vn 0.5082 0.8612 0.0014
vn 0.4876 0.8731 -0.0012
vn 0.4232 0.9060 0.0012
vn 0.4052 0.9142 -0.0010
vn 0.3415 0.9399 0.0010
vn 0.3265 0.9452 -0.0008
vn 0.2643 0.9644 0.0008
vn 0.2527 0.9675 -0.0006
vn 0.1918 0.9814 0.0006
vn 0.1839 0.9829 -0.0004
vn 0.1242 0.9923 0.0004
vn 0.1199 0.9928 -0.0002
vn 0.0610 0.9981 0.0002
vn 0.0601 0.9982 -0.0000
vn 0.0036 1.0000 -0.0000
vn 0.0016 1.0000 0.0003
vn -0.0499 0.9988 -0.0002
vn -0.0546 0.9985 0.0004
vn -0.1011 0.9949 -0.0004
vn -0.1083 0.9941 0.0005
vn -0.1507 0.9886 -0.0005
vn -0.1603 0.9871 0.0006
vn -0.1993 0.9799 -0.0006
vn -0.2114 0.9774 0.0007
vn -0.2477 0.9688 -0.0007
vn -0.2624 0.9649 0.0008
vn -0.2967 0.9550 -0.0007
vn -0.3144 0.9493 0.0009
vn -0.3471 0.9378 -0.0008
vn -0.3684 0.9297 0.0009
vn -0.3999 0.9165 -0.0009
vn -0.4254 0.9050 0.0010
vn -0.4562 0.8899 -0.0009
vn -0.4870 0.8734 0.0011
vn -0.5175 0.8557 -0.0010
vn -0.5544 0.8322 0.0012
vn -0.5880 0.8089 -0.0013
vn -0.6292 0.7773 0.0013
vn -0.6729 0.7397 -0.0017
vn -0.7119 0.7023 0.0014
vn -0.7464 0.6655 -0.0005
vn -0.8012 0.5984 0.0010
vn -0.8591 0.5117 -0.0006
vn -0.8688 0.4952 0.0001
vn -0.9113 0.4117 -0.0001
vn -0.9163 0.4004 -0.0006
vn -0.9489 0.3156 0.0004
vn -0.9653 0.2612 -0.0011
vn -0.9782 0.2075 0.0004
vn -0.9902 0.1395 -0.0003
vn -0.9960 0.0892 0.0006
vn -0.9987 0.0512 -0.0002
vn -0.9994 -0.0355 0.0003
vn -0.9992 -0.0399 0.0002
vn -0.9914 -0.1305 -0.0001
vn -0.9868 -0.1618 0.0006
vn -0.9654 -0.2608 -0.0009
vn -0.9588 -0.2841 -0.0000
s 0
f 1//1 2//1 3//1
f 3//1 2//1 4//1
f 3//1 4//1 5//1
f 5//1 4//1 6//1
f 5//1 6//1 7//1
f 7//1 6//1 8//1
f 8//1 6//1 9//1
f 8//1 9//1 10//1
f 11//1 12//1 6//1
f 6//1 12//1 13//1
f 6//1 13//1 9//1
f 10//2 9//2 14//2
f 14//3 9//3 13//3
f 14//4 13//4 15//4
f 15//5 13//5 12//5
f 15//6 12//6 11//6
f 11//7 6//7 15//7
f 15//8 6//8 4//8
f 15//9 4//9 16//9
f 16//10 4//10 2//10
f 16//11 2//11 1//11
f 17//12 18//12 19//12
f 19//13 18//13 20//13
f 19//14 20//14 21//14
f 22//15 23//15 17//15
f 17//16 23//16 24//16
f 17//17 24//17 18//17
f 25//18 26//18 22//18
f 22//19 26//19 27//19
f 22//20 27//20 23//20
f 26//21 25//21 28//21
f 28//22 25//22 29//22
f 28//23 29//23 30//23
f 30//24 29//24 31//24
f 30//25 31//25 32//25
f 32//26 31//26 33//26
f 32//27 33//27 34//27
f 34//28 33//28 35//28
f 35//29 33//29 36//29
f 35//30 36//30 37//30
f 37//31 36//31 38//31
f 37//32 38//32 39//32
f 39//33 38//33 40//33
f 39//34 40//34 41//34
f 39//35 41//35 42//35
f 42//36 41//36 43//36
f 42//37 43//37 44//37
f 44//38 43//38 45//38
f 44//39 45//39 46//39
f 46//40 45//40 47//40
f 46//41 47//41 48//41
f 48//42 47//42 49//42
f 48//43 49//43 50//43
f 50//44 49//44 51//44
f 50//45 51//45 52//45
f 52//46 51//46 53//46
f 52//47 53//47 54//47
f 54//48 53//48 55//48
f 54//49 55//49 56//49
f 43//50 49//50 45//50
f 45//51 49//51 47//51
f 56//52 57//52 54//52
f 54//53 57//53 58//53
f 54//54 58//54 59//54
f 59//55 58//55 60//55
f 60//56 58//56 61//56
f 61//56 58//56 62//56
f 61//57 62//57 63//57
f 63//58 62//58 64//58
f 63//59 64//59 65//59
f 65//60 64//60 66//60
f 65//61 66//61 67//61
f 67//61 66//61 68//61
f 67//62 68//62 69//62
f 57//63 70//63 58//63
f 58//64 70//64 71//64
f 58//65 71//65 72//65
f 72//66 73//66 58//66
f 58//67 73//67 62//67
f 73//68 74//68 62//68
f 62//69 74//69 75//69
f 62//70 75//70 64//70
f 64//71 75//71 76//71
f 64//72 76//72 77//72
f 64//73 77//73 66//73
f 66//74 77//74 68//74
f 67//75 69//75 78//75
f 78//76 69//76 79//76
f 78//77 79//77 80//77
f 78//78 80//78 81//78
f 81//79 80//79 82//79
f 81//80 82//80 83//80
f 81//80 83//80 84//80
f 84//81 83//81 85//81
f 84//82 85//82 86//82
f 86//83 85//83 87//83
f 86//84 87//84 88//84
f 88//85 87//85 89//85
f 88//86 89//86 90//86
f 90//87 89//87 91//87
f 90//88 91//88 92//88
f 92//89 91//89 93//89
f 92//90 93//90 94//90
f 94//91 93//91 95//91
f 59//92 96//92 54//92
f 54//93 96//93 52//93
f 96//94 97//94 52//94
f 52//95 97//95 50//95
f 97//96 48//96 50//96
f 53//97 98//97 55//97
f 55//98 98//98 56//98
f 56//99 98//99 99//99
f 56//100 99//100 57//100
f 57//101 99//101 70//101
f 70//102 99//102 100//102
f 70//103 100//103 71//103
f 71//104 100//104 101//104
f 71//105 101//105 72//105
f 72//106 101//106 102//106
f 72//107 102//107 73//107
f 103//108 104//108 105//108
f 105//109 104//109 73//109
f 105//110 73//110 102//110
f 73//111 104//111 74//111
f 74//112 104//112 106//112
f 74//113 106//113 107//113
f 74//114 107//114 75//114
f 75//115 107//115 108//115
f 75//116 108//116 76//116
f 76//117 108//117 109//117
f 76//118 109//118 110//118
f 76//119 110//119 77//119
f 77//120 110//120 111//120
f 77//121 111//121 112//121
f 77//122 112//122 68//122
f 68//123 112//123 113//123
f 68//124 113//124 114//124
f 68//125 114//125 69//125
f 69//126 114//126 115//126
f 69//127 115//127 116//127
f 69//128 116//128 79//128
f 79//129 116//129 117//129
f 79//130 117//130 80//130
f 80//131 117//131 118//131
f 80//132 118//132 119//132
f 80//133 119//133 82//133
f 82//134 119//134 120//134
f 82//135 120//135 121//135
f 82//136 121//136 83//136
f 83//137 121//137 122//137
f 83//138 122//138 123//138
f 83//139 123//139 85//139
f 85//140 123//140 124//140
f 85//141 124//141 125//141
f 85//142 125//142 87//142
f 87//143 125//143 126//143
f 87//144 126//144 127//144
f 87//145 127//145 89//145
f 89//146 127//146 128//146
f 89//147 128//147 129//147
f 89//148 129//148 91//148
f 91//149 129//149 130//149
f 91//150 130//150 131//150
f 91//151 131//151 93//151
f 93//152 131//152 132//152
f 93//153 132//153 133//153
f 93//154 133//154 95//154
f 95//155 133//155 134//155
f 95//156 134//156 135//156
f 135//157 134//157 136//157
f 135//158 136//158 137//158
f 137//159 136//159 138//159
f 1//160 3//160 16//160
f 16//160 3//160 139//160
f 3//161 5//161 139//161
f 139//162 5//162 7//162
f 139//162 7//162 14//162
f 14//163 7//163 8//163
f 14//164 8//164 10//164
f 140//165 141//165 137//165
f 137//165 141//165 135//165
f 135//165 141//165 94//165
f 135//165 94//165 95//165
f 142//165 90//165 141//165
f 141//165 90//165 92//165
f 141//165 92//165 94//165
f 142//165 143//165 90//165
f 90//165 143//165 144//165
f 90//165 144//165 88//165
f 88//165 144//165 86//165
f 86//165 144//165 145//165
f 86//165 145//165 84//165
f 84//165 145//165 146//165
f 84//165 146//165 81//165
f 81//165 146//165 147//165
f 81//165 147//165 78//165
f 78//165 147//165 148//165
f 78//165 148//165 67//165
f 67//165 148//165 149//165
f 67//165 149//165 65//165
f 65//165 149//165 150//165
f 65//165 150//165 63//165
f 63//165 150//165 151//165
f 63//165 151//165 152//165
f 63//165 152//165 61//165
f 61//165 152//165 153//165
f 61//165 153//165 60//165
f 60//165 153//165 154//165
f 60//165 154//165 59//165
f 59//165 154//165 155//165
f 59//165 155//165 96//165
f 96//165 155//165 156//165
f 96//165 156//165 97//165
f 97//165 156//165 157//165
f 97//165 157//165 48//165
f 48//165 157//165 158//165
f 48//165 158//165 46//165
f 46//165 158//165 159//165
f 46//165 159//165 44//165
f 44//165 159//165 160//165
f 44//165 160//165 42//165
f 42//165 160//165 39//165
f 39//165 160//165 161//165
f 39//165 161//165 162//165
f 39//165 162//165 37//165
f 37//165 162//165 163//165
f 37//165 163//165 35//165
f 35//165 163//165 164//165
f 35//165 164//165 34//165
f 34//165 164//165 165//165
f 34//165 165//165 166//165
f 34//165 166//165 32//165
f 32//165 166//165 167//165
f 32//165 167//165 30//165
f 30//165 167//165 168//165
f 30//165 168//165 28//165
f 28//165 168//165 169//165
f 28//165 169//165 26//165
f 26//165 169//165 170//165
f 26//165 170//165 27//165
f 27//165 170//165 171//165
f 27//165 171//165 23//165
f 23//165 171//165 172//165
f 23//165 172//165 24//165
f 24//165 172//165 173//165
f 24//165 173//165 174//165
f 175//165 176//165 174//165
f 174//165 176//165 177//165
f 174//165 177//165 178//165
f 176//165 175//165 179//165
f 179//165 175//165 180//165
f 179//165 180//165 181//165
f 181//165 180//165 182//165
f 181//165 182//165 183//165
f 183//165 182//165 184//165
f 184//165 182//165 185//165
f 184//165 185//165 186//165
f 186//165 185//165 187//165
f 187//165 185//165 188//165
f 188//165 185//165 189//165
f 188//165 189//165 190//165
f 190//165 189//165 191//165
f 191//165 189//165 192//165
f 191//165 192//165 193//165
f 193//165 192//165 194//165
f 193//165 194//165 195//165
f 195//165 194//165 196//165
f 195//165 196//165 197//165
f 195//165 197//165 198//165
f 198//165 197//165 199//165
f 198//165 199//165 200//165
f 200//165 199//165 201//165
f 200//165 201//165 202//165
f 200//165 202//165 203//165
f 203//165 202//165 204//165
f 203//165 204//165 205//165
f 205//165 204//165 206//165
f 205//165 206//165 207//165
f 207//165 206//165 208//165
f 208//165 206//165 209//165
f 208//165 209//165 210//165
f 210//165 209//165 211//165
f 211//165 209//165 212//165
f 211//165 212//165 213//165
f 213//165 212//165 214//165
f 214//165 212//165 215//165
f 214//165 215//165 216//165
f 216//165 215//165 217//165
f 217//165 215//165 218//165
f 217//165 218//165 219//165
f 219//165 218//165 220//165
f 219//165 220//165 221//165
f 221//165 220//165 222//165
f 221//165 222//165 223//165
f 223//165 222//165 224//165
f 224//165 222//165 225//165
f 224//165 225//165 226//165
f 226//165 225//165 227//165
f 226//165 227//165 228//165
f 228//165 227//165 229//165
f 229//165 227//165 230//165
f 229//165 230//165 231//165
f 231//165 230//165 232//165
f 232//165 230//165 233//165
f 232//165 233//165 234//165
f 234//165 233//165 235//165
f 235//165 233//165 236//165
f 236//165 233//165 237//165
f 237//165 233//165 238//165
f 238//165 233//165 239//165
f 239//165 233//165 240//165
f 239//165 240//165 241//165
f 241//165 240//165 242//165
f 242//165 240//165 243//165
f 243//165 240//165 244//165
f 243//165 244//165 245//165
f 245//165 244//165 246//165
f 246//165 244//165 247//165
f 247//165 244//165 248//165
f 247//165 248//165 249//165
f 249//165 248//165 250//165
f 250//165 248//165 251//165
f 251//165 248//165 252//165
f 252//165 248//165 253//165
f 253//165 248//165 254//165
f 253//165 254//165 255//165
f 255//165 254//165 256//165
f 256//165 254//165 257//165
f 257//165 254//165 258//165
f 258//165 254//165 259//165
f 259//165 254//165 260//165
f 260//165 254//165 261//165
f 260//165 261//165 262//165
f 262//165 263//165 260//165
f 234//165 264//165 232//165
f 232//165 264//165 265//165
f 232//165 265//165 266//165
f 266//165 265//165 267//165
f 266//165 267//165 268//165
f 268//165 267//165 269//165
f 268//165 269//165 270//165
f 268//165 270//165 271//165
f 271//165 270//165 272//165
f 271//165 272//165 273//165
f 273//165 272//165 274//165
f 275//165 276//165 176//165
f 176//165 276//165 277//165
f 176//165 277//165 278//165
f 276//165 275//165 279//165
f 279//165 275//165 280//165
f 279//165 280//165 281//165
f 281//165 280//165 282//165
f 281//165 282//165 283//165
f 283//165 282//165 284//165
f 283//165 284//165 285//165
f 285//165 284//165 286//165
f 285//165 286//165 287//165
f 287//165 286//165 288//165
f 287//165 288//165 289//165
f 289//165 288//165 290//165
f 289//165 290//165 291//165
f 291//165 290//165 292//165
f 291//165 292//165 293//165
f 293//165 292//165 294//165
f 293//165 294//165 295//165
f 295//165 294//165 296//165
f 295//165 296//165 297//165
f 297//165 296//165 298//165
f 297//165 298//165 299//165
f 299//165 298//165 300//165
f 299//165 300//165 301//165
f 301//165 300//165 302//165
f 301//165 302//165 303//165
f 303//165 302//165 304//165
f 303//165 304//165 305//165
f 303//165 305//165 306//165
f 306//165 305//165 307//165
f 306//165 307//165 308//165
f 306//165 308//165 309//165
f 309//165 308//165 310//165
f 309//165 310//165 311//165
f 309//165 311//165 312//165
f 312//165 311//165 313//165
f 312//165 313//165 314//165
f 314//165 313//165 315//165
f 314//165 315//165 316//165
f 316//165 315//165 317//165
f 316//165 317//165 318//165
f 316//165 318//165 319//165
f 319//165 318//165 320//165
f 319//165 320//165 321//165
f 321//165 320//165 322//165
f 321//165 322//165 323//165
f 323//165 322//165 324//165
f 323//165 324//165 325//165
f 323//165 325//165 326//165
f 326//165 325//165 327//165
f 326//165 327//165 328//165
f 328//165 327//165 329//165
f 328//165 329//165 330//165
f 330//165 329//165 331//165
f 330//165 331//165 332//165
f 332//165 331//165 333//165
f 332//165 333//165 334//165
f 334//165 333//165 335//165
f 334//165 335//165 336//165
f 337//165 338//165 333//165
f 333//165 338//165 335//165
f 339//165 340//165 338//165
f 338//165 340//165 341//165
f 338//165 341//165 342//165
f 343//166 344//166 340//166
f 340//165 344//165 345//165
f 340//165 345//165 346//165
f 346//165 341//165 340//165
f 342//165 347//165 338//165
f 338//165 347//165 335//165
f 336//165 348//165 334//165
f 334//165 348//165 349//165
f 334//165 349//165 350//165
f 278//165 351//165 176//165
f 176//165 351//165 352//165
f 176//165 352//165 353//165
f 353//165 177//165 176//165
f 178//165 354//165 174//165
f 174//165 354//165 21//165
f 174//165 21//165 20//165
f 354//165 355//165 21//165
f 21//165 355//165 356//165
f 21//165 356//165 357//165
f 358//165 359//165 357//165
f 357//165 359//165 360//165
f 357//165 360//165 21//165
f 21//165 360//165 361//165
f 21//165 361//165 362//165
f 362//165 361//165 363//165
f 362//165 363//165 364//165
f 364//165 363//165 365//165
f 364//165 365//165 366//165
f 366//165 365//165 367//165
f 366//165 367//165 368//165
f 368//165 367//165 369//165
f 368//165 369//165 370//165
f 370//165 369//165 371//165
f 370//165 371//165 372//165
f 372//165 371//165 373//165
f 372//165 373//165 374//165
f 374//165 373//165 375//165
f 374//165 375//165 376//165
f 376//165 375//165 377//165
f 377//165 375//165 378//165
f 377//165 378//165 379//165
f 379//165 378//165 380//165
f 379//165 380//165 381//165
f 381//165 380//165 382//165
f 381//165 382//165 383//165
f 383//165 382//165 384//165
f 384//165 382//165 385//165
f 384//165 385//165 386//165
f 386//165 385//165 387//165
f 386//165 387//165 388//165
f 388//165 387//165 389//165
f 388//165 389//165 390//165
f 390//165 389//165 391//165
f 390//165 391//165 392//165
f 392//165 391//165 393//165
f 392//165 393//165 394//165
f 394//165 393//165 395//165
f 394//165 395//165 396//165
f 358//167 397//167 359//167
f 359//165 397//165 398//165
f 360//165 359//165 399//165
f 399//165 359//165 400//165
f 399//165 400//165 401//165
f 401//165 402//165 399//165
f 399//165 402//165 403//165
f 399//165 403//165 404//165
f 399//165 404//165 405//165
f 405//165 404//165 406//165
f 405//165 406//165 407//165
f 407//165 406//165 408//165
f 408//165 406//165 409//165
f 408//165 409//165 410//165
f 410//165 409//165 411//165
f 411//165 409//165 412//165
f 411//165 412//165 413//165
f 413//165 412//165 414//165
f 414//165 412//165 415//165
f 414//165 415//165 416//165
f 416//165 415//165 417//165
f 417//165 415//165 418//165
f 417//165 418//165 419//165
f 419//165 418//165 420//165
f 420//165 418//165 421//165
f 420//165 421//165 422//165
f 422//165 421//165 423//165
f 422//165 423//165 424//165
f 422//165 424//165 425//165
f 425//165 424//165 426//165
f 425//165 426//165 427//165
f 427//165 426//165 428//165
f 427//165 428//165 429//165
f 429//165 428//165 430//165
f 430//165 428//165 431//165
f 430//165 431//165 432//165
f 432//165 431//165 433//165
f 432//165 433//165 434//165
f 434//165 433//165 435//165
f 434//165 435//165 436//165
f 436//165 435//165 437//165
f 436//165 437//165 438//165
f 438//165 437//165 439//165
f 438//165 439//165 440//165
f 440//165 439//165 441//165
f 440//165 441//165 442//165
f 442//165 441//165 443//165
f 442//165 443//165 444//165
f 444//165 443//165 445//165
f 444//165 445//165 446//165
f 446//165 445//165 447//165
f 446//165 447//165 448//165
f 448//165 447//165 449//165
f 449//165 447//165 450//165
f 449//165 450//165 451//165
f 451//165 450//165 452//165
f 451//165 452//165 453//165
f 453//165 452//165 454//165
f 453//165 454//165 455//165
f 455//165 454//165 456//165
f 455//165 456//165 457//165
f 457//165 456//165 458//165
f 457//165 458//165 459//165
f 458//165 456//165 460//165
f 460//165 456//165 461//165
f 460//165 461//165 462//165
f 463//165 464//165 462//165
f 462//165 464//165 465//165
f 462//165 465//165 466//165
f 466//165 460//165 462//165
f 467//165 468//165 399//165
f 399//165 468//165 469//165
f 399//165 469//165 470//165
f 470//165 469//165 471//165
f 472//165 473//165 467//165
f 467//165 473//165 474//165
f 467//165 474//165 468//165
f 473//165 472//165 475//165
f 475//165 472//165 476//165
f 475//165 476//165 477//165
f 477//165 476//165 478//165
f 477//165 478//165 479//165
f 479//165 478//165 480//165
f 479//165 480//165 481//165
f 481//165 480//165 482//165
f 481//165 482//165 483//165
f 483//165 482//165 484//165
f 483//165 484//165 485//165
f 485//165 484//165 486//165
f 486//165 484//165 487//165
f 486//165 487//165 488//165
f 488//165 487//165 489//165
f 488//165 489//165 490//165
f 490//165 489//165 491//165
f 490//165 491//165 492//165
f 492//165 491//165 493//165
f 492//165 493//165 494//165
f 494//165 493//165 495//165
f 494//165 495//165 496//165
f 496//165 495//165 497//165
f 496//165 497//165 498//165
f 498//165 497//165 499//165
f 499//165 497//165 500//165
f 499//165 500//165 501//165
f 501//165 500//165 502//165
f 501//165 502//165 503//165
f 503//165 502//165 504//165
f 503//165 504//165 505//165
f 505//165 504//165 506//165
f 505//165 506//165 507//165
f 507//165 506//165 508//165
f 507//165 508//165 509//165
f 509//165 508//165 510//165
f 509//165 510//165 511//165
f 511//165 510//165 512//165
f 511//165 512//165 513//165
f 513//165 512//165 514//165
f 513//165 514//165 515//165
f 515//165 514//165 516//165
f 515//165 516//165 517//165
f 518//165 519//165 517//165
f 517//165 519//165 520//165
f 517//165 520//165 515//165
f 521//165 522//165 519//165
f 519//165 522//165 520//165
f 523//165 524//165 522//165
f 522//165 524//165 520//165
f 470//165 360//165 399//165
f 361//165 360//165 525//165
f 525//165 360//165 526//165
f 525//165 526//165 527//165
f 527//165 528//165 525//165
f 525//165 528//165 529//165
f 529//165 528//165 530//165
f 529//165 530//165 531//165
f 531//165 530//165 532//165
f 531//165 532//165 533//165
f 533//165 532//165 534//165
f 533//165 534//165 535//165
f 535//165 534//165 536//165
f 536//165 534//165 537//165
f 536//165 537//165 538//165
f 538//165 537//165 539//165
f 539//165 537//165 540//165
f 539//165 540//165 541//165
f 541//165 540//165 542//165
f 541//165 542//165 543//165
f 543//165 542//165 544//165
f 544//165 542//165 545//165
f 544//165 545//165 546//165
f 546//165 545//165 547//165
f 546//165 547//165 548//165
f 548//165 547//165 549//165
f 548//165 549//165 550//165
f 550//165 549//165 551//165
f 550//165 551//165 552//165
f 552//165 551//165 553//165
f 552//165 553//165 554//165
f 554//165 553//165 555//165
f 554//165 555//165 556//165
f 556//165 555//165 557//165
f 556//165 557//165 558//165
f 558//165 557//165 559//165
f 558//165 559//165 560//165
f 560//165 559//165 561//165
f 561//165 559//165 562//165
f 561//165 562//165 563//165
f 563//165 562//165 564//165
f 564//165 562//165 565//165
f 565//165 562//165 566//165
f 565//165 566//165 567//165
f 567//165 566//165 568//165
f 568//165 566//165 569//165
f 569//165 566//165 570//165
f 570//165 566//165 571//165
f 571//165 566//165 572//165
f 571//165 572//165 573//165
f 573//165 572//165 574//165
f 574//165 572//165 575//165
f 574//165 575//165 576//165
f 576//165 575//165 577//165
f 576//165 577//165 578//165
f 578//165 577//165 579//165
f 578//165 579//165 580//165
f 580//165 579//165 581//165
f 580//165 581//165 582//165
f 582//165 581//165 583//165
f 582//165 583//165 584//165
f 584//165 583//165 585//165
f 584//165 585//165 586//165
f 586//165 585//165 587//165
f 586//165 587//165 588//165
f 588//165 587//165 589//165
f 589//165 587//165 590//165
f 589//165 590//165 591//165
f 591//165 590//165 592//165
f 591//165 592//165 593//165
f 593//165 592//165 594//165
f 593//165 594//165 595//165
f 593//165 595//165 596//165
f 596//165 595//165 597//165
f 596//165 597//165 598//165
f 596//165 598//165 599//165
f 599//165 598//165 600//165
f 599//165 600//165 601//165
f 601//165 600//165 602//165
f 602//165 600//165 603//165
f 602//165 603//165 604//165
f 604//165 603//165 605//165
f 604//165 605//165 606//165
f 606//165 605//165 607//165
f 606//165 607//165 608//165
f 608//165 607//165 609//165
f 608//165 609//165 610//165
f 610//165 609//165 611//165
f 611//168 609//168 612//168
f 612//165 609//165 613//165
f 614//165 615//165 606//165
f 606//165 615//165 616//165
f 606//165 616//165 604//165
f 361//165 525//165 617//165
f 617//165 525//165 618//165
f 617//165 618//165 619//165
f 619//165 618//165 620//165
f 619//165 620//165 621//165
f 621//165 620//165 622//165
f 621//165 622//165 623//165
f 623//165 622//165 624//165
f 623//165 624//165 625//165
f 625//165 624//165 626//165
f 625//165 626//165 627//165
f 627//165 626//165 628//165
f 627//165 628//165 629//165
f 629//165 628//165 630//165
f 629//165 630//165 631//165
f 631//165 630//165 632//165
f 631//165 632//165 633//165
f 633//165 632//165 634//165
f 633//165 634//165 635//165
f 635//165 634//165 636//165
f 635//165 636//165 637//165
f 637//165 636//165 638//165
f 637//165 638//165 639//165
f 639//165 638//165 640//165
f 639//165 640//165 641//165
f 639//165 641//165 642//165
f 642//165 641//165 643//165
f 642//165 643//165 644//165
f 644//165 643//165 645//165
f 644//165 645//165 646//165
f 646//165 645//165 647//165
f 646//165 647//165 648//165
f 648//165 647//165 649//165
f 648//165 649//165 650//165
f 650//165 649//165 651//165
f 650//165 651//165 652//165
f 652//165 651//165 653//165
f 652//165 653//165 654//165
f 654//165 653//165 655//165
f 654//165 655//165 656//165
f 656//165 655//165 657//165
f 656//165 657//165 658//165
f 658//165 657//165 659//165
f 658//165 659//165 660//165
f 660//165 659//165 661//165
f 660//165 661//165 662//165
f 662//165 661//165 663//165
f 662//165 663//165 664//165
f 664//165 663//165 665//165
f 664//165 665//165 666//165
f 667//165 668//165 663//165
f 663//165 668//165 669//165
f 663//165 669//165 665//165
f 670//165 671//165 667//165
f 667//165 671//165 672//165
f 667//165 672//165 673//165
f 674//165 675//165 673//165
f 673//165 675//165 667//165
f 675//165 668//165 667//165
f 666//165 676//165 664//165
f 664//165 676//165 677//165
f 664//165 677//165 678//165
f 678//165 677//165 679//165
f 394//165 396//165 680//165
f 680//165 396//165 681//165
f 680//165 681//165 682//165
f 682//165 681//165 683//165
f 682//165 683//165 684//165
f 684//165 683//165 685//165
f 684//165 685//165 686//165
f 686//165 685//165 687//165
f 686//165 687//165 688//165
f 688//165 687//165 689//165
f 688//165 689//165 690//165
f 690//165 689//165 691//165
f 690//165 691//165 692//165
f 692//165 691//165 693//165
f 692//165 693//165 694//165
f 694//165 693//165 695//165
f 694//165 695//165 696//165
f 696//165 695//165 697//165
f 696//165 697//165 698//165
f 698//165 697//165 699//165
f 698//165 699//165 700//165
f 700//165 699//165 701//165
f 700//165 701//165 702//165
f 699//165 703//165 701//165
f 700//165 702//165 704//165
f 704//165 702//165 705//165
f 704//165 705//165 706//165
f 706//165 707//165 704//165
f 704//165 707//165 708//165
f 708//168 707//168 709//168
f 709//165 707//165 710//165
f 710//165 707//165 711//165
f 711//165 707//165 712//165
f 704//165 713//165 700//165
f 20//165 18//165 174//165
f 174//165 18//165 24//165
f 103//169 105//169 714//169
f 714//170 105//170 715//170
f 714//171 715//171 716//171
f 716//172 715//172 717//172
f 716//173 717//173 718//173
f 718//174 717//174 719//174
f 719//175 717//175 720//175
f 719//176 720//176 721//176
f 721//177 720//177 722//177
f 722//178 720//178 723//178
f 722//179 723//179 724//179
f 724//180 723//180 725//180
f 725//181 723//181 726//181
f 725//182 726//182 727//182
f 727//183 726//183 728//183
f 727//184 728//184 729//184
f 729//185 728//185 730//185
f 730//186 728//186 731//186
f 730//187 731//187 732//187
f 732//188 731//188 733//188
f 733//189 731//189 734//189
f 733//190 734//190 735//190
f 735//191 734//191 736//191
f 736//192 734//192 737//192
f 736//193 737//193 738//193
f 738//194 737//194 739//194
f 739//195 737//195 740//195
f 739//196 740//196 741//196
f 741//197 740//197 742//197
f 741//198 742//198 743//198
f 743//199 742//199 744//199
f 743//200 744//200 745//200
f 745//201 744//201 746//201
f 745//202 746//202 747//202
f 747//203 746//203 748//203
f 747//204 748//204 749//204
f 749//205 748//205 750//205
f 749//206 750//206 751//206
f 751//207 750//207 752//207
f 751//208 752//208 753//208
f 753//209 752//209 754//209
f 753//210 754//210 755//210
f 755//211 754//211 756//211
f 755//212 756//212 757//212
f 757//213 756//213 758//213
f 757//214 758//214 759//214
f 759//215 758//215 760//215
f 759//216 760//216 761//216
f 761//217 760//217 762//217
f 761//218 762//218 763//218
f 763//219 762//219 713//219
f 763//220 713//220 764//220
f 764//221 713//221 704//221
f 764//222 704//222 765//222
f 765//223 704//223 708//223
f 765//224 708//224 766//224
f 767//225 768//225 769//225
f 769//226 768//226 770//226
f 769//227 770//227 158//227
f 158//228 770//228 159//228
f 159//228 770//228 771//228
f 159//229 771//229 772//229
f 772//230 771//230 773//230
f 773//231 771//231 770//231
f 774//232 775//232 772//232
f 772//233 775//233 160//233
f 772//229 160//229 159//229
f 776//234 161//234 774//234
f 774//235 161//235 160//235
f 774//236 160//236 775//236
f 161//237 776//237 162//237
f 162//238 776//238 777//238
f 162//239 777//239 163//239
f 163//240 777//240 778//240
f 163//241 778//241 164//241
f 164//242 778//242 165//242
f 165//243 778//243 779//243
f 165//244 779//244 166//244
f 166//245 779//245 167//245
f 167//246 779//246 780//246
f 167//247 780//247 168//247
f 168//248 780//248 781//248
f 168//249 781//249 169//249
f 169//250 781//250 782//250
f 169//251 782//251 170//251
f 170//252 782//252 783//252
f 170//252 783//252 171//252
f 171//253 783//253 172//253
f 172//254 783//254 784//254
f 172//255 784//255 173//255
f 173//256 784//256 174//256
f 158//257 157//257 769//257
f 769//258 157//258 785//258
f 769//259 785//259 767//259
f 785//260 157//260 786//260
f 786//261 157//261 156//261
f 786//262 156//262 155//262
f 154//263 787//263 155//263
f 155//264 787//264 788//264
f 155//265 788//265 786//265
f 786//265 788//265 789//265
f 786//266 789//266 790//266
f 787//267 154//267 791//267
f 791//268 154//268 153//268
f 791//269 153//269 792//269
f 792//270 153//270 152//270
f 792//271 152//271 793//271
f 793//272 152//272 151//272
f 793//273 151//273 794//273
f 794//274 151//274 795//274
f 795//275 151//275 796//275
f 796//275 151//275 150//275
f 796//276 150//276 797//276
f 797//277 150//277 798//277
f 798//278 150//278 149//278
f 798//279 149//279 799//279
f 799//280 149//280 800//280
f 800//281 149//281 148//281
f 800//282 148//282 801//282
f 801//283 148//283 802//283
f 802//284 148//284 147//284
f 802//285 147//285 803//285
f 803//286 147//286 804//286
f 804//287 147//287 805//287
f 805//288 147//288 146//288
f 805//289 146//289 806//289
f 806//290 146//290 807//290
f 807//291 146//291 145//291
f 807//292 145//292 808//292
f 808//293 145//293 144//293
f 808//294 144//294 809//294
f 809//295 144//295 143//295
f 809//296 143//296 142//296
f 794//297 810//297 793//297
f 793//298 810//298 811//298
f 793//299 811//299 792//299
f 792//300 811//300 812//300
f 792//269 812//269 791//269
f 791//269 812//269 813//269
f 791//301 813//301 814//301
f 791//267 814//267 787//267
f 787//302 814//302 815//302
f 787//303 815//303 816//303
f 787//264 816//264 788//264
f 788//304 816//304 789//304
f 790//305 817//305 786//305
f 786//260 817//260 785//260
f 818//306 768//306 819//306
f 819//307 768//307 767//307
f 819//308 767//308 820//308
f 820//309 767//309 785//309
f 820//310 785//310 821//310
f 821//311 785//311 817//311
f 821//312 817//312 822//312
f 822//313 817//313 790//313
f 822//314 790//314 823//314
f 823//315 790//315 789//315
f 823//316 789//316 824//316
f 824//317 789//317 816//317
f 824//318 816//318 825//318
f 825//319 816//319 815//319
f 825//320 815//320 826//320
f 826//321 815//321 814//321
f 826//322 814//322 827//322
f 827//323 814//323 813//323
f 827//324 813//324 828//324
f 828//325 813//325 812//325
f 828//326 812//326 829//326
f 829//327 812//327 811//327
f 829//328 811//328 830//328
f 830//329 811//329 810//329
f 830//330 810//330 831//330
f 831//331 810//331 794//331
f 831//332 794//332 832//332
f 832//333 794//333 795//333
f 832//334 795//334 833//334
f 833//335 795//335 796//335
f 833//336 796//336 834//336
f 834//337 796//337 797//337
f 834//338 797//338 835//338
f 835//339 797//339 798//339
f 835//340 798//340 836//340
f 836//341 798//341 799//341
f 836//342 799//342 837//342
f 837//343 799//343 800//343
f 837//344 800//344 838//344
f 838//345 800//345 801//345
f 838//346 801//346 839//346
f 839//347 801//347 802//347
f 839//348 802//348 840//348
f 840//349 802//349 803//349
f 840//350 803//350 841//350
f 841//351 803//351 804//351
f 841//352 804//352 805//352
f 841//353 805//353 842//353
f 842//354 805//354 806//354
f 842//355 806//355 843//355
f 843//356 806//356 807//356
f 843//357 807//357 844//357
f 844//358 807//358 808//358
f 844//359 808//359 845//359
f 845//360 808//360 846//360
f 846//361 808//361 809//361
f 846//362 809//362 847//362
f 847//363 809//363 142//363
f 847//364 142//364 848//364
f 848//365 142//365 849//365
f 849//366 142//366 141//366
f 849//367 141//367 850//367
f 850//368 141//368 140//368
f 140//369 137//369 850//369
f 850//369 137//369 138//369
f 174//370 784//370 175//370
f 175//371 784//371 180//371
f 180//372 784//372 783//372
f 180//373 783//373 182//373
f 182//374 783//374 185//374
f 185//375 783//375 782//375
f 185//376 782//376 189//376
f 189//377 782//377 781//377
f 189//378 781//378 192//378
f 192//379 781//379 194//379
f 194//380 781//380 780//380
f 194//381 780//381 196//381
f 196//382 780//382 779//382
f 196//383 779//383 197//383
f 197//384 779//384 199//384
f 199//385 779//385 778//385
f 199//386 778//386 201//386
f 201//387 778//387 202//387
f 202//388 778//388 777//388
f 202//389 777//389 204//389
f 204//390 777//390 776//390
f 204//391 776//391 206//391
f 206//392 776//392 774//392
f 206//393 774//393 209//393
f 209//394 774//394 772//394
f 209//395 772//395 773//395
f 209//396 773//396 212//396
f 212//397 773//397 770//397
f 212//398 770//398 215//398
f 215//399 770//399 768//399
f 215//400 768//400 218//400
f 218//401 768//401 851//401
f 218//402 851//402 220//402
f 220//403 851//403 222//403
f 222//404 851//404 852//404
f 222//405 852//405 225//405
f 225//406 852//406 853//406
f 225//407 853//407 227//407
f 227//408 853//408 854//408
f 227//409 854//409 855//409
f 768//410 818//410 851//410
f 227//411 855//411 230//411
f 230//412 855//412 856//412
f 230//413 856//413 233//413
f 233//414 856//414 857//414
f 233//415 857//415 858//415
f 233//416 858//416 240//416
f 240//417 858//417 859//417
f 240//418 859//418 244//418
f 244//419 859//419 860//419
f 244//420 860//420 861//420
f 244//421 861//421 248//421
f 248//422 861//422 862//422
f 248//423 862//423 254//423
f 254//424 862//424 863//424
f 14//1 864//1 139//1
f 139//1 864//1 865//1
f 139//1 865//1 16//1
f 16//1 865//1 866//1
f 16//1 866//1 867//1
f 864//1 14//1 868//1
f 868//1 14//1 15//1
f 868//1 15//1 869//1
f 869//1 15//1 870//1
f 869//1 870//1 871//1
f 16//1 872//1 15//1
f 15//1 872//1 873//1
f 15//1 873//1 874//1
f 850//1 138//1 849//1
f 849//1 138//1 136//1
f 849//1 136//1 134//1
f 134//1 133//1 849//1
f 849//1 133//1 848//1
f 848//1 133//1 132//1
f 848//1 132//1 131//1
f 130//1 818//1 131//1
f 131//1 818//1 819//1
f 131//1 819//1 820//1
f 130//1 129//1 818//1
f 818//1 129//1 128//1
f 818//1 128//1 127//1
f 127//1 126//1 818//1
f 818//1 126//1 125//1
f 818//1 125//1 124//1
f 124//1 123//1 818//1
f 818//1 123//1 122//1
f 818//1 122//1 121//1
f 121//1 120//1 818//1
f 818//1 120//1 119//1
f 818//1 119//1 118//1
f 118//1 117//1 818//1
f 818//1 117//1 116//1
f 818//1 116//1 115//1
f 115//1 114//1 818//1
f 818//1 114//1 113//1
f 818//1 113//1 112//1
f 112//1 111//1 818//1
f 818//1 111//1 110//1
f 818//1 110//1 109//1
f 109//1 108//1 818//1
f 818//1 108//1 107//1
f 818//1 107//1 106//1
f 106//1 104//1 818//1
f 818//1 104//1 103//1
f 818//1 103//1 875//1
f 875//1 103//1 721//1
f 875//1 721//1 876//1
f 876//1 721//1 722//1
f 876//1 722//1 877//1
f 877//1 722//1 724//1
f 877//1 724//1 878//1
f 878//1 724//1 725//1
f 878//1 725//1 879//1
f 879//1 725//1 727//1
f 879//1 727//1 880//1
f 880//1 727//1 729//1
f 880//1 729//1 881//1
f 881//1 729//1 730//1
f 881//1 730//1 882//1
f 882//1 730//1 732//1
f 882//1 732//1 733//1
f 103//1 714//1 721//1
f 721//1 714//1 716//1
f 721//1 716//1 718//1
f 718//1 719//1 721//1
f 882//1 733//1 883//1
f 883//1 733//1 735//1
f 883//1 735//1 884//1
f 884//1 735//1 736//1
f 884//1 736//1 885//1
f 885//1 736//1 738//1
f 885//1 738//1 739//1
f 885//1 739//1 886//1
f 886//1 739//1 741//1
f 886//1 741//1 887//1
f 887//1 741//1 743//1
f 887//1 743//1 745//1
f 887//1 745//1 888//1
f 888//1 745//1 747//1
f 888//1 747//1 889//1
f 889//1 747//1 749//1
f 889//1 749//1 751//1
f 889//1 751//1 890//1
f 890//1 751//1 753//1
f 890//1 753//1 755//1
f 890//1 755//1 891//1
f 891//1 755//1 757//1
f 891//1 757//1 892//1
f 892//1 757//1 759//1
f 892//1 759//1 761//1
f 892//1 761//1 893//1
f 893//1 761//1 763//1
f 893//1 763//1 894//1
f 894//1 763//1 764//1
f 894//1 764//1 765//1
f 894//1 765//1 895//1
f 895//1 765//1 766//1
f 895//1 766//1 896//1
f 896//1 897//1 895//1
f 895//1 897//1 898//1
f 895//1 898//1 899//1
f 899//1 898//1 900//1
f 899//1 900//1 901//1
f 902//1 865//1 901//1
f 901//1 865//1 903//1
f 901//1 903//1 904//1
f 902//1 866//1 865//1
f 867//1 905//1 16//1
f 16//1 905//1 906//1
f 16//1 906//1 872//1
f 874//1 907//1 15//1
f 15//1 907//1 908//1
f 15//1 908//1 909//1
f 909//1 910//1 15//1
f 15//1 910//1 911//1
f 15//1 911//1 912//1
f 15//1 912//1 870//1
f 870//1 912//1 913//1
f 870//1 913//1 914//1
f 914//1 915//1 870//1
f 870//1 915//1 916//1
f 870//1 916//1 917//1
f 917//1 918//1 870//1
f 870//1 918//1 919//1
f 870//1 919//1 920//1
f 920//1 921//1 870//1
f 870//1 921//1 922//1
f 870//1 922//1 923//1
f 923//1 924//1 870//1
f 871//1 925//1 869//1
f 869//1 925//1 926//1
f 869//1 926//1 927//1
f 927//1 928//1 869//1
f 869//1 928//1 929//1
f 869//1 929//1 930//1
f 930//1 931//1 869//1
f 869//1 931//1 932//1
f 869//1 932//1 933//1
f 933//1 934//1 869//1
f 869//1 934//1 935//1
f 869//1 935//1 936//1
f 936//1 937//1 869//1
f 869//1 937//1 938//1
f 869//1 938//1 939//1
f 939//1 940//1 869//1
f 869//1 940//1 941//1
f 869//1 941//1 942//1
f 942//1 943//1 869//1
f 869//1 943//1 944//1
f 869//1 944//1 945//1
f 945//1 946//1 869//1
f 869//1 946//1 947//1
f 869//1 947//1 948//1
f 948//1 949//1 869//1
f 869//1 949//1 950//1
f 869//1 950//1 951//1
f 951//1 952//1 869//1
f 869//1 952//1 953//1
f 869//1 953//1 954//1
f 954//1 955//1 869//1
f 869//1 955//1 956//1
f 869//1 956//1 957//1
f 957//1 956//1 958//1
f 958//1 956//1 959//1
f 959//1 956//1 960//1
f 960//1 956//1 961//1
f 961//1 956//1 962//1
f 961//1 962//1 963//1
f 963//1 964//1 961//1
f 961//1 964//1 965//1
f 961//1 965//1 966//1
f 966//1 965//1 967//1
f 968//1 969//1 966//1
f 966//1 969//1 970//1
f 966//1 970//1 971//1
f 968//1 972//1 969//1
f 969//1 972//1 973//1
f 969//1 973//1 974//1
f 971//1 975//1 966//1
f 966//1 975//1 976//1
f 966//1 976//1 977//1
f 977//1 978//1 966//1
f 966//1 978//1 979//1
f 966//1 979//1 961//1
f 961//1 979//1 980//1
f 961//1 980//1 981//1
f 981//1 982//1 961//1
f 961//1 982//1 983//1
f 961//1 983//1 984//1
f 984//1 985//1 961//1
f 961//1 985//1 986//1
f 961//1 986//1 987//1
f 987//1 988//1 961//1
f 961//1 988//1 989//1
f 961//1 989//1 990//1
f 990//1 991//1 961//1
f 961//1 991//1 992//1
f 961//1 992//1 993//1
f 993//1 994//1 961//1
f 961//1 994//1 995//1
f 961//1 995//1 996//1
f 996//1 997//1 961//1
f 961//1 997//1 998//1
f 869//1 999//1 868//1
f 868//1 999//1 1000//1
f 868//1 1000//1 1001//1
f 1001//1 1002//1 868//1
f 868//1 1002//1 1003//1
f 868//1 1003//1 1004//1
f 1005//1 1006//1 1004//1
f 1004//1 1006//1 1007//1
f 1004//1 1007//1 868//1
f 1006//1 1005//1 1008//1
f 1008//1 1005//1 1009//1
f 1008//1 1009//1 1010//1
f 1010//1 1009//1 1011//1
f 1011//1 1009//1 1012//1
f 1011//1 1012//1 1013//1
f 1013//1 1012//1 1014//1
f 1014//1 1012//1 1015//1
f 1014//1 1015//1 1016//1
f 1016//1 1015//1 1017//1
f 1017//1 1015//1 1018//1
f 1018//1 1015//1 1019//1
f 1018//1 1019//1 1020//1
f 1020//1 1019//1 1021//1
f 1021//1 1019//1 1022//1
f 1021//1 1022//1 1023//1
f 1023//1 1022//1 1024//1
f 1024//1 1022//1 1025//1
f 1024//1 1025//1 1026//1
f 1026//1 1025//1 1027//1
f 1027//1 1025//1 1028//1
f 1027//1 1028//1 1029//1
f 1029//1 1028//1 1030//1
f 1029//1 1030//1 1031//1
f 1031//1 1030//1 1032//1
f 1032//1 1030//1 1033//1
f 1032//1 1033//1 1034//1
f 1034//1 1033//1 1035//1
f 1034//1 1035//1 1036//1
f 1036//1 1035//1 1037//1
f 1036//1 1037//1 1038//1
f 1038//1 1037//1 1039//1
f 1038//1 1039//1 1040//1
f 1040//1 1039//1 1041//1
f 1040//1 1041//1 1042//1
f 1042//1 1041//1 1043//1
f 1042//1 1043//1 1044//1
f 1044//1 1043//1 1045//1
f 1044//1 1045//1 1046//1
f 1044//1 1046//1 1047//1
f 1047//1 1046//1 1048//1
f 1047//1 1048//1 1049//1
f 1049//1 1048//1 1050//1
f 1049//1 1050//1 1051//1
f 1049//1 1051//1 1052//1
f 1052//1 1051//1 1053//1
f 1052//1 1053//1 1054//1
f 1054//1 1053//1 1055//1
f 1054//1 1055//1 1056//1
f 1054//1 1056//1 1057//1
f 1057//1 1056//1 1058//1
f 1057//1 1058//1 1059//1
f 1059//1 1058//1 1060//1
f 1059//1 1060//1 1061//1
f 1061//1 1062//1 1059//1
f 1063//1 1064//1 868//1
f 868//1 1064//1 1065//1
f 868//1 1065//1 1066//1
f 1063//1 1067//1 1064//1
f 1064//1 1067//1 1068//1
f 1064//1 1068//1 1069//1
f 1069//1 1070//1 1064//1
f 1064//1 1070//1 1071//1
f 1064//1 1071//1 1072//1
f 1072//1 1073//1 1064//1
f 1064//1 1073//1 1074//1
f 1074//1 1073//1 1075//1
f 1075//1 1073//1 1076//1
f 1076//1 1073//1 1077//1
f 1077//1 1073//1 1078//1
f 1077//1 1078//1 1079//1
f 1080//1 1081//1 1073//1
f 1073//1 1081//1 1082//1
f 1073//1 1082//1 1083//1
f 1083//1 1084//1 1073//1
f 1073//1 1084//1 1085//1
f 1073//1 1085//1 1086//1
f 1086//1 1087//1 1073//1
f 1073//1 1087//1 1088//1
f 1073//1 1088//1 1089//1
f 1089//1 1090//1 1073//1
f 1073//1 1090//1 1091//1
f 1073//1 1091//1 1092//1
f 1092//1 1093//1 1073//1
f 1073//1 1093//1 1094//1
f 1073//1 1094//1 1095//1
f 1095//1 1096//1 1073//1
f 1073//1 1096//1 1097//1
f 1073//1 1097//1 1098//1
f 1098//1 1099//1 1073//1
f 1073//1 1099//1 1100//1
f 1073//1 1100//1 1078//1
f 1078//1 1100//1 1101//1
f 1078//1 1101//1 1102//1
f 1102//1 1103//1 1078//1
f 1066//1 1104//1 868//1
f 868//1 1104//1 1105//1
f 868//1 1105//1 1106//1
f 1106//1 1107//1 868//1
f 868//1 1107//1 1108//1
f 868//1 1108//1 1109//1
f 1109//1 1110//1 868//1
f 868//1 1110//1 1111//1
f 868//1 1111//1 1112//1
f 1112//1 1113//1 868//1
f 868//1 1113//1 1114//1
f 868//1 1114//1 1115//1
f 1115//1 1116//1 868//1
f 868//1 1116//1 1117//1
f 868//1 1117//1 1118//1
f 1118//1 1119//1 868//1
f 868//1 1119//1 1120//1
f 868//1 1120//1 1121//1
f 1121//1 1122//1 868//1
f 868//1 1122//1 1123//1
f 868//1 1123//1 1124//1
f 1124//1 1125//1 868//1
f 868//1 1125//1 1126//1
f 868//1 1126//1 1127//1
f 1127//1 864//1 868//1
f 864//1 1128//1 865//1
f 865//1 1128//1 1129//1
f 865//1 1129//1 1130//1
f 1130//1 1131//1 865//1
f 865//1 1131//1 1132//1
f 865//1 1132//1 1133//1
f 1133//1 1134//1 865//1
f 865//1 1134//1 1135//1
f 865//1 1135//1 1136//1
f 1136//1 1137//1 865//1
f 865//1 1137//1 1138//1
f 1138//1 1137//1 1139//1
f 1138//1 1139//1 1140//1
f 1140//1 1141//1 1138//1
f 1138//1 1141//1 1142//1
f 1138//1 1142//1 1143//1
f 1143//1 1144//1 1138//1
f 1138//1 1144//1 1145//1
f 1138//1 1145//1 1146//1
f 1146//1 1145//1 1147//1
f 1146//1 1147//1 1148//1
f 1148//1 1147//1 1149//1
f 1148//1 1149//1 1150//1
f 1150//1 1149//1 1151//1
f 1150//1 1151//1 1152//1
f 1152//1 1151//1 1153//1
f 1152//1 1153//1 1154//1
f 1154//1 1153//1 1155//1
f 1154//1 1155//1 1156//1
f 1156//1 1155//1 1157//1
f 1156//1 1157//1 1158//1
f 904//1 899//1 901//1
f 876//1 1159//1 875//1
f 875//1 1159//1 1160//1
f 1160//1 1159//1 1161//1
f 1160//1 1161//1 1162//1
f 1162//1 1161//1 1163//1
f 1162//1 1163//1 1164//1
f 1164//1 1163//1 1165//1
f 1164//1 1165//1 1166//1
f 1166//1 1165//1 1167//1
f 1166//1 1167//1 1168//1
f 1168//1 1167//1 1169//1
f 818//1 875//1 1170//1
f 1170//1 875//1 1171//1
f 1170//1 1171//1 1172//1
f 1172//1 1173//1 1170//1
f 1170//1 1173//1 1174//1
f 1170//1 1174//1 1175//1
f 1175//1 1176//1 1170//1
f 1170//1 1176//1 1177//1
f 1170//1 1177//1 1178//1
f 1178//1 1179//1 1170//1
f 1170//1 1179//1 1180//1
f 1170//1 1180//1 1181//1
f 1181//1 1182//1 1170//1
f 1170//1 1182//1 1183//1
f 1170//1 1183//1 1184//1
f 1184//1 1185//1 1170//1
f 1170//1 1185//1 1186//1
f 1170//1 1186//1 1187//1
f 1187//1 1188//1 1170//1
f 1170//1 1188//1 1189//1
f 1189//1 1188//1 1190//1
f 1190//1 1188//1 1191//1
f 1191//1 1188//1 1192//1
f 1192//1 1188//1 1193//1
f 1193//1 1188//1 1194//1
f 1194//1 1188//1 1195//1
f 1195//1 1188//1 1196//1
f 1196//1 1188//1 1197//1
f 1197//1 1188//1 1198//1
f 1198//1 1188//1 1199//1
f 1199//1 1188//1 1200//1
f 1200//1 1188//1 1201//1
f 1201//1 1188//1 1202//1
f 1202//1 1188//1 1203//1
f 1203//1 1188//1 1204//1
f 1204//1 1188//1 1205//1
f 1205//1 1188//1 1206//1
f 1206//1 1188//1 1207//1
f 1207//1 1188//1 1208//1
f 1208//1 1188//1 1209//1
f 1209//1 1188//1 1210//1
f 1209//1 1210//1 1211//1
f 1211//1 1210//1 1212//1
f 1211//1 1212//1 1213//1
f 1213//1 1212//1 1214//1
f 1213//1 1214//1 1215//1
f 1215//1 1214//1 1216//1
f 1215//1 1216//1 1217//1
f 1217//1 1216//1 1218//1
f 1217//1 1218//1 1219//1
f 1219//1 1218//1 1220//1
f 1219//1 1220//1 1221//1
f 1221//1 1220//1 1222//1
f 1221//1 1222//1 1223//1
f 1223//1 1222//1 1224//1
f 1223//1 1224//1 1225//1
f 1225//1 1224//1 1226//1
f 1225//1 1226//1 1227//1
f 1225//1 1227//1 1228//1
f 1228//1 1227//1 1229//1
f 1228//1 1229//1 1230//1
f 1230//1 1229//1 1231//1
f 1230//1 1231//1 1232//1
f 1232//1 1233//1 1230//1
f 1230//1 1233//1 1234//1
f 1230//1 1234//1 1235//1
f 1233//1 1236//1 1234//1
f 1170//1 1237//1 818//1
f 818//1 1237//1 1238//1
f 818//1 1238//1 851//1
f 851//1 1238//1 1239//1
f 851//1 1239//1 852//1
f 852//1 1239//1 1240//1
f 852//1 1240//1 853//1
f 853//1 1240//1 1241//1
f 853//1 1241//1 1242//1
f 853//1 1242//1 854//1
f 854//1 1242//1 1243//1
f 854//1 1243//1 1244//1
f 854//1 1244//1 855//1
f 855//1 1244//1 1245//1
f 855//1 1245//1 856//1
f 856//1 1245//1 1246//1
f 856//1 1246//1 1247//1
f 1247//1 1248//1 856//1
f 856//1 1248//1 1249//1
f 856//1 1249//1 1250//1
f 1250//1 1251//1 856//1
f 856//1 1251//1 1252//1
f 856//1 1252//1 1253//1
f 1253//1 1254//1 856//1
f 856//1 1254//1 1255//1
f 856//1 1255//1 1256//1
f 1256//1 1257//1 856//1
f 856//1 1257//1 1258//1
f 856//1 1258//1 1259//1
f 1259//1 1260//1 856//1
f 856//1 1260//1 1261//1
f 856//1 1261//1 1262//1
f 1262//1 1263//1 856//1
f 856//1 1263//1 1264//1
f 856//1 1264//1 1265//1
f 1265//1 1266//1 856//1
f 856//1 1266//1 857//1
f 857//1 1266//1 1267//1
f 857//1 1267//1 1268//1
f 857//1 1268//1 858//1
f 858//1 1268//1 1269//1
f 858//1 1269//1 1270//1
f 1270//1 1271//1 858//1
f 858//1 1271//1 859//1
f 859//1 1271//1 1272//1
f 859//1 1272//1 1273//1
f 859//1 1273//1 860//1
f 860//1 1273//1 1274//1
f 860//1 1274//1 1275//1
f 860//1 1275//1 861//1
f 861//1 1275//1 1276//1
f 861//1 1276//1 1277//1
f 861//1 1277//1 862//1
f 862//1 1277//1 1278//1
f 862//1 1278//1 1279//1
f 1279//1 1280//1 862//1
f 862//1 1280//1 863//1
f 863//1 1280//1 1281//1
f 863//1 1281//1 1282//1
f 1282//1 1283//1 863//1
f 863//1 1283//1 1284//1
f 863//1 1284//1 1285//1
f 1285//1 1286//1 863//1
f 863//1 1286//1 1287//1
f 1287//1 1286//1 1288//1
f 820//1 821//1 131//1
f 131//1 821//1 822//1
f 131//1 822//1 823//1
f 823//1 824//1 131//1
f 131//1 824//1 825//1
f 131//1 825//1 826//1
f 826//1 827//1 131//1
f 131//1 827//1 828//1
f 131//1 828//1 829//1
f 829//1 830//1 131//1
f 131//1 830//1 831//1
f 131//1 831//1 832//1
f 832//1 833//1 131//1
f 131//1 833//1 834//1
f 131//1 834//1 835//1
f 835//1 836//1 131//1
f 131//1 836//1 837//1
f 131//1 837//1 838//1
f 838//1 839//1 131//1
f 131//1 839//1 840//1
f 131//1 840//1 841//1
f 841//1 842//1 131//1
f 131//1 842//1 843//1
f 131//1 843//1 844//1
f 844//1 845//1 131//1
f 131//1 845//1 846//1
f 131//1 846//1 847//1
f 847//1 848//1 131//1
f 1289//425 1290//425 1291//425
f 1291//426 1290//426 421//426
f 1291//427 421//427 1292//427
f 1292//428 421//428 418//428
f 1292//429 418//429 1293//429
f 1293//430 418//430 1294//430
f 1293//431 1294//431 1295//431
f 1295//432 1294//432 418//432
f 1295//433 418//433 415//433
f 1290//434 1289//434 1296//434
f 1296//435 1289//435 1297//435
f 1296//436 1297//436 1298//436
f 1298//437 1299//437 1296//437
f 1296//438 1299//438 1300//438
f 1296//439 1300//439 1301//439
f 1301//440 1300//440 1302//440
f 1301//441 1302//441 1303//441
f 1301//442 1303//442 1304//442
f 1304//443 1303//443 1305//443
f 1304//444 1305//444 1306//444
f 1306//445 1307//445 1304//445
f 1304//446 1307//446 1308//446
f 1304//447 1308//447 428//447
f 428//448 1308//448 431//448
f 431//449 1308//449 1309//449
f 431//450 1309//450 1310//450
f 1310//450 1309//450 1311//450
f 1310//451 1311//451 1312//451
f 1307//452 1313//452 1308//452
f 1308//453 1313//453 1314//453
f 1308//454 1314//454 1309//454
f 1309//455 1314//455 1315//455
f 1309//456 1315//456 1311//456
f 1310//457 1312//457 1316//457
f 1316//458 1312//458 1317//458
f 1316//459 1317//459 1318//459
f 1316//460 1318//460 1319//460
f 1319//461 1318//461 1320//461
f 1319//462 1320//462 1321//462
f 1321//463 1320//463 1322//463
f 1321//464 1322//464 1323//464
f 1321//465 1323//465 1324//465
f 1324//466 1323//466 1325//466
f 1324//467 1325//467 1326//467
f 1324//468 1326//468 1327//468
f 1327//469 1326//469 1328//469
f 1327//470 1328//470 1329//470
f 1329//471 1328//471 1330//471
f 1329//472 1330//472 1331//472
f 1331//473 1330//473 1332//473
f 1331//474 1332//474 1333//474
f 1333//475 1332//475 1334//475
f 1333//476 1334//476 445//476
f 445//477 1334//477 1335//477
f 445//478 1335//478 447//478
f 447//479 1335//479 1336//479
f 447//480 1336//480 1337//480
f 1337//481 1336//481 1338//481
f 1337//482 1338//482 1339//482
f 1332//483 1340//483 1334//483
f 1334//484 1340//484 1335//484
f 1340//485 1341//485 1335//485
f 1335//479 1341//479 1336//479
f 1341//481 1338//481 1336//481
f 1337//486 1339//486 450//486
f 450//486 1339//486 1342//486
f 450//487 1342//487 1343//487
f 450//488 1343//488 452//488
f 452//489 1343//489 1344//489
f 452//490 1344//490 1345//490
f 452//491 1345//491 454//491
f 454//492 1345//492 1346//492
f 454//493 1346//493 1347//493
f 1348//494 456//494 1347//494
f 1347//495 456//495 454//495
f 450//496 447//496 1337//496
f 445//497 443//497 1333//497
f 1333//498 443//498 1331//498
f 1331//472 443//472 1329//472
f 1329//499 443//499 441//499
f 1329//500 441//500 1327//500
f 1327//501 441//501 1324//501
f 441//502 439//502 1324//502
f 1324//502 439//502 1321//502
f 439//503 437//503 1321//503
f 1321//503 437//503 1319//503
f 437//460 435//460 1319//460
f 1319//460 435//460 1316//460
f 435//504 433//504 1316//504
f 1316//505 433//505 1310//505
f 433//506 431//506 1310//506
f 428//507 426//507 1304//507
f 1304//507 426//507 1301//507
f 426//508 424//508 1301//508
f 1301//439 424//439 1296//439
f 1296//509 424//509 1290//509
f 1290//510 424//510 423//510
f 1290//511 423//511 421//511
f 412//512 1349//512 415//512
f 415//513 1349//513 1350//513
f 415//514 1350//514 1295//514
f 1295//515 1350//515 1349//515
f 409//516 1351//516 412//516
f 412//517 1351//517 1352//517
f 412//518 1352//518 1353//518
f 406//519 1354//519 409//519
f 409//520 1354//520 1355//520
f 409//521 1355//521 1356//521
f 404//522 1357//522 406//522
f 406//523 1357//523 1358//523
f 406//524 1358//524 1354//524
f 403//525 1359//525 404//525
f 404//526 1359//526 1360//526
f 404//527 1360//527 1357//527
f 1356//528 1351//528 409//528
f 1353//529 1349//529 412//529
f 1293//429 1361//429 1292//429
f 1292//530 1361//530 1291//530
f 1298//531 875//531 1299//531
f 1299//531 875//531 1160//531
f 461//532 456//532 1362//532
f 1362//532 456//532 1363//532
f 1363//532 456//532 1348//532
f 359//533 1364//533 400//533
f 400//534 1364//534 1365//534
f 400//535 1365//535 401//535
f 401//536 1365//536 1366//536
f 401//537 1366//537 402//537
f 402//538 1366//538 1367//538
f 402//539 1367//539 403//539
f 403//540 1367//540 1368//540
f 403//541 1368//541 1359//541
f 1359//542 1368//542 1369//542
f 1359//543 1369//543 1360//543
f 1360//544 1369//544 1370//544
f 1360//545 1370//545 1371//545
f 1360//546 1371//546 1357//546
f 1357//547 1371//547 1372//547
f 1357//548 1372//548 1373//548
f 1357//549 1373//549 1358//549
f 1358//550 1373//550 1374//550
f 1358//551 1374//551 1375//551
f 1358//552 1375//552 1354//552
f 1354//553 1375//553 1376//553
f 1354//554 1376//554 1377//554
f 1354//555 1377//555 1355//555
f 1355//556 1377//556 1378//556
f 1355//557 1378//557 1356//557
f 1356//558 1378//558 1379//558
f 1356//559 1379//559 1351//559
f 1351//560 1379//560 1380//560
f 1351//561 1380//561 1352//561
f 1352//562 1380//562 1381//562
f 1352//563 1381//563 1353//563
f 1353//564 1381//564 1382//564
f 1353//565 1382//565 1349//565
f 1349//566 1382//566 1383//566
f 1349//567 1383//567 1295//567
f 1295//568 1383//568 1384//568
f 1295//569 1384//569 1385//569
f 1291//570 1361//570 1385//570
f 1385//571 1361//571 1293//571
f 1385//572 1293//572 1295//572
f 460//573 466//573 865//573
f 865//574 466//574 465//574
f 865//575 465//575 903//575
f 903//573 465//573 464//573
f 903//573 464//573 463//573
f 463//576 462//576 903//576
f 903//576 462//576 904//576
f 462//577 461//577 904//577
f 904//578 461//578 899//578
f 899//579 461//579 1362//579
f 899//580 1362//580 895//580
f 895//581 1362//581 1363//581
f 895//582 1363//582 894//582
f 894//583 1363//583 1348//583
f 894//584 1348//584 893//584
f 893//585 1348//585 1347//585
f 893//586 1347//586 892//586
f 892//587 1347//587 1346//587
f 892//588 1346//588 1345//588
f 892//589 1345//589 891//589
f 891//590 1345//590 1344//590
f 891//591 1344//591 890//591
f 890//592 1344//592 1343//592
f 890//593 1343//593 889//593
f 889//594 1343//594 1342//594
f 889//595 1342//595 888//595
f 888//596 1342//596 1339//596
f 888//597 1339//597 1338//597
f 888//598 1338//598 887//598
f 887//599 1338//599 1341//599
f 887//600 1341//600 886//600
f 886//601 1341//601 1340//601
f 886//602 1340//602 885//602
f 885//603 1340//603 1332//603
f 885//604 1332//604 884//604
f 884//605 1332//605 1330//605
f 884//606 1330//606 883//606
f 883//607 1330//607 1328//607
f 883//608 1328//608 882//608
f 882//609 1328//609 1326//609
f 882//610 1326//610 881//610
f 881//611 1326//611 1325//611
f 881//612 1325//612 880//612
f 880//613 1325//613 1323//613
f 880//614 1323//614 1322//614
f 880//615 1322//615 879//615
f 879//616 1322//616 1320//616
f 879//617 1320//617 878//617
f 878//618 1320//618 1318//618
f 878//619 1318//619 877//619
f 877//620 1318//620 1317//620
f 877//621 1317//621 876//621
f 876//622 1317//622 1312//622
f 876//623 1312//623 1159//623
f 1159//624 1312//624 1311//624
f 1159//625 1311//625 1161//625
f 1161//626 1311//626 1315//626
f 1161//627 1315//627 1163//627
f 1163//628 1315//628 1314//628
f 1163//629 1314//629 1165//629
f 1165//630 1314//630 1313//630
f 1165//631 1313//631 1167//631
f 1167//632 1313//632 1307//632
f 1167//633 1307//633 1169//633
f 1169//634 1307//634 1306//634
f 1169//635 1306//635 1168//635
f 1168//636 1306//636 1305//636
f 1168//637 1305//637 1166//637
f 1166//638 1305//638 1303//638
f 1166//639 1303//639 1164//639
f 1164//640 1303//640 1302//640
f 1164//641 1302//641 1162//641
f 1162//642 1302//642 1300//642
f 1162//643 1300//643 1160//643
f 1160//644 1300//644 1299//644
f 865//645 1138//645 460//645
f 460//646 1138//646 458//646
f 458//647 1138//647 1146//647
f 458//648 1146//648 459//648
f 459//649 1146//649 1148//649
f 459//650 1148//650 1386//650
f 1386//651 1148//651 1150//651
f 1386//652 1150//652 1387//652
f 1387//653 1150//653 1152//653
f 1387//654 1152//654 1388//654
f 1388//655 1152//655 1154//655
f 1388//656 1154//656 1389//656
f 1389//657 1154//657 1156//657
f 1389//658 1156//658 1390//658
f 1390//659 1156//659 1158//659
f 1390//660 1158//660 1391//660
f 1391//661 1158//661 1157//661
f 1391//662 1157//662 1392//662
f 1392//663 1157//663 1155//663
f 1392//664 1155//664 1393//664
f 1393//665 1155//665 1153//665
f 1393//666 1153//666 1394//666
f 1394//667 1153//667 1395//667
f 1395//668 1153//668 1151//668
f 1395//669 1151//669 1396//669
f 1396//670 1151//670 1149//670
f 1396//671 1149//671 1397//671
f 1397//672 1149//672 1147//672
f 1397//673 1147//673 1398//673
f 1398//674 1147//674 1145//674
f 1398//675 1145//675 1399//675
f 1399//676 1145//676 1144//676
f 1399//677 1144//677 1400//677
f 1400//678 1144//678 1143//678
f 1400//679 1143//679 1401//679
f 1401//680 1143//680 1142//680
f 1401//681 1142//681 1402//681
f 1402//682 1142//682 1141//682
f 1402//683 1141//683 1403//683
f 1403//684 1141//684 1140//684
f 1403//685 1140//685 1404//685
f 1404//686 1140//686 1405//686
f 1405//687 1140//687 1139//687
f 1405//688 1139//688 1406//688
f 1406//689 1139//689 1137//689
f 1406//690 1137//690 1407//690
f 1407//691 1137//691 1136//691
f 1407//692 1136//692 1408//692
f 1408//693 1136//693 1135//693
f 1408//694 1135//694 1134//694
f 1408//695 1134//695 1409//695
f 1409//696 1134//696 1133//696
f 1409//697 1133//697 1132//697
f 1409//698 1132//698 1410//698
f 1410//699 1132//699 1131//699
f 1410//700 1131//700 1411//700
f 1411//701 1131//701 1130//701
f 1411//702 1130//702 1129//702
f 1411//703 1129//703 1412//703
f 1412//704 1129//704 1128//704
f 1412//705 1128//705 1413//705
f 1413//706 1128//706 864//706
f 1414//707 1415//707 1413//707
f 1413//708 1415//708 1412//708
f 357//709 1416//709 358//709
f 358//710 1416//710 397//710
f 397//711 1416//711 398//711
f 1364//712 359//712 1416//712
f 1416//712 359//712 398//712
f 459//713 1386//713 457//713
f 457//713 1386//713 1387//713
f 1417//714 1418//714 1419//714
f 1419//715 1418//715 1420//715
f 1419//716 1420//716 1421//716
f 1421//717 1420//717 1422//717
f 1421//718 1422//718 425//718
f 425//719 1422//719 1423//719
f 425//720 1423//720 422//720
f 422//721 1423//721 1424//721
f 422//722 1424//722 1425//722
f 1420//723 1423//723 1422//723
f 422//724 1425//724 420//724
f 420//725 1425//725 1426//725
f 420//726 1426//726 419//726
f 419//727 1426//727 1427//727
f 419//728 1427//728 417//728
f 417//729 1427//729 1428//729
f 417//730 1428//730 416//730
f 416//731 1428//731 1429//731
f 416//732 1429//732 414//732
f 414//733 1429//733 1430//733
f 414//734 1430//734 413//734
f 413//735 1430//735 1431//735
f 413//736 1431//736 411//736
f 411//737 1431//737 410//737
f 410//738 1431//738 1432//738
f 410//739 1432//739 408//739
f 408//740 1432//740 1433//740
f 408//741 1433//741 407//741
f 407//742 1433//742 1434//742
f 407//743 1434//743 405//743
f 405//744 1434//744 399//744
f 425//745 427//745 1421//745
f 1421//716 427//716 1419//716
f 427//746 429//746 1419//746
f 1419//747 429//747 430//747
f 1419//748 430//748 1417//748
f 1417//749 430//749 1435//749
f 1417//750 1435//750 1436//750
f 1436//751 1435//751 1437//751
f 1437//752 1435//752 1438//752
f 1437//752 1438//752 1415//752
f 1415//753 1438//753 1439//753
f 1415//754 1439//754 1412//754
f 1412//755 1439//755 1411//755
f 1411//756 1439//756 1440//756
f 1411//757 1440//757 1410//757
f 1410//758 1440//758 1441//758
f 1410//759 1441//759 1409//759
f 1409//760 1441//760 1442//760
f 1409//761 1442//761 1408//761
f 1408//762 1442//762 1443//762
f 1408//763 1443//763 1407//763
f 1407//764 1443//764 442//764
f 1407//765 442//765 1444//765
f 1444//766 442//766 444//766
f 1444//767 444//767 1404//767
f 1404//768 444//768 1403//768
f 1403//769 444//769 446//769
f 1403//770 446//770 1402//770
f 1402//771 446//771 1401//771
f 1401//772 446//772 448//772
f 1401//773 448//773 1400//773
f 1400//774 448//774 1399//774
f 1399//775 448//775 1398//775
f 1398//776 448//776 449//776
f 1398//777 449//777 1397//777
f 1397//778 449//778 1396//778
f 1396//779 449//779 451//779
f 1396//780 451//780 1395//780
f 1395//781 451//781 1394//781
f 1394//782 451//782 1393//782
f 1393//783 451//783 453//783
f 1393//784 453//784 1392//784
f 1392//785 453//785 1391//785
f 1391//786 453//786 1390//786
f 1390//787 453//787 455//787
f 1390//788 455//788 1389//788
f 1389//789 455//789 1388//789
f 1388//790 455//790 457//790
f 1388//791 457//791 1387//791
f 430//792 432//792 1435//792
f 1435//793 432//793 1438//793
f 432//794 434//794 1438//794
f 1438//753 434//753 1439//753
f 434//795 436//795 1439//795
f 1439//756 436//756 1440//756
f 1440//796 436//796 1441//796
f 1441//797 436//797 438//797
f 1441//798 438//798 1442//798
f 1442//799 438//799 440//799
f 1442//799 440//799 1443//799
f 1443//800 440//800 442//800
f 1404//801 1405//801 1444//801
f 1444//802 1405//802 1406//802
f 1444//803 1406//803 1407//803
f 1414//804 1445//804 1415//804
f 1415//805 1445//805 1437//805
f 1437//806 1445//806 1446//806
f 1437//807 1446//807 1436//807
f 1436//808 1446//808 1447//808
f 1436//809 1447//809 1417//809
f 1417//810 1447//810 1418//810
f 399//811 1434//811 467//811
f 467//812 1434//812 472//812
f 472//813 1434//813 1433//813
f 472//814 1433//814 476//814
f 476//815 1433//815 1432//815
f 476//816 1432//816 478//816
f 478//817 1432//817 1431//817
f 478//818 1431//818 480//818
f 480//819 1431//819 1430//819
f 480//820 1430//820 482//820
f 482//821 1430//821 1429//821
f 482//822 1429//822 1428//822
f 482//823 1428//823 484//823
f 484//824 1428//824 1427//824
f 484//825 1427//825 1426//825
f 484//826 1426//826 487//826
f 487//827 1426//827 1425//827
f 487//828 1425//828 489//828
f 489//829 1425//829 1424//829
f 489//830 1424//830 491//830
f 491//831 1424//831 1423//831
f 491//832 1423//832 1448//832
f 1448//833 1423//833 1420//833
f 1448//834 1420//834 1449//834
f 1449//835 1420//835 1450//835
f 1449//835 1450//835 497//835
f 497//836 1450//836 500//836
f 500//837 1450//837 1451//837
f 500//838 1451//838 502//838
f 502//839 1451//839 1452//839
f 502//840 1452//840 1453//840
f 1453//841 1452//841 1454//841
f 1453//842 1454//842 1455//842
f 1420//843 1418//843 1450//843
f 1450//837 1418//837 1451//837
f 1418//837 1447//837 1451//837
f 1451//844 1447//844 1446//844
f 1451//845 1446//845 1445//845
f 1445//846 1414//846 1451//846
f 1451//839 1414//839 1452//839
f 1413//847 1456//847 1414//847
f 1414//848 1456//848 1452//848
f 1456//849 1457//849 1452//849
f 1452//850 1457//850 1454//850
f 1455//851 1458//851 1453//851
f 1453//852 1458//852 1459//852
f 1453//852 1459//852 504//852
f 504//853 1459//853 1460//853
f 504//853 1460//853 506//853
f 506//854 1460//854 1461//854
f 506//855 1461//855 1462//855
f 1462//856 1461//856 1463//856
f 1462//857 1463//857 1464//857
f 1458//858 1465//858 1459//858
f 1459//853 1465//853 1460//853
f 1465//859 1466//859 1460//859
f 1460//860 1466//860 1467//860
f 1460//861 1467//861 1461//861
f 1461//862 1467//862 1468//862
f 1461//863 1468//863 1463//863
f 1464//864 1469//864 1462//864
f 1462//865 1469//865 1470//865
f 1462//865 1470//865 508//865
f 508//866 1470//866 1471//866
f 508//867 1471//867 510//867
f 510//868 1471//868 1472//868
f 510//869 1472//869 1473//869
f 1473//869 1472//869 1474//869
f 1474//868 1472//868 1471//868
f 1474//868 1471//868 1475//868
f 1475//870 1471//870 1476//870
f 1476//871 1471//871 1470//871
f 1476//871 1470//871 1477//871
f 1477//872 1470//872 1469//872
f 510//873 1473//873 1478//873
f 1478//873 1473//873 1479//873
f 1478//874 1479//874 1480//874
f 1480//875 1481//875 1478//875
f 1478//875 1481//875 510//875
f 510//874 1481//874 512//874
f 512//876 1481//876 1482//876
f 512//877 1482//877 1483//877
f 1483//878 1484//878 512//878
f 512//877 1484//877 514//877
f 514//879 1484//879 1485//879
f 514//880 1485//880 1486//880
f 514//881 1486//881 516//881
f 516//882 1486//882 1487//882
f 516//883 1487//883 1488//883
f 1488//884 1489//884 516//884
f 516//884 1489//884 517//884
f 517//885 1489//885 1490//885
f 517//885 1490//885 1491//885
f 1491//886 1492//886 517//886
f 517//886 1492//886 518//886
f 508//887 506//887 1462//887
f 504//841 502//841 1453//841
f 497//888 495//888 1449//888
f 1449//889 495//889 1448//889
f 495//834 493//834 1448//834
f 1448//890 493//890 491//890
f 1413//891 864//891 1456//891
f 1456//892 864//892 1127//892
f 1456//893 1127//893 1457//893
f 1457//894 1127//894 1126//894
f 1457//895 1126//895 1454//895
f 1454//896 1126//896 1125//896
f 1454//897 1125//897 1455//897
f 1455//898 1125//898 1124//898
f 1455//899 1124//899 1458//899
f 1458//900 1124//900 1465//900
f 1465//901 1124//901 1123//901
f 1465//902 1123//902 1466//902
f 1466//903 1123//903 1122//903
f 1466//904 1122//904 1467//904
f 1467//905 1122//905 1121//905
f 1467//906 1121//906 1468//906
f 1468//907 1121//907 1120//907
f 1468//908 1120//908 1463//908
f 1463//909 1120//909 1119//909
f 1463//910 1119//910 1464//910
f 1464//911 1119//911 1118//911
f 1464//912 1118//912 1469//912
f 1469//913 1118//913 1117//913
f 1469//914 1117//914 1477//914
f 1477//915 1117//915 1116//915
f 1477//916 1116//916 1476//916
f 1476//917 1116//917 1115//917
f 1476//918 1115//918 1475//918
f 1475//919 1115//919 1114//919
f 1475//920 1114//920 1474//920
f 1474//921 1114//921 1113//921
f 1474//922 1113//922 1473//922
f 1473//923 1113//923 1112//923
f 1473//924 1112//924 1479//924
f 1479//925 1112//925 1111//925
f 1479//926 1111//926 1480//926
f 1480//927 1111//927 1110//927
f 1480//928 1110//928 1481//928
f 1481//929 1110//929 1109//929
f 1481//930 1109//930 1482//930
f 1482//931 1109//931 1108//931
f 1482//932 1108//932 1483//932
f 1483//933 1108//933 1107//933
f 1483//934 1107//934 1484//934
f 1484//935 1107//935 1106//935
f 1484//936 1106//936 1485//936
f 1485//937 1106//937 1105//937
f 1485//938 1105//938 1486//938
f 1486//939 1105//939 1104//939
f 1486//940 1104//940 1487//940
f 1487//941 1104//941 1066//941
f 1487//942 1066//942 1488//942
f 1488//943 1066//943 1065//943
f 1488//944 1065//944 1489//944
f 1489//945 1065//945 1064//945
f 1489//946 1064//946 1490//946
f 1490//947 1064//947 1074//947
f 1490//948 1074//948 1491//948
f 1491//949 1074//949 1075//949
f 1491//950 1075//950 1492//950
f 1492//951 1075//951 1076//951
f 1492//952 1076//952 518//952
f 518//953 1076//953 1077//953
f 518//954 1077//954 519//954
f 519//955 1077//955 1079//955
f 519//956 1079//956 521//956
f 1078//957 522//957 1079//957
f 1079//958 522//958 521//958
f 869//959 1493//959 999//959
f 999//960 1493//960 1494//960
f 999//961 1494//961 1000//961
f 1000//962 1494//962 1495//962
f 1000//963 1495//963 1001//963
f 1001//964 1495//964 1002//964
f 1002//965 1495//965 1496//965
f 1002//966 1496//966 1003//966
f 1003//967 1496//967 1004//967
f 1004//968 1496//968 1497//968
f 1004//969 1497//969 1005//969
f 1005//970 1497//970 1498//970
f 1005//971 1498//971 1009//971
f 1009//972 1498//972 1499//972
f 1009//973 1499//973 1012//973
f 1012//974 1499//974 1500//974
f 1012//975 1500//975 1015//975
f 1015//976 1500//976 1501//976
f 1015//977 1501//977 1019//977
f 1019//978 1501//978 1502//978
f 1019//979 1502//979 1022//979
f 1022//980 1502//980 1503//980
f 1022//981 1503//981 1025//981
f 1025//982 1503//982 1504//982
f 1025//983 1504//983 1028//983
f 1028//984 1504//984 1505//984
f 1028//985 1505//985 1030//985
f 1030//986 1505//986 1506//986
f 1030//987 1506//987 1033//987
f 1033//988 1506//988 1507//988
f 1033//989 1507//989 1035//989
f 1035//990 1507//990 1508//990
f 1035//991 1508//991 1037//991
f 1037//992 1508//992 1509//992
f 1037//993 1509//993 1039//993
f 1039//994 1509//994 1510//994
f 1039//995 1510//995 1041//995
f 1041//996 1510//996 1511//996
f 1041//997 1511//997 1043//997
f 1043//998 1511//998 1512//998
f 1043//999 1512//999 1045//999
f 1045//1000 1512//1000 1513//1000
f 1045//1001 1513//1001 1046//1001
f 1046//1002 1513//1002 1514//1002
f 1046//1003 1514//1003 1048//1003
f 1048//1004 1514//1004 1515//1004
f 1048//1005 1515//1005 1050//1005
f 1050//1006 1515//1006 1516//1006
f 1050//1007 1516//1007 1051//1007
f 1051//1008 1516//1008 1517//1008
f 1051//1009 1517//1009 1053//1009
f 1053//1010 1517//1010 1518//1010
f 1053//1011 1518//1011 1055//1011
f 1055//1012 1518//1012 1519//1012
f 1055//1013 1519//1013 1520//1013
f 1055//1014 1520//1014 1056//1014
f 1056//1015 1520//1015 1521//1015
f 1056//1016 1521//1016 1522//1016
f 1056//1017 1522//1017 1058//1017
f 1058//1018 1522//1018 1523//1018
f 1058//1019 1523//1019 614//1019
f 1058//1020 614//1020 1060//1020
f 1060//1021 614//1021 606//1021
f 1060//1022 606//1022 1061//1022
f 1061//1023 606//1023 608//1023
f 1524//1024 1525//1024 1526//1024
f 1526//1025 1525//1025 558//1025
f 1526//1026 558//1026 1527//1026
f 1527//1027 558//1027 560//1027
f 1527//1027 560//1027 1528//1027
f 1528//1028 560//1028 1529//1028
f 1528//1028 1529//1028 1530//1028
f 1530//1028 1529//1028 1531//1028
f 1531//1028 1529//1028 1532//1028
f 1532//1029 1529//1029 1533//1029
f 1532//1029 1533//1029 1493//1029
f 1493//1030 1533//1030 1534//1030
f 1493//1030 1534//1030 1494//1030
f 1494//1031 1534//1031 1495//1031
f 1495//1031 1534//1031 1535//1031
f 1495//1032 1535//1032 1536//1032
f 1536//1032 1535//1032 565//1032
f 1536//1032 565//1032 567//1032
f 1537//1033 1538//1033 1524//1033
f 1524//1034 1538//1034 556//1034
f 1524//1035 556//1035 1525//1035
f 1525//1025 556//1025 558//1025
f 1539//1036 552//1036 1537//1036
f 1537//1037 552//1037 554//1037
f 1537//1038 554//1038 1538//1038
f 1538//1034 554//1034 556//1034
f 552//1039 1539//1039 550//1039
f 550//1039 1539//1039 1540//1039
f 550//1040 1540//1040 1541//1040
f 550//1041 1541//1041 548//1041
f 548//1042 1541//1042 1542//1042
f 548//1043 1542//1043 546//1043
f 546//1044 1542//1044 1543//1044
f 546//1045 1543//1045 544//1045
f 544//1046 1543//1046 1544//1046
f 544//1047 1544//1047 543//1047
f 543//1048 1544//1048 1545//1048
f 543//1049 1545//1049 541//1049
f 541//1050 1545//1050 539//1050
f 539//1051 1545//1051 1546//1051
f 539//1052 1546//1052 538//1052
f 538//1053 1546//1053 536//1053
f 536//1054 1546//1054 1547//1054
f 536//1055 1547//1055 535//1055
f 535//1056 1547//1056 533//1056
f 533//1057 1547//1057 1548//1057
f 533//1058 1548//1058 531//1058
f 531//1059 1548//1059 529//1059
f 529//1060 1548//1060 525//1060
f 560//1028 561//1028 1529//1028
f 1529//1029 561//1029 1533//1029
f 561//1030 563//1030 1533//1030
f 1533//1030 563//1030 1534//1030
f 563//1061 564//1061 1534//1061
f 1534//1031 564//1031 1535//1031
f 564//1032 565//1032 1535//1032
f 1536//1032 567//1032 1549//1032
f 1549//1062 567//1062 568//1062
f 1549//1062 568//1062 1550//1062
f 1550//1063 568//1063 569//1063
f 1550//1063 569//1063 1551//1063
f 1551//1063 569//1063 570//1063
f 1551//1063 570//1063 1552//1063
f 1552//1064 570//1064 571//1064
f 1552//1064 571//1064 1553//1064
f 1553//1064 571//1064 1554//1064
f 1553//1064 1554//1064 1501//1064
f 1501//1065 1554//1065 1502//1065
f 1502//1066 1554//1066 1555//1066
f 1502//1066 1555//1066 1503//1066
f 1503//1066 1555//1066 1556//1066
f 1503//1066 1556//1066 1504//1066
f 1504//1066 1556//1066 1557//1066
f 1504//1066 1557//1066 1505//1066
f 1505//1067 1557//1067 1506//1067
f 1506//1067 1557//1067 1558//1067
f 1506//1067 1558//1067 1507//1067
f 1507//1067 1558//1067 580//1067
f 1507//1067 580//1067 582//1067
f 571//1064 573//1064 1554//1064
f 1554//1068 573//1068 1555//1068
f 573//1068 574//1068 1555//1068
f 1555//1068 574//1068 1556//1068
f 574//1068 576//1068 1556//1068
f 1556//1066 576//1066 1557//1066
f 576//1066 578//1066 1557//1066
f 1557//1067 578//1067 1558//1067
f 578//1067 580//1067 1558//1067
f 1507//1067 582//1067 1508//1067
f 1508//1067 582//1067 584//1067
f 1508//1067 584//1067 1509//1067
f 1509//1067 584//1067 586//1067
f 1509//1069 586//1069 1510//1069
f 1510//1067 586//1067 588//1067
f 1510//1069 588//1069 1511//1069
f 1511//1067 588//1067 589//1067
f 1511//1067 589//1067 1512//1067
f 1512//1067 589//1067 591//1067
f 1512//1067 591//1067 1513//1067
f 1513//1067 591//1067 593//1067
f 1513//1067 593//1067 1514//1067
f 1514//1066 593//1066 596//1066
f 1514//1066 596//1066 1515//1066
f 1515//1065 596//1065 599//1065
f 1515//1065 599//1065 1516//1065
f 1516//1064 599//1064 601//1064
f 1516//1063 601//1063 1517//1063
f 1517//1062 601//1062 602//1062
f 1517//1062 602//1062 1518//1062
f 1518//1032 602//1032 604//1032
f 1518//1032 604//1032 1519//1032
f 1519//1061 604//1061 1520//1061
f 1520//1031 604//1031 616//1031
f 1520//1031 616//1031 1521//1031
f 1521//1029 616//1029 1522//1029
f 1522//1028 616//1028 615//1028
f 1522//1070 615//1070 1523//1070
f 1523//1026 615//1026 614//1026
f 1501//1064 1500//1064 1553//1064
f 1553//1064 1500//1064 1552//1064
f 1500//1063 1499//1063 1552//1063
f 1552//1063 1499//1063 1551//1063
f 1499//1063 1498//1063 1551//1063
f 1551//1063 1498//1063 1550//1063
f 1498//1062 1497//1062 1550//1062
f 1550//1062 1497//1062 1549//1062
f 1497//1062 1496//1062 1549//1062
f 1549//1032 1496//1032 1536//1032
f 1496//1032 1495//1032 1536//1032
f 1530//1028 1559//1028 1528//1028
f 1528//1070 1559//1070 1560//1070
f 1528//1027 1560//1027 1561//1027
f 1528//1027 1561//1027 1527//1027
f 1527//1027 1561//1027 1562//1027
f 1527//1026 1562//1026 1526//1026
f 525//1071 1548//1071 618//1071
f 618//1072 1548//1072 620//1072
f 620//1073 1548//1073 1547//1073
f 620//1074 1547//1074 622//1074
f 622//1075 1547//1075 1546//1075
f 622//1076 1546//1076 624//1076
f 624//1077 1546//1077 1545//1077
f 624//1078 1545//1078 626//1078
f 626//1079 1545//1079 1544//1079
f 626//1080 1544//1080 628//1080
f 628//1081 1544//1081 1543//1081
f 628//1082 1543//1082 630//1082
f 630//1083 1543//1083 1542//1083
f 630//1084 1542//1084 632//1084
f 632//1085 1542//1085 1541//1085
f 632//1086 1541//1086 634//1086
f 634//1087 1541//1087 1540//1087
f 634//1088 1540//1088 636//1088
f 636//1089 1540//1089 1539//1089
f 636//1090 1539//1090 638//1090
f 638//1091 1539//1091 1537//1091
f 638//1091 1537//1091 640//1091
f 640//1092 1537//1092 1563//1092
f 640//1092 1563//1092 641//1092
f 641//1093 1563//1093 643//1093
f 643//1094 1563//1094 1564//1094
f 643//1095 1564//1095 645//1095
f 645//1096 1564//1096 1565//1096
f 645//1096 1565//1096 647//1096
f 647//1097 1565//1097 1566//1097
f 647//1098 1566//1098 649//1098
f 649//1099 1566//1099 1567//1099
f 649//1100 1567//1100 1568//1100
f 1568//1100 1567//1100 1569//1100
f 1568//1101 1569//1101 1570//1101
f 1537//1102 1524//1102 1563//1102
f 1563//1094 1524//1094 1564//1094
f 1524//1103 1526//1103 1564//1103
f 1564//1104 1526//1104 1565//1104
f 1526//1097 1571//1097 1565//1097
f 1565//1097 1571//1097 1566//1097
f 1571//1105 1572//1105 1566//1105
f 1566//1106 1572//1106 1573//1106
f 1566//1099 1573//1099 1567//1099
f 1567//1107 1573//1107 1574//1107
f 1567//1108 1574//1108 1575//1108
f 1575//1100 1569//1100 1567//1100
f 1570//1109 1576//1109 1568//1109
f 1568//1110 1576//1110 1577//1110
f 1568//1110 1577//1110 651//1110
f 651//1111 1577//1111 653//1111
f 653//1112 1577//1112 1578//1112
f 653//1113 1578//1113 1579//1113
f 1579//1114 1578//1114 1580//1114
f 1579//1115 1580//1115 1581//1115
f 1576//1116 1582//1116 1577//1116
f 1577//1117 1582//1117 1583//1117
f 1577//1118 1583//1118 1584//1118
f 1577//1112 1584//1112 1578//1112
f 1578//1119 1584//1119 1585//1119
f 1578//1114 1585//1114 1580//1114
f 1581//1120 1586//1120 1579//1120
f 1579//1121 1586//1121 1587//1121
f 1579//1121 1587//1121 1588//1121
f 1588//1122 1587//1122 1589//1122
f 1588//1123 1589//1123 1590//1123
f 1588//1123 1590//1123 655//1123
f 655//1124 1590//1124 1591//1124
f 655//1125 1591//1125 1592//1125
f 1592//1126 1591//1126 1593//1126
f 1592//1127 1593//1127 1594//1127
f 1592//1127 1594//1127 657//1127
f 657//1128 1594//1128 1595//1128
f 657//1129 1595//1129 1596//1129
f 1596//1130 1597//1130 657//1130
f 657//1131 1597//1131 1598//1131
f 657//1132 1598//1132 1599//1132
f 657//1131 1599//1131 659//1131
f 659//1133 1599//1133 1600//1133
f 659//1134 1600//1134 1601//1134
f 1601//1135 1602//1135 659//1135
f 659//1136 1602//1136 661//1136
f 661//1137 1602//1137 1603//1137
f 661//1138 1603//1138 1604//1138
f 661//1138 1604//1138 663//1138
f 663//1139 1604//1139 1605//1139
f 663//1140 1605//1140 667//1140
f 657//1141 655//1141 1592//1141
f 1588//1121 655//1121 1579//1121
f 1579//1142 655//1142 653//1142
f 651//1143 649//1143 1568//1143
f 1606//1144 1607//1144 1608//1144
f 1608//1145 1607//1145 1609//1145
f 1609//1146 1607//1146 1610//1146
f 1609//1147 1610//1147 1611//1147
f 1611//1148 1610//1148 1612//1148
f 1611//1149 1612//1149 471//1149
f 471//1150 1612//1150 470//1150
f 470//1151 1612//1151 360//1151
f 1613//1152 1614//1152 1615//1152
f 1615//1153 1614//1153 1616//1153
f 1615//1154 1616//1154 1617//1154
f 1617//1155 1616//1155 1618//1155
f 1617//1156 1618//1156 1619//1156
f 1619//1157 1618//1157 1620//1157
f 1620//1157 1618//1157 1621//1157
f 1620//1158 1621//1158 1622//1158
f 1622//1159 1621//1159 1623//1159
f 1622//1159 1623//1159 1624//1159
f 1624//1160 1623//1160 1625//1160
f 1625//1161 1623//1161 1626//1161
f 1626//1161 1623//1161 1627//1161
f 1626//1162 1627//1162 1628//1162
f 1628//1163 1627//1163 1629//1163
f 1629//1163 1627//1163 1630//1163
f 1629//1164 1630//1164 1631//1164
f 1631//1165 1630//1165 1632//1165
f 1632//1166 1630//1166 1633//1166
f 1632//1167 1633//1167 1634//1167
f 1634//1168 1633//1168 1635//1168
f 1635//1169 1633//1169 1636//1169
f 1635//1170 1636//1170 1637//1170
f 1637//1171 1636//1171 1638//1171
f 1638//1171 1636//1171 1639//1171
f 1638//1172 1639//1172 1640//1172
f 1640//1173 1639//1173 1641//1173
f 1641//1173 1639//1173 1642//1173
f 1641//1174 1642//1174 1643//1174
f 1643//1175 1642//1175 1644//1175
f 1644//1175 1642//1175 1645//1175
f 1644//1175 1645//1175 1646//1175
f 1646//1176 1645//1176 1647//1176
f 1647//1177 1645//1177 1648//1177
f 1647//1177 1648//1177 1649//1177
f 1649//1178 1648//1178 1650//1178
f 1650//1179 1648//1179 1651//1179
f 1651//1179 1648//1179 1652//1179
f 1651//1180 1652//1180 1653//1180
f 1653//1180 1652//1180 1654//1180
f 1654//1180 1652//1180 515//1180
f 1654//1181 515//1181 1655//1181
f 1655//1182 515//1182 1656//1182
f 1656//1183 515//1183 1657//1183
f 1657//1184 515//1184 1658//1184
f 1658//1185 515//1185 1659//1185
f 1659//1186 515//1186 520//1186
f 1659//1186 520//1186 1660//1186
f 1660//1187 520//1187 1661//1187
f 1661//1187 520//1187 1662//1187
f 1662//1188 520//1188 1663//1188
f 1663//1188 520//1188 524//1188
f 1664//1189 1665//1189 1613//1189
f 1613//1190 1665//1190 496//1190
f 1613//1191 496//1191 1614//1191
f 1614//1192 496//1192 498//1192
f 1614//1193 498//1193 499//1193
f 1665//1194 1664//1194 1666//1194
f 1666//1195 1664//1195 1667//1195
f 1666//1196 1667//1196 490//1196
f 490//1197 1667//1197 488//1197
f 488//1198 1667//1198 486//1198
f 486//1199 1667//1199 1668//1199
f 486//1200 1668//1200 485//1200
f 485//1201 1668//1201 1669//1201
f 485//1202 1669//1202 483//1202
f 483//1203 1669//1203 1670//1203
f 483//1204 1670//1204 481//1204
f 481//1205 1670//1205 1671//1205
f 481//1206 1671//1206 1672//1206
f 481//1206 1672//1206 479//1206
f 479//1207 1672//1207 1673//1207
f 479//1208 1673//1208 477//1208
f 477//1209 1673//1209 1674//1209
f 477//1210 1674//1210 475//1210
f 475//1211 1674//1211 1675//1211
f 475//1212 1675//1212 473//1212
f 473//1213 1675//1213 1606//1213
f 473//1214 1606//1214 474//1214
f 474//1215 1606//1215 1608//1215
f 474//1216 1608//1216 468//1216
f 468//1217 1608//1217 1609//1217
f 468//1218 1609//1218 469//1218
f 469//1219 1609//1219 1611//1219
f 469//1220 1611//1220 471//1220
f 490//1221 492//1221 1666//1221
f 1666//1222 492//1222 494//1222
f 1666//1194 494//1194 1665//1194
f 1665//1223 494//1223 496//1223
f 499//1224 501//1224 1614//1224
f 1614//1225 501//1225 1616//1225
f 1616//1226 501//1226 1618//1226
f 1618//1227 501//1227 503//1227
f 1618//1228 503//1228 1621//1228
f 1621//1229 503//1229 505//1229
f 1621//1159 505//1159 1623//1159
f 1623//1230 505//1230 507//1230
f 1623//1161 507//1161 1627//1161
f 1627//1231 507//1231 1630//1231
f 507//1166 509//1166 1630//1166
f 1630//1166 509//1166 1633//1166
f 1633//1169 509//1169 1636//1169
f 1636//1232 509//1232 511//1232
f 1636//1233 511//1233 1639//1233
f 1639//1173 511//1173 1642//1173
f 1642//1175 511//1175 1645//1175
f 1645//1176 511//1176 513//1176
f 1645//1177 513//1177 1648//1177
f 1648//1179 513//1179 1652//1179
f 513//1234 515//1234 1652//1234
f 868//1235 1625//1235 1063//1235
f 1063//1236 1625//1236 1626//1236
f 1063//1237 1626//1237 1067//1237
f 1067//1238 1626//1238 1628//1238
f 1067//1239 1628//1239 1068//1239
f 1068//1240 1628//1240 1629//1240
f 1068//1241 1629//1241 1069//1241
f 1069//1242 1629//1242 1631//1242
f 1069//1243 1631//1243 1070//1243
f 1070//1244 1631//1244 1632//1244
f 1070//1245 1632//1245 1071//1245
f 1071//1246 1632//1246 1634//1246
f 1071//1247 1634//1247 1072//1247
f 1072//1248 1634//1248 1635//1248
f 1072//1249 1635//1249 1073//1249
f 1073//1250 1635//1250 1637//1250
f 1073//1251 1637//1251 1080//1251
f 1080//1252 1637//1252 1638//1252
f 1080//1253 1638//1253 1081//1253
f 1081//1254 1638//1254 1640//1254
f 1081//1255 1640//1255 1082//1255
f 1082//1256 1640//1256 1641//1256
f 1082//1257 1641//1257 1083//1257
f 1083//1258 1641//1258 1643//1258
f 1083//1259 1643//1259 1084//1259
f 1084//1260 1643//1260 1644//1260
f 1084//1261 1644//1261 1085//1261
f 1085//1262 1644//1262 1646//1262
f 1085//1263 1646//1263 1086//1263
f 1086//1264 1646//1264 1647//1264
f 1086//1265 1647//1265 1087//1265
f 1087//1266 1647//1266 1649//1266
f 1087//1267 1649//1267 1088//1267
f 1088//1268 1649//1268 1650//1268
f 1088//1269 1650//1269 1089//1269
f 1089//1270 1650//1270 1651//1270
f 1089//1271 1651//1271 1090//1271
f 1090//1272 1651//1272 1653//1272
f 1090//1273 1653//1273 1091//1273
f 1091//1274 1653//1274 1654//1274
f 1091//1275 1654//1275 1092//1275
f 1092//1276 1654//1276 1655//1276
f 1092//1277 1655//1277 1093//1277
f 1093//1278 1655//1278 1656//1278
f 1093//1279 1656//1279 1094//1279
f 1094//1280 1656//1280 1657//1280
f 1094//1281 1657//1281 1095//1281
f 1095//1282 1657//1282 1658//1282
f 1095//1283 1658//1283 1096//1283
f 1096//1284 1658//1284 1659//1284
f 1096//1285 1659//1285 1097//1285
f 1097//1286 1659//1286 1660//1286
f 1097//1287 1660//1287 1661//1287
f 1097//1288 1661//1288 1098//1288
f 1098//1289 1661//1289 1662//1289
f 1098//1290 1662//1290 1099//1290
f 1099//1291 1662//1291 1663//1291
f 1099//1292 1663//1292 1100//1292
f 1100//1293 1663//1293 1101//1293
f 1101//1294 1663//1294 524//1294
f 1101//1295 524//1295 1102//1295
f 1102//1296 524//1296 523//1296
f 1102//1297 523//1297 1103//1297
f 522//1298 1078//1298 523//1298
f 523//1298 1078//1298 1103//1298
f 360//1299 1612//1299 526//1299
f 526//1300 1612//1300 1610//1300
f 526//1301 1610//1301 527//1301
f 527//1302 1610//1302 1607//1302
f 527//1303 1607//1303 528//1303
f 528//1304 1607//1304 1606//1304
f 528//1305 1606//1305 530//1305
f 530//1306 1606//1306 1675//1306
f 530//1307 1675//1307 532//1307
f 532//1308 1675//1308 534//1308
f 534//1309 1675//1309 1674//1309
f 534//1310 1674//1310 537//1310
f 537//1311 1674//1311 1673//1311
f 537//1312 1673//1312 540//1312
f 540//1313 1673//1313 1672//1313
f 540//1314 1672//1314 1671//1314
f 540//1315 1671//1315 542//1315
f 542//1316 1671//1316 1670//1316
f 542//1317 1670//1317 1669//1317
f 542//1318 1669//1318 545//1318
f 545//1319 1669//1319 1668//1319
f 545//1320 1668//1320 1667//1320
f 1664//1321 1676//1321 1667//1321
f 1667//1322 1676//1322 549//1322
f 1667//1323 549//1323 547//1323
f 1613//1324 1677//1324 1664//1324
f 1664//1325 1677//1325 551//1325
f 1664//1326 551//1326 1676//1326
f 1676//1327 551//1327 549//1327
f 1615//1328 555//1328 1613//1328
f 1613//1329 555//1329 553//1329
f 1613//1330 553//1330 1677//1330
f 1677//1325 553//1325 551//1325
f 555//1331 1615//1331 1678//1331
f 1678//1331 1615//1331 1679//1331
f 1678//1332 1679//1332 1680//1332
f 1681//1333 1682//1333 1680//1333
f 1680//1333 1682//1333 557//1333
f 1680//1332 557//1332 1678//1332
f 1678//1334 557//1334 555//1334
f 1681//1335 1683//1335 1682//1335
f 1682//1335 1683//1335 1684//1335
f 1682//1335 1684//1335 559//1335
f 559//1336 1684//1336 1685//1336
f 559//1337 1685//1337 1686//1337
f 1686//1337 1685//1337 1687//1337
f 1686//1337 1687//1337 1688//1337
f 1683//1336 1689//1336 1684//1336
f 1684//1336 1689//1336 1690//1336
f 1684//1336 1690//1336 1685//1336
f 1685//1338 1690//1338 1687//1338
f 1688//1339 1691//1339 1686//1339
f 1686//1339 1691//1339 1692//1339
f 1686//1339 1692//1339 562//1339
f 562//1340 1692//1340 1693//1340
f 562//1341 1693//1341 1694//1341
f 1694//1341 1693//1341 1695//1341
f 1694//1342 1695//1342 1696//1342
f 1691//1340 1697//1340 1692//1340
f 1692//1340 1697//1340 1693//1340
f 1697//1341 1698//1341 1693//1341
f 1693//1341 1698//1341 1695//1341
f 1694//1342 1696//1342 1699//1342
f 1699//1343 1696//1343 1700//1343
f 1699//1343 1700//1343 1701//1343
f 1701//1343 1700//1343 1702//1343
f 1701//1344 1702//1344 1703//1344
f 1701//1344 1703//1344 1704//1344
f 1704//1344 1703//1344 1705//1344
f 1704//1344 1705//1344 1706//1344
f 1706//1345 1705//1345 1707//1345
f 1706//1345 1707//1345 1708//1345
f 1708//1345 1707//1345 1709//1345
f 1708//1346 1709//1346 1710//1346
f 1710//1346 1709//1346 1711//1346
f 1710//1346 1711//1346 1712//1346
f 1710//1346 1712//1346 1713//1346
f 1713//1346 1712//1346 1714//1346
f 1713//1347 1714//1347 1715//1347
f 1715//1347 1714//1347 1716//1347
f 1715//1347 1716//1347 579//1347
f 579//1347 1716//1347 1717//1347
f 579//1347 1717//1347 581//1347
f 581//1347 1717//1347 1718//1347
f 581//1347 1718//1347 1719//1347
f 1719//1347 1718//1347 1720//1347
f 1719//1347 1720//1347 583//1347
f 583//1347 1720//1347 1721//1347
f 583//1347 1721//1347 585//1347
f 585//1347 1721//1347 1722//1347
f 585//1347 1722//1347 587//1347
f 587//1347 1722//1347 1723//1347
f 587//1347 1723//1347 590//1347
f 590//1347 1723//1347 1724//1347
f 590//1347 1724//1347 592//1347
f 592//1347 1724//1347 1725//1347
f 592//1347 1725//1347 594//1347
f 594//1346 1725//1346 1726//1346
f 594//1348 1726//1348 595//1348
f 595//1346 1726//1346 597//1346
f 597//1348 1726//1348 598//1348
f 598//1348 1726//1348 1727//1348
f 598//1345 1727//1345 600//1345
f 600//1345 1727//1345 1728//1345
f 600//1343 1728//1343 603//1343
f 603//1343 1728//1343 1729//1343
f 603//1341 1729//1341 605//1341
f 605//1339 1729//1339 1730//1339
f 605//1337 1730//1337 607//1337
f 607//1349 1730//1349 609//1349
f 1716//1347 1718//1347 1717//1347
f 583//1347 581//1347 1719//1347
f 579//1347 577//1347 1715//1347
f 1715//1347 577//1347 1713//1347
f 577//1346 575//1346 1713//1346
f 1713//1346 575//1346 1710//1346
f 575//1346 572//1346 1710//1346
f 1710//1348 572//1348 1708//1348
f 572//1345 566//1345 1708//1345
f 1708//1345 566//1345 1706//1345
f 562//1350 1699//1350 566//1350
f 566//1351 1699//1351 1701//1351
f 566//1344 1701//1344 1704//1344
f 562//1338 559//1338 1686//1338
f 559//1335 557//1335 1682//1335
f 547//1320 545//1320 1667//1320
f 1699//1350 562//1350 1694//1350
f 1706//1344 566//1344 1704//1344
f 1615//1352 1617//1352 1679//1352
f 1679//1353 1617//1353 1619//1353
f 1679//1354 1619//1354 1680//1354
f 1680//1355 1619//1355 1620//1355
f 1680//1356 1620//1356 1681//1356
f 1681//1357 1620//1357 1683//1357
f 1683//1357 1620//1357 1622//1357
f 1622//1358 1624//1358 1683//1358
f 1683//1359 1624//1359 1689//1359
f 1689//1360 1624//1360 1625//1360
f 1689//1361 1625//1361 1690//1361
f 1690//1362 1625//1362 868//1362
f 1690//1363 868//1363 1007//1363
f 1690//1364 1007//1364 1687//1364
f 1687//1365 1007//1365 1006//1365
f 1687//1366 1006//1366 1688//1366
f 1688//1367 1006//1367 1008//1367
f 1688//1368 1008//1368 1691//1368
f 1691//1369 1008//1369 1010//1369
f 1691//1370 1010//1370 1697//1370
f 1697//1371 1010//1371 1011//1371
f 1697//1372 1011//1372 1698//1372
f 1698//1373 1011//1373 1013//1373
f 1698//1374 1013//1374 1695//1374
f 1695//1375 1013//1375 1014//1375
f 1695//1376 1014//1376 1696//1376
f 1696//1377 1014//1377 1016//1377
f 1696//1378 1016//1378 1700//1378
f 1700//1379 1016//1379 1017//1379
f 1700//1380 1017//1380 1702//1380
f 1702//1381 1017//1381 1018//1381
f 1702//1382 1018//1382 1703//1382
f 1703//1383 1018//1383 1020//1383
f 1703//1384 1020//1384 1705//1384
f 1705//1385 1020//1385 1021//1385
f 1705//1386 1021//1386 1707//1386
f 1707//1387 1021//1387 1023//1387
f 1707//1388 1023//1388 1709//1388
f 1709//1389 1023//1389 1024//1389
f 1709//1390 1024//1390 1711//1390
f 1711//1391 1024//1391 1026//1391
f 1711//1392 1026//1392 1027//1392
f 1711//1393 1027//1393 1712//1393
f 1712//1394 1027//1394 1029//1394
f 1712//1395 1029//1395 1714//1395
f 1714//1396 1029//1396 1031//1396
f 1714//1397 1031//1397 1716//1397
f 1716//1398 1031//1398 1032//1398
f 1716//1399 1032//1399 1718//1399
f 1718//1400 1032//1400 1034//1400
f 1718//1401 1034//1401 1720//1401
f 1720//1402 1034//1402 1036//1402
f 1720//1403 1036//1403 1721//1403
f 1721//1404 1036//1404 1038//1404
f 1721//1405 1038//1405 1722//1405
f 1722//1406 1038//1406 1040//1406
f 1722//1407 1040//1407 1723//1407
f 1723//1408 1040//1408 1042//1408
f 1723//1409 1042//1409 1724//1409
f 1724//1410 1042//1410 1044//1410
f 1724//1411 1044//1411 1725//1411
f 1725//1412 1044//1412 1047//1412
f 1725//1413 1047//1413 1726//1413
f 1726//1414 1047//1414 1049//1414
f 1726//1415 1049//1415 1727//1415
f 1727//1416 1049//1416 1052//1416
f 1727//1417 1052//1417 1728//1417
f 1728//1418 1052//1418 1054//1418
f 1728//1419 1054//1419 1729//1419
f 1729//1420 1054//1420 1730//1420
f 1730//1421 1054//1421 1057//1421
f 1730//1422 1057//1422 609//1422
f 609//1423 1057//1423 1059//1423
f 609//1424 1059//1424 613//1424
f 613//1425 1059//1425 1062//1425
f 608//1426 610//1426 1061//1426
f 1061//1427 610//1427 611//1427
f 1061//1428 611//1428 1062//1428
f 1062//1429 611//1429 612//1429
f 1062//1430 612//1430 613//1430
f 869//1431 957//1431 1493//1431
f 1493//1431 957//1431 1576//1431
f 1493//1432 1576//1432 1570//1432
f 1493//1433 1570//1433 1532//1433
f 1532//1434 1570//1434 1569//1434
f 1532//1435 1569//1435 1531//1435
f 1531//1436 1569//1436 1575//1436
f 1531//1437 1575//1437 1530//1437
f 1530//1438 1575//1438 1574//1438
f 1530//1439 1574//1439 1559//1439
f 1559//1440 1574//1440 1573//1440
f 1559//1441 1573//1441 1560//1441
f 1560//1442 1573//1442 1572//1442
f 1560//1443 1572//1443 1561//1443
f 1561//1444 1572//1444 1571//1444
f 1561//1445 1571//1445 1562//1445
f 1562//1446 1571//1446 1526//1446
f 966//1447 673//1447 968//1447
f 968//1448 673//1448 672//1448
f 968//1449 672//1449 972//1449
f 972//1450 672//1450 671//1450
f 972//1451 671//1451 973//1451
f 973//1452 671//1452 670//1452
f 973//1453 670//1453 974//1453
f 974//1454 670//1454 969//1454
f 969//1455 670//1455 667//1455
f 969//1456 667//1456 970//1456
f 970//1457 667//1457 1605//1457
f 970//1458 1605//1458 971//1458
f 971//1459 1605//1459 1604//1459
f 971//1460 1604//1460 975//1460
f 975//1461 1604//1461 976//1461
f 976//1462 1604//1462 1603//1462
f 976//1463 1603//1463 977//1463
f 977//1464 1603//1464 978//1464
f 978//1465 1603//1465 1602//1465
f 978//1466 1602//1466 979//1466
f 979//1467 1602//1467 1601//1467
f 979//1468 1601//1468 980//1468
f 980//1469 1601//1469 981//1469
f 981//1470 1601//1470 1600//1470
f 981//1471 1600//1471 982//1471
f 982//1472 1600//1472 983//1472
f 983//1473 1600//1473 1599//1473
f 983//1474 1599//1474 984//1474
f 984//1475 1599//1475 1598//1475
f 984//1476 1598//1476 985//1476
f 985//1477 1598//1477 1597//1477
f 985//1478 1597//1478 986//1478
f 986//1479 1597//1479 1596//1479
f 986//1480 1596//1480 987//1480
f 987//1481 1596//1481 1595//1481
f 987//1482 1595//1482 988//1482
f 988//1483 1595//1483 1594//1483
f 988//1484 1594//1484 989//1484
f 989//1485 1594//1485 1593//1485
f 989//1486 1593//1486 990//1486
f 990//1487 1593//1487 1591//1487
f 990//1488 1591//1488 991//1488
f 991//1489 1591//1489 1590//1489
f 991//1490 1590//1490 992//1490
f 992//1491 1590//1491 1589//1491
f 992//1492 1589//1492 993//1492
f 993//1493 1589//1493 1587//1493
f 993//1494 1587//1494 994//1494
f 994//1495 1587//1495 995//1495
f 995//1496 1587//1496 1586//1496
f 995//1497 1586//1497 996//1497
f 996//1498 1586//1498 1581//1498
f 996//1499 1581//1499 997//1499
f 997//1500 1581//1500 1580//1500
f 997//1501 1580//1501 998//1501
f 998//1502 1580//1502 1585//1502
f 998//1503 1585//1503 961//1503
f 961//1504 1585//1504 1584//1504
f 961//1505 1584//1505 960//1505
f 960//1506 1584//1506 1583//1506
f 960//1507 1583//1507 959//1507
f 959//1508 1583//1508 1582//1508
f 959//1509 1582//1509 958//1509
f 958//1510 1582//1510 1576//1510
f 958//1511 1576//1511 957//1511
f 98//1512 53//1512 1731//1512
f 1731//1513 53//1513 51//1513
f 1731//1513 51//1513 1732//1513
f 1732//1514 51//1514 49//1514
f 1732//1514 49//1514 386//1514
f 386//1515 49//1515 1733//1515
f 386//1516 1733//1516 384//1516
f 384//1517 1733//1517 383//1517
f 383//1518 1733//1518 1734//1518
f 383//1519 1734//1519 381//1519
f 381//1520 1734//1520 43//1520
f 381//1521 43//1521 41//1521
f 1733//1522 49//1522 1734//1522
f 1734//1523 49//1523 43//1523
f 381//1524 41//1524 379//1524
f 379//1525 41//1525 40//1525
f 379//1526 40//1526 377//1526
f 377//1527 40//1527 38//1527
f 377//1528 38//1528 36//1528
f 377//1529 36//1529 376//1529
f 376//1530 36//1530 33//1530
f 376//1531 33//1531 374//1531
f 374//1532 33//1532 31//1532
f 374//1533 31//1533 372//1533
f 372//1534 31//1534 29//1534
f 372//1535 29//1535 370//1535
f 370//1536 29//1536 25//1536
f 370//1537 25//1537 368//1537
f 368//1538 25//1538 22//1538
f 368//1539 22//1539 366//1539
f 366//1540 22//1540 17//1540
f 366//1541 17//1541 364//1541
f 364//1542 17//1542 19//1542
f 364//1543 19//1543 362//1543
f 362//1544 19//1544 21//1544
f 386//1513 388//1513 1732//1513
f 1732//1513 388//1513 1731//1513
f 388//1545 390//1545 1731//1545
f 1731//1545 390//1545 1735//1545
f 1731//1512 1735//1512 98//1512
f 98//1546 1735//1546 99//1546
f 99//1547 1735//1547 100//1547
f 100//1548 1735//1548 101//1548
f 101//1549 1735//1549 102//1549
f 102//1549 1735//1549 1736//1549
f 102//1549 1736//1549 105//1549
f 105//1550 1736//1550 715//1550
f 715//1551 1736//1551 1737//1551
f 715//1552 1737//1552 717//1552
f 717//1553 1737//1553 1738//1553
f 717//1554 1738//1554 720//1554
f 720//1555 1738//1555 1739//1555
f 720//1555 1739//1555 723//1555
f 723//1556 1739//1556 1740//1556
f 723//1556 1740//1556 726//1556
f 726//1557 1740//1557 728//1557
f 728//1557 1740//1557 1741//1557
f 728//1558 1741//1558 731//1558
f 731//1559 1741//1559 688//1559
f 731//1560 688//1560 734//1560
f 734//1561 688//1561 690//1561
f 734//1562 690//1562 737//1562
f 737//1563 690//1563 692//1563
f 737//1564 692//1564 740//1564
f 740//1565 692//1565 694//1565
f 740//1565 694//1565 742//1565
f 742//1566 694//1566 744//1566
f 744//1567 694//1567 746//1567
f 746//1568 694//1568 696//1568
f 746//1568 696//1568 748//1568
f 748//1569 696//1569 750//1569
f 750//1570 696//1570 698//1570
f 750//1570 698//1570 752//1570
f 752//1571 698//1571 754//1571
f 754//1572 698//1572 756//1572
f 756//1573 698//1573 700//1573
f 756//1574 700//1574 758//1574
f 758//1574 700//1574 760//1574
f 760//1575 700//1575 762//1575
f 762//1575 700//1575 713//1575
f 390//1549 392//1549 1735//1549
f 1735//1549 392//1549 1736//1549
f 392//1576 394//1576 1736//1576
f 1736//1576 394//1576 1737//1576
f 394//1577 680//1577 1737//1577
f 1737//1577 680//1577 1738//1577
f 680//1555 682//1555 1738//1555
f 1738//1555 682//1555 1739//1555
f 682//1556 684//1556 1739//1556
f 1739//1556 684//1556 1740//1556
f 684//1578 686//1578 1740//1578
f 1740//1579 686//1579 1741//1579
f 686//1559 688//1559 1741//1559
f 870//1580 1742//1580 871//1580
f 871//1581 1742//1581 1743//1581
f 871//1582 1743//1582 925//1582
f 925//1583 1743//1583 1744//1583
f 925//1584 1744//1584 926//1584
f 926//1585 1744//1585 1745//1585
f 926//1586 1745//1586 927//1586
f 927//1587 1745//1587 1746//1587
f 927//1588 1746//1588 928//1588
f 928//1589 1746//1589 929//1589
f 929//1590 1746//1590 1747//1590
f 929//1591 1747//1591 930//1591
f 930//1592 1747//1592 1748//1592
f 930//1593 1748//1593 931//1593
f 931//1594 1748//1594 932//1594
f 932//1595 1748//1595 1749//1595
f 932//1596 1749//1596 933//1596
f 933//1597 1749//1597 1750//1597
f 933//1598 1750//1598 934//1598
f 934//1599 1750//1599 1751//1599
f 934//1600 1751//1600 935//1600
f 935//1601 1751//1601 1752//1601
f 935//1602 1752//1602 936//1602
f 936//1603 1752//1603 1753//1603
f 936//1604 1753//1604 937//1604
f 937//1605 1753//1605 1754//1605
f 937//1606 1754//1606 938//1606
f 938//1607 1754//1607 1755//1607
f 938//1608 1755//1608 939//1608
f 939//1609 1755//1609 1756//1609
f 939//1610 1756//1610 1757//1610
f 939//1611 1757//1611 940//1611
f 940//1612 1757//1612 1758//1612
f 940//1613 1758//1613 941//1613
f 941//1614 1758//1614 1759//1614
f 941//1615 1759//1615 942//1615
f 942//1616 1759//1616 1760//1616
f 942//1617 1760//1617 943//1617
f 943//1618 1760//1618 1761//1618
f 943//1619 1761//1619 944//1619
f 944//1620 1761//1620 1762//1620
f 944//1621 1762//1621 945//1621
f 945//1622 1762//1622 1763//1622
f 945//1623 1763//1623 946//1623
f 946//1624 1763//1624 1764//1624
f 946//1625 1764//1625 947//1625
f 947//1626 1764//1626 1765//1626
f 947//1627 1765//1627 948//1627
f 948//1628 1765//1628 1766//1628
f 948//1629 1766//1629 949//1629
f 949//1630 1766//1630 1767//1630
f 949//1631 1767//1631 950//1631
f 950//1632 1767//1632 1768//1632
f 950//1633 1768//1633 951//1633
f 951//1634 1768//1634 1769//1634
f 951//1635 1769//1635 952//1635
f 952//1636 1769//1636 1770//1636
f 952//1637 1770//1637 953//1637
f 953//1638 1770//1638 1771//1638
f 953//1639 1771//1639 954//1639
f 954//1640 1771//1640 1772//1640
f 954//1641 1772//1641 955//1641
f 955//1642 1772//1642 1773//1642
f 955//1643 1773//1643 956//1643
f 956//1644 1773//1644 1774//1644
f 956//1645 1774//1645 679//1645
f 956//1646 679//1646 962//1646
f 962//1647 679//1647 677//1647
f 962//1648 677//1648 676//1648
f 962//1649 676//1649 963//1649
f 963//1650 676//1650 666//1650
f 963//1651 666//1651 665//1651
f 963//1652 665//1652 964//1652
f 964//1653 665//1653 669//1653
f 964//1654 669//1654 965//1654
f 965//1655 669//1655 668//1655
f 965//1656 668//1656 675//1656
f 674//1657 967//1657 675//1657
f 675//1658 967//1658 965//1658
f 1775//1659 1776//1659 631//1659
f 631//1660 1776//1660 1777//1660
f 631//1661 1777//1661 629//1661
f 629//1662 1777//1662 1778//1662
f 629//1663 1778//1663 627//1663
f 627//1664 1778//1664 1779//1664
f 627//1665 1779//1665 625//1665
f 625//1666 1779//1666 1780//1666
f 625//1667 1780//1667 623//1667
f 623//1668 1780//1668 1781//1668
f 623//1669 1781//1669 621//1669
f 621//1670 1781//1670 1782//1670
f 621//1671 1782//1671 619//1671
f 619//1672 1782//1672 1783//1672
f 619//1673 1783//1673 617//1673
f 617//1674 1783//1674 361//1674
f 631//1675 633//1675 1775//1675
f 1775//1676 633//1676 1784//1676
f 1784//1677 633//1677 635//1677
f 1784//1678 635//1678 1785//1678
f 1785//1679 635//1679 637//1679
f 1785//1680 637//1680 1786//1680
f 1786//1681 637//1681 639//1681
f 1786//1681 639//1681 1787//1681
f 1787//1682 639//1682 642//1682
f 1787//1683 642//1683 1788//1683
f 1788//1684 642//1684 1789//1684
f 1788//1685 1789//1685 1790//1685
f 1790//1686 1789//1686 1791//1686
f 1791//1687 1789//1687 1792//1687
f 1791//1688 1792//1688 1793//1688
f 1793//1688 1792//1688 648//1688
f 1793//1689 648//1689 650//1689
f 642//1690 644//1690 1789//1690
f 1789//1691 644//1691 646//1691
f 1789//1691 646//1691 1792//1691
f 1792//1692 646//1692 648//1692
f 652//1693 1794//1693 650//1693
f 650//1694 1794//1694 1795//1694
f 650//1695 1795//1695 1793//1695
f 1793//1695 1795//1695 1796//1695
f 1793//1688 1796//1688 1791//1688
f 1794//1696 652//1696 1797//1696
f 1797//1697 652//1697 654//1697
f 1797//1698 654//1698 1798//1698
f 1798//1699 654//1699 1799//1699
f 1798//1700 1799//1700 1746//1700
f 1746//1701 1799//1701 1747//1701
f 1747//1702 1799//1702 1748//1702
f 1748//1703 1799//1703 1800//1703
f 1748//1704 1800//1704 1749//1704
f 1749//1705 1800//1705 1750//1705
f 1750//1705 1800//1705 1801//1705
f 1750//1706 1801//1706 1751//1706
f 1751//1707 1801//1707 1752//1707
f 1752//1707 1801//1707 1802//1707
f 1752//1708 1802//1708 1753//1708
f 1753//1709 1802//1709 1754//1709
f 1754//1710 1802//1710 1803//1710
f 1754//1711 1803//1711 1755//1711
f 1755//1712 1803//1712 1756//1712
f 1756//1713 1803//1713 1804//1713
f 1756//1714 1804//1714 1757//1714
f 1757//1715 1804//1715 1758//1715
f 1758//1716 1804//1716 1805//1716
f 1758//1717 1805//1717 1759//1717
f 1759//1718 1805//1718 1806//1718
f 1759//1719 1806//1719 1760//1719
f 1760//1719 1806//1719 660//1719
f 1760//1720 660//1720 1761//1720
f 1761//1721 660//1721 662//1721
f 1761//1722 662//1722 1762//1722
f 1762//1723 662//1723 1763//1723
f 1763//1724 662//1724 1764//1724
f 1764//1725 662//1725 1765//1725
f 1765//1726 662//1726 1766//1726
f 1766//1727 662//1727 664//1727
f 1766//1728 664//1728 1767//1728
f 1767//1729 664//1729 1768//1729
f 1768//1730 664//1730 1769//1730
f 1769//1731 664//1731 1770//1731
f 1770//1731 664//1731 1771//1731
f 1771//1732 664//1732 678//1732
f 1771//1733 678//1733 1772//1733
f 1772//1734 678//1734 1773//1734
f 1773//1735 678//1735 1774//1735
f 654//1736 656//1736 1799//1736
f 1799//1703 656//1703 1800//1703
f 1800//1737 656//1737 1801//1737
f 1801//1738 656//1738 658//1738
f 1801//1707 658//1707 1802//1707
f 1802//1710 658//1710 1803//1710
f 658//1714 660//1714 1803//1714
f 1803//1713 660//1713 1804//1713
f 1746//1699 1745//1699 1798//1699
f 1798//1697 1745//1697 1744//1697
f 1798//1739 1744//1739 1797//1739
f 1797//1740 1744//1740 1743//1740
f 1797//1741 1743//1741 1742//1741
f 1742//1742 1807//1742 1797//1742
f 1797//1696 1807//1696 1794//1696
f 1807//1743 1808//1743 1794//1743
f 1794//1744 1808//1744 1795//1744
f 1808//1745 1796//1745 1795//1745
f 1788//1746 1786//1746 1787//1746
f 1805//1715 1804//1715 660//1715
f 1805//1747 660//1747 1806//1747
f 678//1748 679//1748 1774//1748
f 674//1749 673//1749 967//1749
f 967//1750 673//1750 966//1750
f 361//1751 1783//1751 363//1751
f 363//1752 1783//1752 1782//1752
f 363//1753 1782//1753 365//1753
f 365//1754 1782//1754 1781//1754
f 365//1755 1781//1755 367//1755
f 367//1756 1781//1756 1780//1756
f 367//1757 1780//1757 369//1757
f 369//1758 1780//1758 1779//1758
f 369//1759 1779//1759 371//1759
f 371//1760 1779//1760 1778//1760
f 371//1761 1778//1761 373//1761
f 373//1762 1778//1762 1777//1762
f 373//1763 1777//1763 375//1763
f 375//1764 1777//1764 1776//1764
f 375//1765 1776//1765 1809//1765
f 1809//1766 1810//1766 375//1766
f 375//1767 1810//1767 378//1767
f 378//1768 1810//1768 1811//1768
f 378//1769 1811//1769 1812//1769
f 378//1770 1812//1770 380//1770
f 380//1771 1812//1771 1813//1771
f 380//1772 1813//1772 1814//1772
f 1814//1773 1813//1773 1815//1773
f 1814//1774 1815//1774 382//1774
f 382//1775 1815//1775 1816//1775
f 382//1776 1816//1776 385//1776
f 385//1777 1816//1777 387//1777
f 387//1778 1816//1778 1817//1778
f 387//1779 1817//1779 389//1779
f 389//1780 1817//1780 1818//1780
f 389//1781 1818//1781 391//1781
f 391//1782 1818//1782 1819//1782
f 391//1783 1819//1783 393//1783
f 393//1784 1819//1784 1820//1784
f 393//1785 1820//1785 395//1785
f 395//1786 1820//1786 1821//1786
f 395//1787 1821//1787 396//1787
f 396//1788 1821//1788 1822//1788
f 396//1789 1822//1789 681//1789
f 681//1790 1822//1790 1823//1790
f 681//1791 1823//1791 683//1791
f 683//1792 1823//1792 1824//1792
f 683//1793 1824//1793 685//1793
f 685//1794 1824//1794 1825//1794
f 685//1795 1825//1795 687//1795
f 687//1796 1825//1796 1826//1796
f 687//1797 1826//1797 1827//1797
f 1815//1798 1828//1798 1816//1798
f 1816//1799 1828//1799 1817//1799
f 1828//1800 1829//1800 1817//1800
f 1817//1780 1829//1780 1818//1780
f 1829//1801 1830//1801 1818//1801
f 1818//1782 1830//1782 1819//1782
f 1830//1784 1831//1784 1819//1784
f 1819//1784 1831//1784 1820//1784
f 1831//1802 1832//1802 1820//1802
f 1820//1786 1832//1786 1821//1786
f 1832//1787 1833//1787 1821//1787
f 1821//1803 1833//1803 1834//1803
f 1821//1803 1834//1803 1822//1803
f 1822//1789 1834//1789 1835//1789
f 1822//1804 1835//1804 1836//1804
f 1836//1805 1837//1805 1822//1805
f 1822//1805 1837//1805 1823//1805
f 1837//1806 1838//1806 1823//1806
f 1823//1807 1838//1807 1839//1807
f 1823//1808 1839//1808 1824//1808
f 1824//1809 1839//1809 1840//1809
f 1824//1810 1840//1810 1841//1810
f 1841//1811 1825//1811 1824//1811
f 687//1812 1827//1812 689//1812
f 689//1813 1827//1813 1842//1813
f 689//1814 1842//1814 691//1814
f 691//1815 1842//1815 1843//1815
f 691//1815 1843//1815 693//1815
f 693//1816 1843//1816 1844//1816
f 693//1817 1844//1817 1845//1817
f 693//1818 1845//1818 695//1818
f 695//1819 1845//1819 1846//1819
f 695//1820 1846//1820 697//1820
f 697//1821 1846//1821 1847//1821
f 697//1822 1847//1822 699//1822
f 699//1822 1847//1822 1848//1822
f 699//1823 1848//1823 1849//1823
f 1849//1823 1850//1823 699//1823
f 699//1823 1850//1823 703//1823
f 382//1824 380//1824 1814//1824
f 1776//1825 1775//1825 1809//1825
f 1809//1826 1775//1826 1810//1826
f 1810//1827 1775//1827 1784//1827
f 1810//1828 1784//1828 1811//1828
f 1811//1829 1784//1829 1785//1829
f 1811//1830 1785//1830 1812//1830
f 1812//1831 1785//1831 1786//1831
f 1812//1832 1786//1832 1788//1832
f 1790//1833 1815//1833 1788//1833
f 1788//1834 1815//1834 1813//1834
f 1788//1835 1813//1835 1812//1835
f 1815//1836 1790//1836 1828//1836
f 1828//1837 1790//1837 1791//1837
f 1828//1838 1791//1838 1829//1838
f 1829//1839 1791//1839 1796//1839
f 1829//1840 1796//1840 1830//1840
f 1830//1841 1796//1841 1808//1841
f 1830//1842 1808//1842 1831//1842
f 1831//1843 1808//1843 1807//1843
f 708//1844 709//1844 766//1844
f 766//1844 709//1844 710//1844
f 766//1845 710//1845 896//1845
f 896//1846 710//1846 711//1846
f 896//1844 711//1844 712//1844
f 870//1847 924//1847 1742//1847
f 1742//1848 924//1848 1832//1848
f 1742//1849 1832//1849 1831//1849
f 1832//1850 924//1850 1833//1850
f 1833//1851 924//1851 923//1851
f 1833//1852 923//1852 1834//1852
f 1834//1853 923//1853 922//1853
f 1834//1854 922//1854 1835//1854
f 1835//1855 922//1855 921//1855
f 1835//1856 921//1856 1836//1856
f 1836//1857 921//1857 920//1857
f 1836//1858 920//1858 1837//1858
f 1837//1859 920//1859 919//1859
f 1837//1860 919//1860 1838//1860
f 1838//1861 919//1861 918//1861
f 1838//1862 918//1862 1839//1862
f 1839//1863 918//1863 1840//1863
f 1840//1864 918//1864 917//1864
f 1840//1865 917//1865 1841//1865
f 1841//1866 917//1866 916//1866
f 1841//1867 916//1867 1825//1867
f 1825//1868 916//1868 915//1868
f 1825//1869 915//1869 914//1869
f 1825//1870 914//1870 1826//1870
f 1826//1871 914//1871 913//1871
f 1826//1872 913//1872 912//1872
f 1826//1873 912//1873 1827//1873
f 1827//1874 912//1874 911//1874
f 1827//1875 911//1875 1842//1875
f 1842//1876 911//1876 910//1876
f 1842//1877 910//1877 1843//1877
f 1843//1878 910//1878 909//1878
f 1843//1879 909//1879 908//1879
f 1843//1880 908//1880 1844//1880
f 1844//1881 908//1881 907//1881
f 1844//1882 907//1882 1845//1882
f 1845//1883 907//1883 874//1883
f 1845//1884 874//1884 873//1884
f 1845//1885 873//1885 1846//1885
f 1846//1886 873//1886 872//1886
f 1846//1887 872//1887 906//1887
f 1846//1888 906//1888 1847//1888
f 1847//1889 906//1889 905//1889
f 1847//1890 905//1890 1848//1890
f 1848//1891 905//1891 867//1891
f 1848//1892 867//1892 1849//1892
f 1849//1893 867//1893 866//1893
f 1849//1894 866//1894 1850//1894
f 1850//1895 866//1895 902//1895
f 1850//1896 902//1896 703//1896
f 703//1897 902//1897 901//1897
f 703//1898 901//1898 701//1898
f 701//1899 901//1899 900//1899
f 701//1900 900//1900 702//1900
f 702//1901 900//1901 898//1901
f 702//1902 898//1902 705//1902
f 705//1903 898//1903 897//1903
f 705//1904 897//1904 706//1904
f 706//1905 897//1905 707//1905
f 707//1906 897//1906 896//1906
f 707//1907 896//1907 712//1907
f 1831//1908 1807//1908 1742//1908
f 1385//1909 1851//1909 1291//1909
f 1291//1910 1851//1910 303//1910
f 1291//1911 303//1911 1852//1911
f 1852//1912 303//1912 306//1912
f 1852//1913 306//1913 1853//1913
f 1853//1914 306//1914 309//1914
f 1853//1915 309//1915 1854//1915
f 1854//1916 309//1916 1855//1916
f 1854//1916 1855//1916 1856//1916
f 1856//1917 1855//1917 1857//1917
f 1857//1918 1855//1918 1858//1918
f 1857//1919 1858//1919 1859//1919
f 1859//1920 1858//1920 1860//1920
f 1860//1921 1858//1921 1861//1921
f 1860//1922 1861//1922 1862//1922
f 1862//1923 1861//1923 1863//1923
f 1863//1924 1861//1924 1864//1924
f 1863//1925 1864//1925 1865//1925
f 1865//1926 1864//1926 1866//1926
f 1865//1927 1866//1927 1867//1927
f 1867//1928 1866//1928 1868//1928
f 1868//1929 1866//1929 1869//1929
f 1868//1930 1869//1930 1870//1930
f 1870//1931 1869//1931 1871//1931
f 1871//1932 1869//1932 1872//1932
f 1871//1933 1872//1933 1873//1933
f 1873//1934 1872//1934 1874//1934
f 1874//1935 1872//1935 1875//1935
f 1874//1936 1875//1936 1876//1936
f 1876//1937 1875//1937 323//1937
f 1876//1938 323//1938 1877//1938
f 1877//1939 323//1939 326//1939
f 1877//1940 326//1940 1878//1940
f 1878//1941 326//1941 1879//1941
f 1879//1942 326//1942 1880//1942
f 1880//1943 326//1943 328//1943
f 1880//1944 328//1944 1881//1944
f 1881//1945 328//1945 1882//1945
f 1882//1946 328//1946 1883//1946
f 1883//1947 328//1947 330//1947
f 1883//1948 330//1948 1884//1948
f 1884//1949 330//1949 1885//1949
f 1885//1949 330//1949 332//1949
f 1885//1950 332//1950 1886//1950
f 1886//1951 332//1951 1887//1951
f 1887//1952 332//1952 334//1952
f 1887//1953 334//1953 1888//1953
f 1888//1954 334//1954 1889//1954
f 1889//1955 334//1955 1890//1955
f 1890//1956 334//1956 1891//1956
f 1891//1957 334//1957 350//1957
f 1384//1958 1892//1958 1385//1958
f 1385//1959 1892//1959 1893//1959
f 1385//1960 1893//1960 1851//1960
f 1851//1961 1893//1961 299//1961
f 1851//1962 299//1962 301//1962
f 1892//1963 1384//1963 1894//1963
f 1894//1964 1384//1964 1383//1964
f 1894//1965 1383//1965 295//1965
f 295//1966 1383//1966 293//1966
f 293//1967 1383//1967 1895//1967
f 293//1968 1895//1968 1896//1968
f 1896//1969 1895//1969 1382//1969
f 1896//1970 1382//1970 291//1970
f 291//1971 1382//1971 1381//1971
f 291//1971 1381//1971 289//1971
f 289//1972 1381//1972 1380//1972
f 289//1973 1380//1973 287//1973
f 287//1974 1380//1974 285//1974
f 285//1974 1380//1974 1379//1974
f 285//1975 1379//1975 283//1975
f 283//1976 1379//1976 1378//1976
f 283//1977 1378//1977 281//1977
f 281//1977 1378//1977 1377//1977
f 281//1978 1377//1978 1376//1978
f 1383//1979 1382//1979 1895//1979
f 281//1980 1376//1980 279//1980
f 279//1980 1376//1980 1375//1980
f 279//1981 1375//1981 1374//1981
f 1373//1982 277//1982 1374//1982
f 1374//1982 277//1982 276//1982
f 1374//1981 276//1981 279//1981
f 277//1983 1373//1983 278//1983
f 278//1983 1373//1983 1372//1983
f 278//1984 1372//1984 351//1984
f 351//1984 1372//1984 1371//1984
f 351//1984 1371//1984 352//1984
f 352//1984 1371//1984 1370//1984
f 352//1984 1370//1984 353//1984
f 353//1985 1370//1985 1369//1985
f 353//1985 1369//1985 177//1985
f 177//1985 1369//1985 1368//1985
f 177//1984 1368//1984 178//1984
f 178//1984 1368//1984 1367//1984
f 178//1984 1367//1984 354//1984
f 354//1984 1367//1984 1366//1984
f 354//1983 1366//1983 355//1983
f 355//1983 1366//1983 1365//1983
f 355//1982 1365//1982 356//1982
f 356//1986 1365//1986 1364//1986
f 356//1987 1364//1987 1416//1987
f 1416//1987 357//1987 356//1987
f 291//1988 293//1988 1896//1988
f 1894//1963 295//1963 1892//1963
f 1892//1989 295//1989 297//1989
f 1892//1990 297//1990 1893//1990
f 1893//1991 297//1991 299//1991
f 301//1992 303//1992 1851//1992
f 309//1993 312//1993 1855//1993
f 1855//1918 312//1918 1858//1918
f 312//1994 314//1994 1858//1994
f 1858//1995 314//1995 1861//1995
f 314//1996 316//1996 1861//1996
f 1861//1997 316//1997 1864//1997
f 1864//1998 316//1998 1866//1998
f 1866//1999 316//1999 319//1999
f 1866//2000 319//2000 1869//2000
f 1869//2001 319//2001 321//2001
f 1869//2002 321//2002 1872//2002
f 1872//2003 321//2003 323//2003
f 1872//2004 323//2004 1875//2004
f 1878//2005 1897//2005 1877//2005
f 1877//2006 1897//2006 1876//2006
f 1856//1916 1898//1916 1854//1916
f 1854//2007 1898//2007 1899//2007
f 1854//2008 1899//2008 1900//2008
f 1854//2009 1900//2009 1853//2009
f 1853//2010 1900//2010 1297//2010
f 1853//2011 1297//2011 1289//2011
f 1853//2012 1289//2012 1852//2012
f 1852//2013 1289//2013 1291//2013
f 1297//2014 1900//2014 1298//2014
f 1298//2015 1900//2015 1899//2015
f 1298//2016 1899//2016 875//2016
f 875//2017 1899//2017 1171//2017
f 1171//2018 1899//2018 1898//2018
f 1171//2019 1898//2019 1856//2019
f 1171//2020 1856//2020 1172//2020
f 1172//2021 1856//2021 1857//2021
f 1172//2022 1857//2022 1173//2022
f 1173//2023 1857//2023 1859//2023
f 1173//2024 1859//2024 1174//2024
f 1174//2025 1859//2025 1860//2025
f 1174//2026 1860//2026 1862//2026
f 1174//2027 1862//2027 1175//2027
f 1175//2028 1862//2028 1863//2028
f 1175//2029 1863//2029 1176//2029
f 1176//2030 1863//2030 1865//2030
f 1176//2031 1865//2031 1177//2031
f 1177//2032 1865//2032 1867//2032
f 1177//2033 1867//2033 1868//2033
f 1177//2034 1868//2034 1178//2034
f 1178//2035 1868//2035 1870//2035
f 1178//2036 1870//2036 1179//2036
f 1179//2037 1870//2037 1871//2037
f 1179//2038 1871//2038 1180//2038
f 1180//2039 1871//2039 1873//2039
f 1180//2040 1873//2040 1181//2040
f 1181//2041 1873//2041 1874//2041
f 1181//2042 1874//2042 1876//2042
f 1181//2043 1876//2043 1182//2043
f 1182//2044 1876//2044 1897//2044
f 1182//2045 1897//2045 1183//2045
f 1183//2046 1897//2046 1878//2046
f 1183//2047 1878//2047 1184//2047
f 1184//2048 1878//2048 1879//2048
f 1184//2049 1879//2049 1185//2049
f 1185//2050 1879//2050 1880//2050
f 1185//2051 1880//2051 1186//2051
f 1186//2052 1880//2052 1881//2052
f 1186//2053 1881//2053 1187//2053
f 1187//2054 1881//2054 1882//2054
f 1187//2055 1882//2055 1188//2055
f 1188//2056 1882//2056 1883//2056
f 1188//2057 1883//2057 1210//2057
f 1210//2058 1883//2058 1884//2058
f 1210//2059 1884//2059 1212//2059
f 1212//2060 1884//2060 1885//2060
f 1212//2061 1885//2061 1214//2061
f 1214//2062 1885//2062 1886//2062
f 1214//2063 1886//2063 1216//2063
f 1216//2064 1886//2064 1887//2064
f 1216//2065 1887//2065 1218//2065
f 1218//2066 1887//2066 1888//2066
f 1218//2067 1888//2067 1220//2067
f 1220//2068 1888//2068 1889//2068
f 1220//2069 1889//2069 1222//2069
f 1222//2070 1889//2070 1224//2070
f 1224//2071 1889//2071 1890//2071
f 1224//2072 1890//2072 1226//2072
f 1226//2073 1890//2073 1891//2073
f 1226//2074 1891//2074 350//2074
f 1226//2075 350//2075 1227//2075
f 1227//2076 350//2076 349//2076
f 1227//2077 349//2077 1229//2077
f 1229//2078 349//2078 348//2078
f 1229//2079 348//2079 336//2079
f 1229//2080 336//2080 1231//2080
f 1231//2081 336//2081 335//2081
f 1231//2082 335//2082 1232//2082
f 1232//2083 335//2083 347//2083
f 1232//2084 347//2084 342//2084
f 341//2085 1233//2085 342//2085
f 342//2086 1233//2086 1232//2086
f 341//2087 346//2087 1233//2087
f 1233//2087 346//2087 345//2087
f 1233//2088 345//2088 1236//2088
f 1236//2087 345//2087 344//2087
f 1236//2089 344//2089 343//2089
f 343//2090 340//2090 1236//2090
f 1236//2091 340//2091 1234//2091
f 1234//2092 340//2092 339//2092
f 1234//2080 339//2080 1235//2080
f 339//2093 338//2093 1235//2093
f 1235//2094 338//2094 1230//2094
f 1230//2095 338//2095 337//2095
f 1230//2096 337//2096 1228//2096
f 1228//2097 337//2097 1901//2097
f 1228//2098 1901//2098 1225//2098
f 1225//2099 1901//2099 1902//2099
f 1225//2100 1902//2100 1223//2100
f 1223//2101 1902//2101 1903//2101
f 1223//2102 1903//2102 1221//2102
f 1221//2103 1903//2103 1904//2103
f 1221//2104 1904//2104 1219//2104
f 1219//2105 1904//2105 1905//2105
f 1219//2106 1905//2106 1217//2106
f 1217//2107 1905//2107 1215//2107
f 1215//2108 1905//2108 1906//2108
f 1215//2109 1906//2109 1213//2109
f 1213//2110 1906//2110 1907//2110
f 1213//2111 1907//2111 1211//2111
f 1211//2112 1907//2112 1908//2112
f 1211//2113 1908//2113 1209//2113
f 1209//2114 1908//2114 1909//2114
f 1209//2115 1909//2115 1208//2115
f 1208//2116 1909//2116 1910//2116
f 1208//2117 1910//2117 1207//2117
f 1207//2118 1910//2118 1911//2118
f 1207//2119 1911//2119 1206//2119
f 1206//2120 1911//2120 1912//2120
f 1206//2121 1912//2121 1205//2121
f 1205//2122 1912//2122 1913//2122
f 1205//2123 1913//2123 1204//2123
f 1204//2124 1913//2124 1914//2124
f 1204//2125 1914//2125 1203//2125
f 1203//2126 1914//2126 1915//2126
f 1203//2127 1915//2127 1916//2127
f 1203//2128 1916//2128 1202//2128
f 1202//2129 1916//2129 1917//2129
f 1202//2130 1917//2130 1201//2130
f 1201//2131 1917//2131 1918//2131
f 1201//2132 1918//2132 1200//2132
f 1200//2133 1918//2133 1919//2133
f 1200//2134 1919//2134 1199//2134
f 1199//2135 1919//2135 1920//2135
f 1199//2136 1920//2136 1198//2136
f 1198//2137 1920//2137 1197//2137
f 1197//2138 1920//2138 1921//2138
f 1197//2139 1921//2139 1196//2139
f 1196//2140 1921//2140 1922//2140
f 1196//2141 1922//2141 1195//2141
f 1195//2142 1922//2142 1194//2142
f 1194//2143 1922//2143 1923//2143
f 1194//2144 1923//2144 1193//2144
f 1193//2145 1923//2145 1192//2145
f 1192//2146 1923//2146 1924//2146
f 1192//2147 1924//2147 1191//2147
f 1191//2148 1924//2148 1190//2148
f 1190//2149 1924//2149 1925//2149
f 1190//2150 1925//2150 1189//2150
f 1189//2151 1925//2151 1926//2151
f 1189//2152 1926//2152 1170//2152
f 337//2153 333//2153 1901//2153
f 1901//2154 333//2154 1902//2154
f 1902//2155 333//2155 1903//2155
f 1903//2156 333//2156 331//2156
f 1903//2157 331//2157 1904//2157
f 1904//2158 331//2158 1905//2158
f 1905//2159 331//2159 329//2159
f 1905//2159 329//2159 1906//2159
f 1906//2160 329//2160 1907//2160
f 1907//2161 329//2161 1908//2161
f 1908//2162 329//2162 327//2162
f 1908//2163 327//2163 1909//2163
f 1909//2164 327//2164 1910//2164
f 1910//2165 327//2165 325//2165
f 1910//2166 325//2166 1911//2166
f 1911//2167 325//2167 1912//2167
f 1912//2168 325//2168 324//2168
f 1912//2169 324//2169 1913//2169
f 1913//2170 324//2170 1914//2170
f 1914//2171 324//2171 322//2171
f 1914//2172 322//2172 1915//2172
f 1915//2173 322//2173 1916//2173
f 1916//2174 322//2174 320//2174
f 1916//2175 320//2175 1917//2175
f 1917//2176 320//2176 1927//2176
f 1917//2177 1927//2177 1918//2177
f 1918//2178 1927//2178 1919//2178
f 1919//2179 1927//2179 318//2179
f 1919//2180 318//2180 1920//2180
f 1920//2181 318//2181 1928//2181
f 1920//2182 1928//2182 1921//2182
f 1921//2183 1928//2183 317//2183
f 1921//2184 317//2184 1929//2184
f 1929//2184 317//2184 315//2184
f 1929//2185 315//2185 1930//2185
f 1930//2185 315//2185 313//2185
f 1930//2186 313//2186 311//2186
f 320//2178 318//2178 1927//2178
f 318//2187 317//2187 1928//2187
f 1930//2188 311//2188 1931//2188
f 1931//2189 311//2189 310//2189
f 1931//2189 310//2189 1925//2189
f 1925//2190 310//2190 1926//2190
f 1926//2191 310//2191 1932//2191
f 1926//2192 1932//2192 1933//2192
f 1933//2193 1932//2193 1934//2193
f 1934//2194 1932//2194 307//2194
f 1934//2195 307//2195 305//2195
f 310//2196 308//2196 1932//2196
f 1932//2192 308//2192 307//2192
f 1934//2197 305//2197 1935//2197
f 1935//2198 305//2198 304//2198
f 1935//2199 304//2199 1936//2199
f 1936//2200 304//2200 302//2200
f 1936//2201 302//2201 1937//2201
f 1937//2202 302//2202 1938//2202
f 1938//2202 302//2202 300//2202
f 1938//2203 300//2203 1939//2203
f 1939//2203 300//2203 298//2203
f 1939//2204 298//2204 296//2204
f 1939//2205 296//2205 1940//2205
f 1940//2206 296//2206 294//2206
f 1940//2207 294//2207 1941//2207
f 1941//2208 294//2208 292//2208
f 1941//2209 292//2209 1942//2209
f 1942//2210 292//2210 290//2210
f 1942//2211 290//2211 1943//2211
f 1943//2212 290//2212 288//2212
f 1943//2213 288//2213 1944//2213
f 1944//2214 288//2214 286//2214
f 1944//2215 286//2215 1945//2215
f 1945//2216 286//2216 284//2216
f 1945//2216 284//2216 1946//2216
f 1946//2217 284//2217 1947//2217
f 1947//2218 284//2218 282//2218
f 1947//2219 282//2219 1948//2219
f 1948//2220 282//2220 1949//2220
f 1949//2221 282//2221 280//2221
f 1949//2222 280//2222 1950//2222
f 1950//2223 280//2223 1951//2223
f 1951//2223 280//2223 275//2223
f 1951//2224 275//2224 1952//2224
f 1952//2225 275//2225 176//2225
f 1937//2226 1953//2226 1936//2226
f 1936//2199 1953//2199 1935//2199
f 1953//2227 1934//2227 1935//2227
f 1925//2189 1924//2189 1931//2189
f 1931//2228 1924//2228 1930//2228
f 1924//2186 1923//2186 1930//2186
f 1930//2229 1923//2229 1922//2229
f 1930//2230 1922//2230 1929//2230
f 1929//2231 1922//2231 1921//2231
f 176//2232 179//2232 1952//2232
f 1952//2233 179//2233 1951//2233
f 1951//2234 179//2234 181//2234
f 1951//2235 181//2235 1950//2235
f 1950//2236 181//2236 183//2236
f 1950//2237 183//2237 1949//2237
f 1949//2238 183//2238 184//2238
f 1949//2239 184//2239 1948//2239
f 1948//2240 184//2240 186//2240
f 1948//2241 186//2241 1947//2241
f 1947//2242 186//2242 187//2242
f 1947//2243 187//2243 188//2243
f 188//2244 190//2244 1947//2244
f 1947//2245 190//2245 1946//2245
f 1946//2246 190//2246 191//2246
f 1946//2247 191//2247 1945//2247
f 1945//2248 191//2248 193//2248
f 1945//2249 193//2249 1944//2249
f 1944//2250 193//2250 195//2250
f 1944//2251 195//2251 1943//2251
f 1943//2252 195//2252 198//2252
f 1943//2253 198//2253 1942//2253
f 1942//2254 198//2254 1941//2254
f 1941//2255 198//2255 200//2255
f 1941//2256 200//2256 1940//2256
f 1940//2257 200//2257 203//2257
f 1940//2258 203//2258 1939//2258
f 1939//2259 203//2259 205//2259
f 1939//2260 205//2260 1938//2260
f 1938//2261 205//2261 207//2261
f 1938//2262 207//2262 1937//2262
f 1937//2263 207//2263 208//2263
f 1937//2264 208//2264 1953//2264
f 1953//2265 208//2265 210//2265
f 1953//2266 210//2266 1934//2266
f 1934//2267 210//2267 211//2267
f 1934//2268 211//2268 1933//2268
f 1933//2269 211//2269 213//2269
f 1933//2270 213//2270 214//2270
f 1933//2271 214//2271 1926//2271
f 1926//2272 214//2272 216//2272
f 1926//2273 216//2273 1170//2273
f 1170//2274 216//2274 1237//2274
f 1237//2275 216//2275 217//2275
f 1237//2276 217//2276 219//2276
f 1237//2277 219//2277 1238//2277
f 1238//2278 219//2278 221//2278
f 1238//2279 221//2279 1239//2279
f 1239//2280 221//2280 223//2280
f 1239//2281 223//2281 1240//2281
f 1240//2282 223//2282 224//2282
f 1240//2283 224//2283 1241//2283
f 1241//2284 224//2284 226//2284
f 1241//2285 226//2285 1242//2285
f 1242//2286 226//2286 228//2286
f 1242//2287 228//2287 1243//2287
f 1243//2288 228//2288 229//2288
f 1243//2289 229//2289 1244//2289
f 1244//2290 229//2290 1245//2290
f 1245//2291 229//2291 231//2291
f 1245//2292 231//2292 1246//2292
f 1246//2293 231//2293 232//2293
f 1246//2294 232//2294 1247//2294
f 1247//2295 232//2295 1248//2295
f 1248//2296 232//2296 266//2296
f 1248//2297 266//2297 1249//2297
f 1249//2298 266//2298 268//2298
f 1249//2299 268//2299 1250//2299
f 1250//2300 268//2300 1251//2300
f 1251//2301 268//2301 271//2301
f 1251//2302 271//2302 1252//2302
f 1252//2303 271//2303 1253//2303
f 1253//2304 271//2304 273//2304
f 1253//2305 273//2305 1254//2305
f 1254//2306 273//2306 1255//2306
f 1255//2307 273//2307 274//2307
f 1255//2308 274//2308 1256//2308
f 1256//2309 274//2309 1257//2309
f 1257//2310 274//2310 272//2310
f 1257//2311 272//2311 1258//2311
f 1258//2312 272//2312 1259//2312
f 1259//2313 272//2313 270//2313
f 1259//2314 270//2314 1260//2314
f 1260//2315 270//2315 269//2315
f 1260//2316 269//2316 1261//2316
f 1261//2317 269//2317 267//2317
f 1261//2318 267//2318 1262//2318
f 1262//2319 267//2319 265//2319
f 1262//2320 265//2320 1263//2320
f 1263//2321 265//2321 264//2321
f 1263//2322 264//2322 1264//2322
f 1264//2323 264//2323 234//2323
f 1264//2324 234//2324 1265//2324
f 1265//2325 234//2325 235//2325
f 1265//2326 235//2326 1266//2326
f 1266//2327 235//2327 236//2327
f 1266//2328 236//2328 1267//2328
f 1267//2329 236//2329 237//2329
f 1267//2330 237//2330 238//2330
f 1267//2331 238//2331 1268//2331
f 1268//2332 238//2332 239//2332
f 1268//2333 239//2333 1269//2333
f 1269//2334 239//2334 241//2334
f 1269//2335 241//2335 1270//2335
f 1270//2336 241//2336 242//2336
f 1270//2337 242//2337 1271//2337
f 1271//2338 242//2338 243//2338
f 1271//2339 243//2339 1272//2339
f 1272//2340 243//2340 245//2340
f 1272//2341 245//2341 1273//2341
f 1273//2342 245//2342 246//2342
f 1273//2343 246//2343 1274//2343
f 1274//2344 246//2344 247//2344
f 1274//2345 247//2345 1275//2345
f 1275//2346 247//2346 249//2346
f 1275//2347 249//2347 1276//2347
f 1276//2348 249//2348 250//2348
f 1276//2349 250//2349 1277//2349
f 1277//2350 250//2350 251//2350
f 1277//2351 251//2351 1278//2351
f 1278//2352 251//2352 252//2352
f 1278//2353 252//2353 1279//2353
f 1279//2354 252//2354 253//2354
f 1279//2355 253//2355 1280//2355
f 1280//2356 253//2356 255//2356
f 1280//2357 255//2357 256//2357
f 1280//2357 256//2357 1281//2357
f 1281//2358 256//2358 257//2358
f 1281//2359 257//2359 1282//2359
f 1282//2360 257//2360 1283//2360
f 1283//2361 257//2361 258//2361
f 1283//2362 258//2362 1284//2362
f 1284//2363 258//2363 259//2363
f 1284//2364 259//2364 1285//2364
f 1285//2365 259//2365 260//2365
f 1285//2366 260//2366 1286//2366
f 1286//2367 260//2367 263//2367
f 1286//2368 263//2368 1288//2368
f 1288//2369 263//2369 262//2369
f 1288//2370 262//2370 261//2370
f 1288//2371 261//2371 1287//2371
f 1287//2372 261//2372 254//2372
f 1287//2373 254//2373 863//2373
